x,V,psi_0,density_0,psi_1,density_1,psi_2,density_2,psi_3,density_3,psi_4,density_4,psi_5,density_5
-4.000000000000000000e+00,1.124000000000000000e+03,0.000000000000000000e+00,0.000000000000000000e+00,-0.000000000000000000e+00,0.000000000000000000e+00,-0.000000000000000000e+00,0.000000000000000000e+00,0.000000000000000000e+00,0.000000000000000000e+00,0.000000000000000000e+00,0.000000000000000000e+00,-0.000000000000000000e+00,0.000000000000000000e+00
-3.995999999999999996e+00,1.119208514881280053e+03,2.943245525768780178e-26,8.662694224957943368e-52,-1.597712062887127392e-26,2.552683835895040209e-52,-6.476208768059468546e-26,4.194128000749033730e-51,1.425882422657098734e-25,2.033140683242477221e-50,3.398939559874832779e-25,1.155279013168212181e-49,-8.192851869132325500e-25,6.712282174954504340e-49
-3.991999999999999993e+00,1.114432039060479838e+03,5.991897769498486424e-26,3.590283888012093758e-51,-3.252614534559005989e-26,1.057950131042449907e-51,-1.318350215100521567e-25,1.738047289655591518e-50,2.902520788155462970e-25,8.424626925674610228e-50,6.918463741480233676e-25,4.786514054217667241e-49,-1.667527506197594972e-24,2.780647983925569929e-48
-3.987999999999999989e+00,1.109670541863680000e+03,9.254292661927103471e-26,8.564193267259783029e-51,-5.023485876310294362e-26,2.523541034948900565e-51,-2.035934960898223238e-25,4.145031165007649730e-50,4.482068098575667978e-25,2.008893444026970515e-49,1.068245872618593098e-24,1.141149244366659458e-48,-2.574472222751709185e-24,6.627907225720125522e-48
-3.983999999999999986e+00,1.104923992647680052e+03,1.284542492057624373e-25,1.650049413901611977e-50,-6.972715037351944298e-26,4.861875499211392564e-51,-2.825574885533387257e-25,7.983873433757014537e-50,6.219858300014267979e-25,3.868663727225637720e-49,1.482233472314998123e-24,2.197016066450976206e-48,-3.571662528034513547e-24,1.275677321416589147e-47
-3.979999999999999982e+00,1.100192360800000188e+03,1.689092275306151193e-25,2.853032714498910909e-50,-9.168456762876011865e-26,8.406059941272687862e-51,-3.714790292162928353e-25,1.379966691474793488e-49,8.176306844311625600e-25,6.685199361233713570e-49,1.948152387691069506e-24,3.795297725666415422e-48,-4.693515009646126502e-24,2.202908314577348046e-47
-3.975999999999999979e+00,1.095475615738880151e+03,2.153132759630714874e-25,4.635980680594978212e-50,-1.168695217726347732e-25,1.365848511936435429e-50,-4.734355923023609327e-25,2.241412600586873355e-49,1.041895568984926795e-24,1.085546376670424313e-48,2.482031816094332032e-24,6.160481936104528199e-48,-5.978475919760153903e-24,3.574217432315201887e-47
-3.971999999999999975e+00,1.090773726913279916e+03,2.692682147781523787e-25,7.250537148981319584e-50,-1.461509191488449594e-25,2.136009116805221521e-50,-5.919332060131486847e-25,3.503849203810047525e-49,1.302473043188765443e-24,1.696436028233403730e-48,3.102120682013975919e-24,9.623152725778854953e-48,-7.470296225493265415e-24,5.580532569661892963e-47
-3.967999999999999972e+00,1.086086663802879912e+03,3.326255640264510846e-25,1.106397658439147185e-49,-1.805330546861467867e-25,3.259218383431126541e-50,-7.310226361236053016e-25,5.343940945251050666e-49,1.608248279233878926e-24,2.586462527658732645e-48,3.829488589105445778e-24,1.466498285408881727e-47,-9.219466486285838568e-24,8.499856229174774398e-47
-3.963999999999999968e+00,1.081414395918080118e+03,4.075475692622541166e-25,1.660950212115718183e-49,-2.211886949878360670e-25,4.892443879042197308e-50,-8.954323590578883365e-25,8.017991096479750019e-49,1.969589956517558647e-24,3.879284596814838446e-48,4.688713075667460636e-24,2.198403030593502066e-47,-1.128485695946133797e-23,1.273479965955029890e-46
-3.959999999999999964e+00,1.076756892799999832e+03,4.965778916860354790e-25,2.465896025113479781e-49,-2.694973980914286186e-25,7.262884757804995421e-50,-1.090722517601436973e-24,1.189675610402817016e-48,2.398686949210125766e-24,5.753699080310980318e-48,5.708674701301100899e-24,3.258896684527521180e-47,-1.373561408623467920e-23,1.886670943259685311e-46
-3.955999999999999961e+00,1.072114124020479949e+03,6.027241752434923021e-25,3.632764314229479920e-49,-3.270902685674743888e-25,1.069880437915425317e-49,-1.323464657131373154e-24,1.751558698675863201e-48,2.909941269555032668e-24,8.467758192259555623e-48,6.923484574778079314e-24,4.793463865719000402e-47,-1.665337179970910207e-23,2.773347922993463731e-46
-3.951999999999999957e+00,1.067486059182079998e+03,7.295550496396720050e-25,5.322505704547442805e-49,-3.959025341967065275e-25,1.567388165833743731e-49,-1.601452788379100226e-24,2.564651033407195294e-48,3.520429356650259677e-24,1.239342285516496063e-47,8.373572745818873205e-24,7.011672052952062272e-47,-2.013484511210002484e-23,4.054119876882582927e-46
-3.947999999999999954e+00,1.062872667918079742e+03,8.813145503996188040e-25,7.767153367460822175e-49,-4.782355590478577108e-25,2.287092499378169951e-49,-1.933952234297501405e-24,3.740171244544297787e-48,4.250445782667777859e-24,1.806628935139829862e-47,1.010697052760744761e-23,1.021508532459255613e-46,-2.429488441809365600e-23,5.902414088885299083e-46
-3.943999999999999950e+00,1.058273919892479853e+03,1.063057446514243582e-24,1.130091134589383820e-48,-5.768301835842536087e-25,3.327330606938437321e-49,-2.331993818231538396e-24,5.438195168270109418e-48,5.124145839223766166e-24,2.625687058163423520e-47,1.218082541685168269e-23,1.483725078358199685e-46,-2.927008218726117440e-23,8.567377112490239008e-46
-3.939999999999999947e+00,1.053689784800000098e+03,1.280809576765204780e-24,1.640473171933463145e-48,-6.949536129830300991e-25,4.829605241981672078e-49,-2.808722268151087882e-24,7.888920779607791131e-48,6.170306330608191342e-24,3.807268021354352352e-47,1.466319398478940182e-23,2.150092578355641122e-46,-3.522303956506053583e-23,1.240662516201819865e-45
-3.935999999999999943e+00,1.049120232366080018e+03,1.541758024223624246e-24,2.377017805257933429e-48,-8.365024691901032901e-25,6.997363809611397184e-49,-3.379809283033684684e-24,1.142311078968067045e-47,7.423227315429364454e-24,5.510430377653664844e-47,1.763516610655819944e-23,3.109990836058990891e-46,-4.234741928398093586e-23,1.793303920013280377e-45
-3.931999999999999940e+00,1.044565232346879839e+03,1.854476824569874531e-24,3.439084292866764966e-48,-1.006125091125118953e-24,1.012287698991528879e-48,-4.063943575287812734e-24,1.651563738312309121e-47,8.923801596400093414e-24,7.963423493191285922e-47,2.119338339317889327e-23,4.491594996502709332e-46,-5.087393370969178479e-23,2.588157131098114055e-45
-3.927999999999999936e+00,1.040024754529280017e+03,2.229194931403330551e-24,4.969310042194299793e-48,-1.209366723669523710e-24,1.462567872319158131e-48,-4.883412418037309260e-24,2.384771684464099923e-47,1.072078356914407534e-23,1.149352003364295704e-46,2.545302594537902500e-23,6.478565297761378464e-46,-6.107744341113372038e-23,3.730454093640242216e-45
-3.923999999999999932e+00,1.035498768730880101e+03,2.678114378532253885e-24,7.172296624501200326e-48,-1.452841894725687219e-24,2.110749571070124958e-48,-5.864791848023257858e-24,3.439578342064005997e-47,1.287229473463258207e-23,1.656959717352497060e-46,3.055135486326400527e-23,9.333852839810851713e-46,-7.328537305631822586e-23,5.370745904003733350e-45
-3.919999999999999929e+00,1.030987244799999871e+03,3.215788018305899735e-24,1.034129257867978566e-47,-1.744439058548494102e-24,3.043067628989556357e-48,-7.039765774435597478e-24,4.955830215891482694e-47,1.544760990896495314e-23,2.386286518995522096e-46,3.665191367594720714e-23,1.343362776109085855e-45,-8.788768853122894757e-23,7.724245795362311712e-45
-3.915999999999999925e+00,1.026490152615679790e+03,3.859567915178942022e-24,1.489626449187872400e-47,-2.093563503711204561e-24,4.383008144071534954e-48,-8.446097904287554453e-24,7.133656980881061562e-47,1.852927610849503418e-23,3.433340731048448803e-46,4.394951041890400340e-23,1.931559466061351698e-45,-1.053487229383838978e-22,1.109835342474837343e-44
-3.911999999999999922e+00,1.022007462087680096e+03,4.630137480519932535e-24,2.143817308851546941e-47,-2.511425610156652395e-24,6.307258595350713714e-48,-1.012878471370960366e-23,1.025922797766773318e-46,2.221562545909887680e-23,4.935340145389622063e-46,5.267612397533167301e-23,2.774774037064512369e-45,-1.262211907059357010e-22,1.593178898322418806e-44
-3.907999999999999918e+00,1.017539143156480009e+03,5.552142801806322192e-24,3.082628969164975791e-47,-3.011382820797782634e-24,9.068426493396009852e-48,-1.214142278651446562e-23,1.474141472808926832e-46,2.662375452375294821e-23,7.088243049410555856e-46,6.310790408771400096e-23,3.982607558344109607e-45,-1.511627897784177175e-22,2.285018901359410920e-44
-3.903999999999999915e+00,1.013085165793279998e+03,6.654941409721165168e-24,4.428824516682152467e-47,-3.609345203099649967e-24,1.302737279513845378e-47,-1.454782984119880587e-23,2.116393530884744727e-46,3.189305545351464529e-23,1.017166986160960318e-45,7.557346481304537960e-23,5.711348583848608078e-45,-1.809558633492949948e-22,3.274502448048872573e-44
-3.899999999999999911e+00,1.008645499999999856e+03,7.973490014095907803e-24,6.357654300488716437e-47,-4.324256254911671177e-24,1.869919215814271276e-47,-1.742396583303577558e-23,3.035945853507980779e-46,3.818939968448867237e-23,1.458430248261623550e-45,9.046370693164443537e-23,8.183682271814453273e-45,-2.165306766869068593e-22,4.688553394648978928e-44
-3.895999999999999908e+00,1.004220115809279946e+03,9.549396610651982355e-24,9.119097562753155939e-47,-5.178662703306217834e-24,2.681854739461486191e-47,-2.086020883399685286e-23,4.351483125979603378e-46,4.571009292684591024e-23,2.089412595380888534e-45,1.082434468522829725e-22,1.171664378646300765e-44,-2.589929634682145891e-22,6.707735512604793948e-44
-3.891999999999999904e+00,9.998089832844798366e+02,1.143216691644115277e-23,1.306944404053716225e-46,-6.199389510118094101e-24,3.843243029816226220e-47,-2.496405017645190873e-23,6.232038012124085668e-46,5.468974138898674990e-23,2.990967813194250582e-45,1.294651789702429923e-22,1.676123256579704934e-44,-3.096565122056926084e-22,9.588715555139425846e-44
-3.887999999999999901e+00,9.954120725196798958e+02,1.368068045144770495e-23,1.871610176146233731e-46,-7.418339197428701310e-24,5.503175644810710744e-47,-2.986328485033932771e-23,8.918157820525063659e-46,6.540719409751647010e-23,4.278101039710193353e-45,1.547853564984613855e-22,2.395850658635578098e-44,-3.700816997967754110e-22,1.369604645244706071e-43
-3.883999999999999897e+00,9.910293536396798117e+02,1.636493788587912384e-23,2.678111920086818811e-46,-8.873438015477489152e-24,7.873790221452108082e-47,-3.570978666418466697e-23,1.275188863601581073e-45,7.819375545146346785e-23,6.114263391603272814e-45,1.849836439878731275e-22,3.421894854303218742e-44,-4.421210394064828423e-22,1.954710134858687485e-43
-3.879999999999999893e+00,9.866607967999998436e+02,1.956812867968912806e-23,3.829116600248721871e-46,-1.060975548222612449e-23,1.125669113926272985e-46,-4.268397356452617051e-23,1.821921599257169011e-45,9.344289653472058685e-23,8.731574912798496796e-45,2.209856748136718439e-22,4.883466847285391904e-44,-5.279729978570668296e-22,2.787554864661783063e-43
-3.875999999999999890e+00,9.823063721868797984e+02,2.338907674278209175e-23,5.470489108797501510e-46,-1.268082853071000381e-23,1.608034122252688410e-46,-5.100008716095363018e-23,2.601008890424867239e-45,1.116217340773887876e-22,1.245941151844329698e-44,2.638899408522366373e-22,6.963790088299694824e-44,-6.302455581647024990e-22,3.972094635863373881e-43
-3.871999999999999886e+00,9.779660500172800539e+02,2.794513206310354330e-23,7.809304060242977662e-46,-1.515022702735363666e-23,2.295293789803565914e-46,-6.091243239812398066e-23,3.710324420656023784e-45,1.332845933243747677e-22,1.776478281764396761e-44,3.149995517698741192e-22,9.922471761522160281e-44,-7.520312613398593264e-22,5.655510180324198299e-43
-3.867999999999999883e+00,9.736398005388798538e+02,3.337558824470355024e-23,1.113929890679993753e-45,-1.809340391172530346e-23,3.273712651128365241e-46,-7.272274900407391452e-23,5.288598222709533716e-45,1.590890266285463534e-22,2.530931839361832960e-44,3.758597305436821762e-22,1.412705370443693750e-43,-8.969957644771426414e-22,8.046014014899334932e-43
-3.863999999999999879e+00,9.693275940300800357e+02,3.984571997159648841e-23,1.587681400054883172e-45,-2.159988081935902005e-23,4.665548514105136560e-46,-8.678891647044497340e-23,7.532316022113875224e-45,1.898147247246510772e-22,3.602962972229506334e-44,4.483020632487461037e-22,2.009747399130827428e-43,-1.069482306987399939e-21,1.143792404959091121e-42
-3.859999999999999876e+00,9.650294007999999621e+02,4.755155091913987621e-23,2.261149994815552540e-45,-2.577582897519629527e-23,6.643933593585689174e-46,-1.035352296367306694e-22,1.071954377593055256e-44,2.263858339784326112e-22,5.125054582611045769e-44,5.344966985184616935e-22,2.856867207271353378e-43,-1.274634892290326642e-21,1.624694108643972462e-42
-3.855999999999999872e+00,9.607451911884796800e+02,5.672548198487543660e-23,3.217780306416427833e-45,-3.074711560860053088e-23,9.453851182486463353e-46,-1.234645233340158555e-22,1.524348852209574591e-44,2.698972823305225858e-22,7.284454300940182093e-44,6.370138997781103413e-22,4.057867085105163722e-43,-1.518543478544994548e-21,2.305974296231532417e-42
-3.851999999999999869e+00,9.564749355660796937e+02,6.764293238592196042e-23,4.575566301766410120e-45,-3.666289840144448943e-23,1.344168119194640854e-45,-1.471724730156590272e-22,2.165973681354488536e-44,3.216458213659960020e-22,1.034560344022062105e-43,7.588965964459183246e-22,5.759240440971989839e-43,-1.808415040869466362e-21,3.270364960042913942e-42
-3.847999999999999865e+00,9.522186043340798278e+02,8.063017273025664991e-23,6.501224754511023332e-45,-4.369986484110775702e-23,1.909678187131085758e-45,-1.753644550532953571e-22,3.075269209613924842e-44,3.831666144992367392e-22,1.468166544668066980e-43,9.037458647042889551e-22,8.167565879701028836e-43,-2.152775032742404516e-21,4.634440341599061094e-42
-3.843999999999999861e+00,9.479761679244799097e+02,9.607356026720722586e-23,9.230128982416698793e-45,-5.206723016291965907e-23,2.710996456838450631e-45,-2.088754167925318663e-22,4.362893974025390171e-44,4.562763446515518240e-22,2.081881026885817098e-43,1.075821601047607750e-21,1.157392117280638073e-42,-2.561704551884429680e-21,6.562330211145406128e-42
-3.839999999999999858e+00,9.437475967999999966e+02,1.144304229182376560e-22,1.309432168924672868e-44,-6.201262724220837924e-23,3.845565937481084876e-45,-2.486932841571813128e-22,6.184834958488452521e-44,5.431239824851885099e-22,2.949836603505713681e-43,1.280161040614975371e-21,1.638812289908416597e-42,-3.047119424478876626e-21,9.284936787036479910e-42
-3.835999999999999854e+00,9.395328614540799208e+02,1.362418812673737528e-22,1.856185021127316673e-44,-7.382904481255793582e-23,5.450727857934688047e-45,-2.959865254410200735e-22,8.760802324264762377e-44,6.462505522772768818e-22,4.176397763186853514e-43,1.522718226620425485e-21,2.318670797682053596e-42,-3.623098482716223180e-21,1.312684261546059751e-41
-3.831999999999999851e+00,9.353319324108798583e+02,1.621479474808165357e-22,2.629195687224163749e-44,-8.786299730014841342e-23,7.719906294565887658e-45,-3.521365961149726114e-22,1.240001823234393364e-43,7.686594615621026232e-22,5.908373678489415235e-43,1.810528067811498945e-21,3.278011884333239958e-42,-4.306269549428123260e-21,1.854395743233189073e-41
-3.827999999999999847e+00,9.311447802252798738e+02,1.929052983247321460e-22,3.721245412175390643e-44,-1.045241410207974226e-22,1.092529605613554605e-44,-4.187761135431594873e-22,1.753734332743132156e-43,9.138992281917828473e-22,8.352117992895363936e-43,2.151899240378093774e-21,4.630670340739816742e-42,-5.116263089149195877e-21,2.617614799739047452e-41
-3.823999999999999844e+00,9.269713754828798074e+02,2.294081874508240381e-22,5.262811646947242081e-44,-1.242965882382415403e-22,1.544964184766696643e-44,-4.978337553923066888e-22,2.478384480080070567e-43,1.086160750796686829e-21,1.179745176571222361e-42,2.556640913678614605e-21,6.536412761495420772e-42,-6.076245171115829318e-21,3.692075537950843394e-41
-3.819999999999999840e+00,9.228116887999999562e+02,2.727130415386202368e-22,7.437240302524520656e-44,-1.477522135027701304e-22,2.183071659496816835e-44,-5.915870446607107936e-22,3.499752314103938225e-43,1.290391633120735525e-21,1.665110566827998969e-42,3.036329122472069268e-21,9.219294539972006387e-42,-7.213543355697341689e-21,5.203520774452526889e-41
-3.815999999999999837e+00,9.186656908236799381e+02,3.240673776003235596e-22,1.050196652247507011e-43,-1.755662967930870341e-22,3.082352456963832445e-44,-7.027243816217791543e-22,4.938215565257118942e-43,1.532430497896861349e-21,2.348343230884422307e-42,3.604619591673850404e-21,1.299328240067895532e-41,-8.560381407025103136e-21,7.328012983374107946e-41
-3.811999999999999833e+00,9.145333522316799417e+02,3.849437869500987199e-22,1.481817191114830011e-43,-2.085359064491010584e-22,4.348722427854822746e-44,-8.344179131877915800e-22,6.962532538486688650e-43,1.819164721714463089e-21,3.309360284730460249e-42,4.277614965752861017e-21,1.829798979523285093e-41,-1.015474140383629694e-20,1.031187729787871705e-40
-3.807999999999999829e+00,9.104146437324798171e+02,4.570798575466539994e-22,2.089219961748695288e-43,-2.476014930761578795e-22,6.130649937354265591e-44,-9.904090986049098957e-22,9.809101825993901788e-43,2.158715600193723621e-21,4.660053042519748667e-42,5.074295730142114361e-21,2.574847715693849133e-41,-1.204137492882702014e-20,1.449947101765839248e-40
-3.803999999999999826e+00,9.063095360652798718e+02,5.425250535730602589e-22,2.943334337544519139e-43,-2.938722451076615887e-22,8.636089644461752978e-44,-1.175109143197333826e-21,1.380881498425972012e-42,2.560655626027767534e-21,6.556957235107658609e-42,6.017025667011327162e-21,3.620459787747310908e-41,-1.427298863480278165e-20,2.037182045692093753e-40
-3.799999999999999822e+00,9.022179999999998472e+02,6.436957426268525471e-22,4.143442090759351959e-43,-3.486558493716662879e-22,1.215609013010780425e-43,-1.393716836280420262e-21,1.942446619731503724e-42,3.036263346499846104e-21,9.218895109298444180e-42,7.132144497846833700e-21,5.086748513816686547e-41,-1.691163369544098887e-20,2.860033542487750533e-40
-3.795999999999999819e+00,8.981400063372797149e+02,7.634397607043620939e-22,5.828402682243336908e-43,-4.134934079487752481e-22,1.709767984170922771e-43,-1.652356753693314446e-21,2.730282841475908650e-42,3.598822179783684399e-21,1.295152108170299074e-41,8.450662471477380289e-21,7.141369620683618017e-41,-2.003033354419853101e-20,4.012142618918449125e-40
-3.791999999999999815e+00,8.940755259084799036e+02,9.051121378498480362e-22,8.192279820831223629e-43,-4.902003883023123203e-22,2.402964206917377605e-43,-1.958241279311730744e-21,3.834708908000443589e-42,4.263970631359454455e-21,1.818144554509594494e-41,1.000907410588570613e-20,1.001815644571117476e-40,-2.371498999627571636e-20,5.624007505234572860e-40
-3.787999999999999812e+00,8.900245295756797077e+02,1.072663878199492665e-21,1.150607795593975999e-42,-5.809146299661053529e-22,3.374618073086571156e-43,-2.319860474561573758e-21,5.381752621433049911e-42,5.050112587141562175e-21,2.550363714280564199e-41,1.185031114018989999e-20,1.404298741193088515e-40,-2.806661446212450319e-20,7.877348473655363280e-40
-3.783999999999999808e+00,8.859869882316799021e+02,1.270746003314736868e-21,1.614795404940377261e-42,-6.881526012996055656e-22,4.735540026754139068e-43,-2.747204493288705966e-21,7.547132527945655963e-42,5.978897796079340187e-21,3.574721885596238948e-41,1.402485806295775639e-20,1.966966436861111960e-40,-3.320393864297269297e-20,1.102501541406295348e-39
-3.779999999999999805e+00,8.819628727999999001e+02,1.504831434264406928e-21,2.264517645550272189e-42,-8.148752977934481017e-22,6.640217509539606916e-43,-3.252024016296950796e-21,1.057566020257215086e-41,7.075784324038211797e-21,5.006672380030488975e-41,1.659205742778623223e-20,2.752963696869562770e-40,-3.926646801809003276e-20,1.541855510615687333e-39
-3.775999999999999801e+00,8.779521542348797993e+02,1.781357714087638934e-21,3.173235305539538296e-42,-9.645654035593501055e-22,9.303864177436119680e-43,-3.848135082725256394e-21,1.480814361490091473e-41,8.370696699654455663e-21,7.006856323760599404e-41,1.962163663145072863e-20,3.850086240966890984e-40,-4.641805178499133729e-20,2.154635531514137457e-39
-3.771999999999999797e+00,8.739548035212799277e+02,2.107894067538359353e-21,4.443217399963409276e-42,-1.141317605086003282e-21,1.302605875679250141e-42,-4.551775744163366773e-21,2.071866242515397240e-41,9.898795724272379708e-21,9.798615679087315064e-41,2.319549301159876140e-20,5.380308960511269525e-40,-5.485105492241154336e-20,3.008638226101407565e-39
-3.767999999999999794e+00,8.699707916748798198e+02,2.493336870342532783e-21,6.216728749009495953e-42,-1.349944257003359740e-21,1.822349497016352963e-42,-5.382023185066847448e-21,2.896617356459709536e-41,1.170137853131130620e-20,1.369222595330331335e-40,2.740978013267648979e-20,7.512960469216668152e-40,-6.479123197117517044e-20,4.197903740342631550e-39
-3.763999999999999790e+00,8.660000897420795809e+02,2.948138268258633070e-21,8.691519248771011467e-42,-1.596098960304947415e-21,2.547531891086534130e-42,-6.361281366254840490e-21,4.046590062066105141e-41,1.382693051236252270e-20,1.911840073937017530e-40,3.237734510059685277e-20,1.048292475763142988e-39,-7.650341826918270757e-20,5.852773006869518239e-39
-3.759999999999999787e+00,8.620426687999997739e+02,3.484573461646154225e-21,1.214225220960866275e-41,-1.886421032121486945e-21,3.558584310430296364e-42,-7.515850887787866174e-21,5.648801456746165599e-41,1.633235424361640526e-20,2.667457951389747849e-40,3.823057482855957979e-20,1.461576851722093357e-39,-9.029817307842569375e-20,8.153760061301322945e-39
-3.756000000000000227e+00,8.580984999564801683e+02,4.117053070898134895e-21,1.695012598859176405e-41,-2.228704331824949710e-21,4.967122998695295335e-42,-8.876594668777998425e-21,7.879393291377798162e-41,1.928440462255273273e-20,3.718882616463332237e-40,4.512471854127606465e-20,2.036240223429383865e-39,-1.065395307013886171e-19,1.135067160207212735e-38
-3.751999999999999780e+00,8.541675543500797403e+02,4.862488041457887708e-21,2.364378995332096290e-41,-2.632094471474894170e-21,6.927921306768702562e-42,-1.047971524555622767e-20,1.098244316279436151e-40,2.276136414843390655e-20,5.180796978976123558e-40,5.324176465178962005e-20,2.834685503236554545e-39,-1.256540407587300784e-19,1.578893795899659880e-38
-3.748000000000000220e+00,8.502498031500801972e+02,5.740715756677862537e-21,3.295581739896948466e-41,-3.107319091511625079e-21,9.655431936472630422e-42,-1.236766204322547973e-20,1.529590644154402484e-40,2.685499775153815204e-20,7.211909042351192300e-40,6.279496270346063320e-20,3.943207340929012229e-39,-1.481413078161269031e-19,2.194584708147246127e-38
-3.743999999999999773e+00,8.463452175564797244e+02,6.774997428380437458e-21,4.590059015456154061e-41,-3.666956639115573644e-21,1.344657099315378448e-41,-1.459018993324239483e-20,2.128736422880877258e-40,3.167283291102318584e-20,1.003168344609593420e-39,7.403409560351243071e-20,5.481047311830018899e-39,-1.745862741111943540e-19,3.048036710802908942e-38
-3.740000000000000213e+00,8.424537688000003754e+02,7.992598458478749241e-21,6.388163011847687545e-41,-4.325749962875826424e-21,1.871211274132021407e-41,-1.720559381380600874e-20,2.960324584856795766e-40,3.734081813308798927e-20,1.394336698848352856e-39,8.725162418757910620e-20,7.612845923370539489e-39,-2.056735279378682415e-19,4.230160009440906809e-38
-3.735999999999999766e+00,8.385754281420797724e+02,9.425465344769733533e-21,8.883939696545523045e-41,-5.100972051869302579e-21,2.601991587395172130e-41,-2.028214791244277109e-20,4.113655239422066612e-40,4.400642134305519301e-20,1.936565119422503729e-39,1.027898455963398835e-19,1.056575235771939327e-38,-2.422039650960623345e-19,5.866276070825458004e-38
-3.732000000000000206e+00,8.347101668748802012e+02,1.111101487957819159e-20,1.234546516542079701e-40,-6.012852421272749144e-21,3.615439424000556066e-41,-2.389978309406011938e-20,5.711996319431219048e-40,5.184223955351862062e-20,2.687617801924410618e-39,1.210492294172252868e-19,1.465291594250403844e-38,-2.851141826285779668e-19,8.129009713596210962e-38
-3.727999999999999758e+00,8.308579563212796302e+02,1.309305390683111227e-20,1.714280606071854431e-40,-7.085074004753672791e-21,5.019827365283625010e-41,-2.815204075812181217e-20,7.925373988469517481e-40,6.105020250859160622e-20,3.727127226340044723e-39,1.424981215079078338e-19,2.030571463328246419e-38,-3.354990439015169637e-19,1.125596084588320049e-37
-3.724000000000000199e+00,8.270187678348802365e+02,1.542285081373857131e-20,2.378643272228365208e-40,-8.345351984340694512e-21,6.964489974253917186e-41,-3.314834803495556492e-20,1.098812977446542412e-39,7.186646610461887392e-20,5.164788950366333720e-39,1.676840354040289100e-19,2.811793572937961877e-38,-3.946379231515534113e-19,1.557390903893713810e-37
-3.719999999999999751e+00,8.231925727999997662e+02,1.816038329775846685e-20,3.297995215215046931e-40,-9.826107803712435364e-21,9.655239457017841536e-41,-3.901666606934728567e-20,1.522300231166955756e-39,8.456710651821598429e-20,7.151595504863287976e-39,1.972467858301091852e-19,3.890629452030896028e-38,-4.640252173149832053e-19,2.153194023042173843e-37
-3.716000000000000192e+00,8.193793426316801742e+02,2.137579083712537252e-20,4.569244339125330169e-40,-1.156525370816371859e-20,1.337550933341946414e-40,-4.590657135402185648e-20,2.107413293481899992e-39,9.947474344061011965e-20,9.895224582575206244e-39,2.319337587784808755e-19,5.379326846111455579e-38,-5.454058048656993615e-19,2.974674919812013319e-37
-3.711999999999999744e+00,8.155790487756795528e+02,2.515106478342619471e-20,6.325760597401013074e-40,-1.360710557675388627e-20,1.851533221769267278e-40,-5.399283951229192344e-20,2.915226718600111988e-39,1.169662409758388130e-19,1.368110152801799516e-38,2.726176586978504079e-19,7.432038783389765704e-38,-6.408162373522762614e-19,4.106454500543289020e-37
-3.708000000000000185e+00,8.117916627084802030e+02,2.958201417879885649e-20,8.750955628746565567e-40,-1.600344460851213588e-20,2.561102393377161540e-40,-6.347961181851745537e-20,4.029661116629661014e-39,1.374816580142619103e-19,1.890120629035046723e-38,3.203171264597959743e-19,1.026030615034609185e-37,-7.526325714355466281e-19,5.664557875856831771e-37
-3.704000000000000181e+00,8.080171559372802221e+02,3.478055138310683048e-20,1.209686754512934483e-39,-1.881475165153764820e-20,3.539948797090386411e-40,-7.460523730554392743e-20,5.565941433416523566e-39,1.615346467063280982e-19,2.609344208653823503e-38,3.762206830015629924e-19,1.415420023181625476e-37,-8.836258898901168067e-19,7.807947132841009045e-37
-3.700000000000000178e+00,8.042555000000002110e+02,4.087734849813892486e-20,1.670957620238300605e-39,-2.211164168617500526e-20,4.889246980577922604e-40,-8.764789779052104135e-20,7.682153987097622780e-39,1.897245285668152288e-19,3.599539673990028774e-38,4.417145240838877839e-19,1.951117207866554958e-37,-1.037026721997351072e-18,1.075424422136571260e-36
-3.696000000000000174e+00,8.005066664652802046e+02,4.802492353440200545e-20,2.306393280485159686e-39,-2.597653026546658692e-20,6.747801246327015629e-40,-1.029321398416364242e-19,1.059502541237819690e-38,2.227503133466533161e-19,4.961770209603223810e-38,5.184147728354838329e-19,2.687538766940663204e-37,-1.216599760172399187e-18,1.480114976451539150e-36
-3.692000000000000171e+00,7.967706269324801269e+02,5.640122443950900965e-20,3.181098118275868250e-39,-3.050556866295590693e-20,9.305897194503174412e-40,-1.208364569373875299e-19,1.460144932518111192e-38,2.614269668163917960e-19,6.834405897881881783e-38,6.082048902635820213e-19,3.699131885405358553e-37,-1.426730484136459233e-18,2.035559874364255390e-36
-3.688000000000000167e+00,7.930473530316800179e+02,6.621378967668325213e-20,4.384265943348045873e-39,-3.581089017723408382e-20,1.282419855285920562e-39,-1.418020872139235459e-19,2.010783193822518032e-38,3.067042808120218185e-19,9.406751586841954403e-38,7.132790515031174006e-19,5.087670053131868185e-37,-1.672525550587555047e-18,2.797341717368204270e-36
-3.684000000000000163e+00,7.893368164236799203e+02,7.770457621502615188e-20,6.038001164756808405e-39,-4.202321660616923604e-20,1.765950733929017787e-39,-1.663432176861604966e-19,2.767006607018538017e-38,3.596887532152930049e-19,1.293759991895719551e-37,8.361924193266680885e-19,6.992177621393862785e-37,-1.959929089848139375e-18,3.841322037232956206e-36
-3.680000000000000160e+00,7.856389888000001065e+02,9.115555980753769349e-20,8.309336083825581942e-39,-4.929488145951667012e-20,2.429985338107800477e-39,-1.950588151585128237e-19,3.804794137104287265e-38,4.216689480236257028e-19,1.778047017273511477e-37,9.799193887107502198e-19,9.602420083712504166e-37,-2.295857376756882271e-18,5.270961094408993151e-36
-3.676000000000000156e+00,7.819538418828802833e+02,1.068952285603869894e-19,1.142658988897737420e-38,-5.780333517303887112e-20,3.341225557126672628e-39,-2.286463377759235625e-19,5.227914777834172647e-38,4.941448775060909984e-19,2.441791599655096953e-37,1.147921039757247083e-18,1.317722713517359321e-36,-2.688354717270907168e-18,7.227251085872739404e-36
-3.672000000000000153e+00,7.782813474252799324e+02,1.253061093487165186e-19,1.570162104011250126e-38,-6.775520758791417276e-20,4.590768155281342615e-39,-2.679176199510995399e-19,7.177985108026181316e-38,5.788620310096373524e-19,3.350812509446023694e-37,1.344223224092450240e-18,1.806936076189501706e-36,-3.146773821869819297e-18,9.902185486005189226e-36
-3.668000000000000149e+00,7.746214772108801299e+02,1.468334879661048492e-19,2.156007318829225750e-38,-7.939101445766088352e-20,6.302933176616519476e-39,-3.138172679774129653e-19,9.848127768080742793e-38,6.778507698365850407e-19,4.594816661680509587e-37,1.573506925539563020e-18,2.475924044720968036e-36,-3.681984429910747025e-18,1.355700934210516853e-35
-3.664000000000000146e+00,7.709742030540800215e+02,1.719955084133853706e-19,2.958245491437891551e-38,-9.299060796002371571e-20,8.647253168774825815e-39,-3.674439548418495530e-19,1.350150599498191635e-37,7.934719165450160971e-19,6.295976823456210134e-37,1.841212783411593709e-18,3.390064513798268367e-36,-4.306614514707059450e-18,1.854692857828552174e-35
-3.660000000000000142e+00,7.673394968000002336e+02,2.013948649024859379e-19,4.055989160909056464e-38,-1.088794863734359634e-19,1.185474255294322782e-38,-4.300750615513356545e-19,1.849645585683851592e-37,9.284694920651944095e-19,8.620555976958000300e-37,2.153661950795777495e-18,4.638259798305473953e-36,-5.035329047705529110e-18,2.535453861866706923e-35
-3.656000000000000139e+00,7.637173303244800309e+02,2.357323325030184716e-19,5.556973258731365423e-38,-1.274360955124921770e-19,1.623995843946902771e-38,-5.031951797775987860e-19,2.532053889514099616e-37,1.086031697501919919e-18,1.179464847978901760e-36,2.518195785938470955e-18,6.341310016318273702e-36,-5.885152043584787287e-18,3.463501457611019754e-35
-3.652000000000000135e+00,7.601076755340801583e+02,2.758224194993737585e-19,7.607800709848851455e-38,-1.491002745304878384e-19,2.223089186506684021e-38,-5.885290680641353065e-19,3.463664639564396265e-37,1.269861402055688480e-18,1.612547980430839011e-36,2.943337248264542489e-18,8.663234157021488641e-36,-6.875838459911617716e-18,4.727715452679976735e-35
-3.648000000000000131e+00,7.565105043660799993e+02,3.226114671454577923e-19,1.040781587337447951e-37,-1.743830216616610804e-19,3.040943824385135779e-38,-6.880797426537176898e-19,4.734537322504064033e-37,1.484257587166920808e-18,2.203020585062569428e-36,3.438977298483970449e-18,1.182656485948810706e-35,-8.030303500565425457e-18,6.448577431119332650e-35
-3.644000000000000128e+00,7.529257887884800766e+02,3.771985713915933873e-19,1.422787622598589833e-37,-2.038777818157824557e-19,4.156614991812379297e-38,-8.041724858162204170e-19,6.466933869438392085e-37,1.734209413211223774e-18,3.007482288870417110e-36,4.016590092402723836e-18,1.613299597038772265e-35,-9.375117988998058146e-18,8.789283730763499815e-35
-3.640000000000000124e+00,7.493535008000002335e+02,4.408597572127478543e-19,1.943573255296829727e-37,-2.382734881371355146e-19,5.677425514903766247e-38,-9.395056712418060304e-19,8.826709062955164441e-37,2.025504822772596193e-18,4.102669787075046312e-36,4.689481319290185281e-18,2.199123504397161763e-35,-1.094107975547189491e-17,1.197072262155969438e-34
-3.636000000000000121e+00,7.457936124300800884e+02,5.150759004140010744e-19,2.653031831872939386e-37,-2.783696242502393214e-19,7.748964770521942362e-38,-1.097209439729455676e-18,1.203868554631425968e-36,2.364855878162222700e-18,5.592543324478417171e-36,5.473074678004216771e-18,2.995454643101095855e-35,-1.276387244438682908e-17,1.629164397765774019e-34
-3.632000000000000117e+00,7.422460957388801717e+02,6.015649653956564931e-19,3.618804075914773801e-37,-3.250936135641680512e-19,1.056858575802086272e-37,-1.280913411454306744e-18,1.640739167643509960e-36,2.760043355516488953e-18,7.617839324330719634e-36,6.385242218960764213e-18,4.077131819479898204e-35,-1.488482481943930496e-17,2.215580099053963174e-34
-3.628000000000000114e+00,7.387109228172799931e+02,7.023192116562488311e-19,4.932522750614548494e-37,-3.795208874114338040e-19,1.440361039815622082e-37,-1.494824796280839573e-18,2.234501171576053586e-36,3.220083489282200895e-18,1.036893767794783378e-35,7.446685120446270728e-18,5.545311928307589180e-35,-1.735178555494073904e-17,3.010844619446501074e-34
-3.624000000000000110e+00,7.351880657868799744e+02,8.196481183104678605e-19,6.718230378498907192e-37,-4.428980357704110480e-19,1.961586700892883102e-37,-1.743818464021413567e-18,3.040902835462002117e-36,3.755420185755983509e-18,1.410318077158350547e-35,8.681372428469408243e-18,7.536622724178883470e-35,-2.022013068442077806e-17,4.088536848950547036e-34
-3.620000000000000107e+00,7.316774968000000854e+02,9.562278863228324121e-19,9.143717705814317211e-37,-5.166695037886396738e-19,2.669473761451991496e-37,-2.033540765767498460e-18,4.135288046038263949e-36,4.378146510063555054e-18,1.916816686358168711e-35,1.011704638710360656e-17,1.023546275988061415e-34,-2.355392337041772565e-17,5.547873061395103394e-34
-3.616000000000000103e+00,7.281791880396801844e+02,1.115158504465533280e-18,1.243578490081804851e-36,-6.025083653416694496e-19,3.630163303066906284e-37,-2.370529159475330505e-18,5.619408495922817170e-36,5.102259806036218449e-18,2.603305512829275176e-35,1.178580424012618006e-17,1.389051815865762404e-34,-2.742724850496989780e-17,7.522539605533735329e-34
-3.612000000000000099e+00,7.246931117196801324e+02,1.300029509427011714e-18,1.690076725381036655e-36,-7.023517826261331920e-19,4.932980265581070826e-37,-2.762349992448738936e-18,7.630577480781548021e-36,5.943955442512271013e-18,3.533060630257124899e-35,1.372476781632873406e-17,1.883692516121330104e-34,-3.192574789738119013e-17,1.019253378807139566e-33
-3.608000000000000096e+00,7.212192400844799067e+02,1.514995735557139138e-18,2.295212078756316909e-36,-8.184418496574657301e-19,6.698470612707336981e-37,-3.217757135431246674e-18,1.035396098261870211e-35,6.921964903610588192e-18,4.791359812681673885e-35,1.597685384468105409e-17,2.552598587742997891e-34,-3.714838550946381215e-17,1.380002545959740947e-33
-3.604000000000000092e+00,7.177575454092800555e+02,1.764864538309883299e-18,3.114746838583757413e-36,-9.533726190680109190e-19,9.089193507885987094e-37,-3.746874553602284033e-18,1.403906892043231415e-35,8.057944766918344119e-18,6.493047386670672471e-35,1.859165980939017464e-17,3.456498144680939076e-34,-4.320947642113431300e-17,1.867058852588562155e-33
-3.600000000000000089e+00,7.143080000000001064e+02,2.055196190799057024e-18,4.223831382674953890e-36,-1.110144227535319822e-18,1.232420205929991978e-36,-4.361406345569331735e-18,1.902186531117243437e-35,9.376924056399495243e-18,8.792670475948356519e-35,2.162648228033801217e-17,4.677047358217740149e-34,-5.024101802173268951e-17,2.524159891860068868e-33
-3.596000000000000085e+00,7.108705761932800442e+02,2.392419398721752747e-18,5.723670579380153117e-36,-1.292225167505157749e-18,1.669845883533732896e-36,-5.074878290059618714e-18,2.575438965891844041e-35,1.090781853214598719e-17,1.189805051302274285e-34,2.514748707713310739e-17,6.323961062945766533e-34,-5.839536740489735075e-17,3.410018934352947826e-33
-3.592000000000000082e+00,7.074452463564799700e+02,2.783964159430288693e-18,7.750456440992394119e-36,-1.503623903868785191e-18,2.260884844285605641e-36,-5.902915520059291204e-18,3.484441163695685190e-35,1.268402170497123659e-17,1.608844066121814317e-34,2.923105338554355997e-17,8.544544820284975626e-34,-6.784831518798491596e-17,4.603393873848144402e-33
-3.588000000000000078e+00,7.040319828876799875e+02,3.238414510913291169e-18,1.048732854449377131e-35,-1.748971206471786417e-18,3.058900281067376360e-36,-6.863561605391268949e-18,4.710847791100117516e-35,1.474408376080289064e-17,2.173880059455715047e-34,3.396531708920774537e-17,1.153642764970427633e-33,-7.880261308352249865e-17,6.209851828791351472e-33
-3.584000000000000075e+00,7.006307582156800891e+02,3.765684081282909598e-18,1.418037660002751215e-35,-2.033614765676523004e-18,4.135589015177579334e-36,-7.977645078229660613e-18,6.364282099420193281e-35,1.713249117110329873e-17,2.935222537279324937e-34,3.945194215910088462e-17,1.556455740125041853e-33,-9.149202063611573026e-17,8.370789840079427304e-33
-3.580000000000000071e+00,6.972415447999999287e+02,4.377217765180330335e-18,1.916003536381028546e-35,-2.363727881962829989e-18,5.587209499968486074e-36,-9.269200294347332093e-18,8.591807409672866470e-35,1.990056157743015198e-17,3.960323510970892873e-34,4.580815301692776791e-17,2.098386882822268544e-33,-1.061859457348526243e-16,1.127545507160506657e-32
-3.576000000000000068e+00,6.938643151308800725e+02,5.086223327239979475e-18,2.586966773456012635e-35,-2.746434275458736699e-18,7.542901229414556084e-36,-1.076595050016581317e-17,1.159056901720205276e-34,2.310747060050137031e-17,5.339551975530351677e-34,5.316906542274510970e-17,2.826949517928149714e-33,-1.231947639668473032e-16,1.517694986884721977e-32
-3.572000000000000064e+00,6.904990417292801794e+02,5.907937272244768082e-18,3.490372281277894877e-35,-3.189951351563774916e-18,1.017578962534355440e-35,-1.249986208796859211e-17,1.562465522182345304e-34,2.682142957039943082e-17,7.193890841998970014e-34,6.169035870666191169e-17,3.805700357356616937e-33,-1.428759137596772896e-16,2.041352673266274312e-32
-3.568000000000000060e+00,6.871456971468799111e+02,6.859929935745153025e-18,4.705863872333249677e-35,-3.703754589236149894e-18,1.371779805728784139e-35,-1.450778028709728874e-17,2.104756888586886802e-34,3.112103584288357848e-17,9.685188719340444221e-34,7.155133815412688168e-17,5.119593991646213536e-33,-1.656408777582189547e-16,2.743690038451323719e-32
-3.564000000000000057e+00,6.838042539660800685e+02,7.962455447754204433e-18,6.340069675747060679e-35,-4.298766094461925914e-18,1.847938993489544102e-35,-1.683215797809005489e-17,2.833215421993806839e-34,3.609682040016232507e-17,1.302980443001574940e-33,8.295844315974574129e-17,6.882103291488764810e-33,-1.919631762082313310e-16,3.684986101995247061e-32
-3.560000000000000053e+00,6.804746848000000909e+02,9.238853017034122387e-18,8.535640507036050123e-35,-4.987570789015389794e-18,2.487586237543960016e-35,-1.952189095272552026e-17,3.811042263701065217e-34,4.185302088147028825e-17,1.751675356904788067e-33,9.614926449376338276e-17,9.244681062691667761e-33,-2.223875155157734852e-16,4.945620705727839343e-32
-3.556000000000000050e+00,6.771569622924799887e+02,1.071600688730220815e-17,1.148328036087083572e-34,-5.784664190755714640e-18,3.346233979981146891e-35,-2.263327480198940415e-17,5.122651282623684630e-34,4.850961210421695331e-17,2.353182466501591784e-33,1.113971428001418948e-16,1.240932342403520597e-32,-2.575402548896890865e-16,6.632698288864602333e-32
-3.552000000000000046e+00,6.738510591180800020e+02,1.242487334391951949e-17,1.543774776124418213e-34,-6.706736294181910994e-18,4.498031171969691136e-35,-2.623110072565055228e-17,6.880706452792249185e-34,5.620463058220314774e-17,3.158960498881925476e-33,1.290164304029984937e-16,1.664523931393175288e-32,-2.981413763599938320e-16,8.888828029783148895e-32
-3.548000000000000043e+00,6.705569479820801462e+02,1.440108431667362387e-17,2.073912294959430052e-34,-7.772996687589705337e-18,6.041947750528053280e-35,-3.038990995478665610e-17,9.235466270600410392e-34,6.509683459323531581e-17,4.237597874059038428e-33,1.493685097939806141e-16,2.231095171807448134e-32,-3.450181688428674844e-16,1.190375368316854097e-31
-3.544000000000000039e+00,6.672746016204800981e+02,1.668563844963146588e-17,2.784105304718199696e-34,-9.005546755877616423e-18,8.109987237229785853e-35,-3.519542919988140325e-17,1.238718236563864533e-33,7.536874707311695231e-17,5.680448035371475378e-33,1.728686749815616372e-16,2.988357878988079476e-32,-3.991208656813799944e-16,1.592974654222541687e-31
-3.540000000000000036e+00,6.640039928000001055e+02,1.932569201359827604e-17,3.734823718044561747e-34,-1.042980562704812356e-17,1.087808454180047008e-34,-4.074621262447423951e-17,1.660253843238864028e-33,8.723013510518077426e-17,7.609096470468091424e-33,1.999939964009426345e-16,3.999759859642025287e-32,-4.615405076672032192e-16,2.130196402176996778e-31
-3.536000000000000032e+00,6.607450943180799641e+02,2.237546374402496071e-17,5.006613777601755359e-34,-1.207499743838920655e-17,1.458055631371059071e-34,-4.715551934563035522e-17,2.223643004756118546e-33,1.009219871342039860e-16,1.018524748711643481e-32,2.312923065317199651e-16,5.349613106076310890e-32,-5.335293404342164891e-16,2.846535571041700771e-31
-3.532000000000000028e+00,6.574978790028798130e+02,2.589726962381249287e-17,6.706685739684412250e-34,-1.397470853945925057e-17,1.952924787628352987e-34,-5.455345943162544014e-17,2.976079935958002601e-33,1.167210573732994558e-16,1.362380523434106225e-32,2.673924619990151395e-16,7.149872873389475787e-32,-6.165240968633183106e-16,3.801019620131302963e-31
-3.528000000000000025e+00,6.542623197132801351e+02,2.996270582629388736e-17,8.977637404330256720e-34,-1.616752442940048426e-17,2.613888461752614465e-34,-6.308944586492733026e-17,3.980278179543595910e-33,1.349450563189322746e-16,1.821016822491980431e-32,3.090160590228174465e-16,9.549092473399339363e-32,-7.121725623708551136e-16,5.071897585938694784e-31
-3.524000000000000021e+00,6.510383893388799379e+02,3.465400052244556220e-17,1.200899752209657304e-33,-1.869775756387136574e-17,3.496061379173088697e-34,-7.293499503316221785e-17,5.319513500487397305e-33,1.559585769851858074e-16,2.432307773524412864e-32,3.569908029452574138e-16,1.274424333874996152e-31,-8.223638743698004286e-16,6.762823418685089024e-31
-3.520000000000000018e+00,6.478260608000000502e+02,4.006555807605507146e-17,1.605248943945741841e-33,-2.161627868239465305e-17,4.672635040749495192e-34,-8.428692407920262256e-17,7.104285570733267111e-33,1.801798585742055293e-16,3.246478143582070657e-32,4.122657595609466599e-16,1.699630565063642749e-31,-9.492630675782863655e-16,9.011003714681382991e-31
-3.516000000000000014e+00,6.446253070476800531e+02,4.630572234388434736e-17,2.144219921788909957e-33,-2.498146602310170259e-17,6.240736446633848073e-34,-9.737099997033490780e-17,9.481111635222961089e-33,2.080885029957389712e-16,4.330082507900766629e-32,4.759287464997606139e-16,2.265081717448333894e-31,-1.095350445085851593e-15,1.199792597549773134e-30
-3.512000000000000011e+00,6.414361010636799847e+02,5.349878941289950593e-17,2.862120468645768260e-33,-2.886028873451894306e-17,8.329162658398009903e-34,-1.124461025329487426e-16,1.264412597485042284e-32,2.402342751375642568e-16,5.771250695087092744e-32,5.492261574119246209e-16,3.016493719854682082e-31,-1.263466432163231779e-15,1.596347425203286482e-30
-3.508000000000000007e+00,6.382584158604799995e+02,6.178730419746672401e-17,3.817670959990288768e-33,-3.332954299220937332e-17,1.110858436069532915e-33,-1.298089720526855407e-16,1.685036922537489546e-32,2.772471352980709371e-16,7.686597403098685471e-32,6.335855506843231479e-16,4.014306500359569795e-31,-1.456862656826670226e-15,2.122448800856064230e-30
-3.504000000000000004e+00,6.350922244812799136e+02,7.133467994683555789e-17,5.088636563117463215e-33,-3.847726181437070702e-17,1.480499676731630193e-33,-1.497996214833337974e-16,2.243992659655008160e-32,3.198486719780217861e-16,1.023031729661041697e-31,7.306413784382821303e-16,5.338368238861930451e-31,-1.679260099387311040e-15,2.819914481394281707e-30
-3.500000000000000000e+00,6.319375000000000000e+02,8.232818494556520060e-17,6.777930036431188186e-33,-4.440432238155891617e-17,1.971743846165413982e-33,-1.728075039789204064e-16,2.986243343142459281e-32,3.688651255776069196e-16,1.360614808673837284e-31,8.422642812550161907e-16,7.094091194780289912e-31,-1.934915264025498388e-15,3.743897078958864320e-30
-3.495999999999999996e+00,6.287942155212799662e+02,9.498234660354061305e-17,9.021646166315123297e-33,-5.122627784272084300e-17,2.624131541619632284e-33,-1.992785385172711163e-16,3.971193591357950735e-32,4.252422187793257349e-16,1.808309446323639258e-31,9.705944301544868232e-16,9.420535478469130636e-31,-2.228695450392050200e-15,4.967083410598223189e-30
-3.491999999999999993e+00,6.256623441804798631e+02,1.095428298140451807e-16,1.199963156366886567e-32,-5.907544417890756667e-17,3.489908104935223705e-33,-2.297231099935540161e-16,5.277270726511051671e-32,4.900620378781626099e-16,2.401608009692976855e-31,1.118079460611236759e-15,1.250101680240714214e-30,-2.566164344104630130e-15,6.585199440953947176e-30
-3.487999999999999989e+00,6.225418591436799716e+02,1.262908540047204709e-16,1.594937980524161923e-32,-6.810327674927550416e-17,4.638056303988409172e-33,-2.647251755238566874e-16,7.007941855613672768e-32,5.645622414528391518e-16,3.187305244742538700e-31,1.287517614717105901e-15,1.657701608206826002e-30,-2.953679303737279058e-15,8.724221429325937686e-30
-3.483999999999999986e+00,6.194327336076800066e+02,1.455482218256597265e-16,2.118428487661145077e-32,-7.848307571945981574e-17,6.159593174386462657e-33,-3.049526260301570635e-16,9.299610412268882444e-32,6.501579090093334666e-16,4.227053066473887750e-31,1.482106787992544164e-15,2.196640531013576102e-30,-3.398501900688281886e-15,1.154981516898186433e-29
-3.479999999999999982e+00,6.163349408000000267e+02,1.676830420330342946e-16,2.811760258545234544e-32,-9.041306473537874344e-17,8.174522274843787072e-33,-3.511690717239706217e-16,1.233197169354752203e-31,7.484663830785559841e-16,5.602019265986957466e-31,1.705500267921472758e-15,2.908731163880215259e-30,-3.908923469609167334e-15,1.527968269126137149e-29
-3.475999999999999979e+00,6.132484539788799793e+02,1.931162399719508494e-16,3.729388214090410736e-32,-1.041198930291424406e-16,1.084095212440006409e-32,-4.042472421407544842e-16,1.634158327784057843e-31,8.613355042830559252e-16,7.418988509385462544e-31,1.961870053287962450e-15,3.848934105988112494e-30,-4.494407653628707336e-15,2.019970015699630228e-29
-3.471999999999999975e+00,6.101732464332799282e+02,2.223289612915253870e-16,4.943016702896859600e-32,-1.198626177099445681e-16,1.436704712428031730e-32,-4.651842162079153828e-16,2.163963550089725631e-31,9.908756907397308723e-16,9.818346344989387366e-31,2.255978758222898974e-15,5.089440157552933308e-30,-5.165752183475789363e-15,2.668499562108488711e-29
-3.467999999999999972e+00,6.071092914828799394e+02,2.558709883096440612e-16,6.546996265855401043e-32,-1.379372303933910641e-16,1.902667952859944708e-32,-5.351187257997202056e-16,2.863520507015161303e-31,1.139496371549117655e-15,1.298451980773604743e-30,2.593261234086544463e-15,6.725003828216067697e-30,-5.935272416218473236e-15,3.522745865472387499e-29
-3.463999999999999968e+00,6.040565624780799681e+02,2.943703039762265558e-16,8.665387586305602175e-32,-1.586818006604152133e-16,2.517991386083174741e-32,-6.153508077270891746e-16,3.786566165703810488e-31,1.309947349833614444e-15,1.715962059336109705e-30,2.979917187663169791e-15,8.879906445330375284e-30,-6.817009481517247738e-15,4.647161827109605716e-29
-3.459999999999999964e+00,6.010150327999999718e+02,3.385439558765335776e-16,1.146120100605323095e-31,-1.824823182267167958e-16,3.329979646539673645e-32,-7.073641145591959342e-16,5.003639905661153080e-31,1.505365744717374036e-15,2.266126025368494301e-30,3.423016237575505863e-15,1.171704016270557173e-29,-7.826966245306657985e-15,6.126140060516980322e-29
-3.455999999999999961e+00,5.979846758604799106e+02,3.892103924101286724e-16,1.514847295600463490e-31,-2.097793262741583248e-16,4.400736573203977483e-32,-8.128512345577350527e-16,6.607271295220340453e-31,1.729329244784565220e-15,2.990579636867154769e-30,3.930617034515632010e-15,1.544975027202446100e-29,-8.983374707432749819e-15,8.070102113414244619e-29
-3.451999999999999957e+00,5.949654651020799747e+02,4.473034654448529215e-16,2.000803901989747159e-31,-2.410754502905458486e-16,5.811737273278944385e-32,-9.337424158607910392e-16,8.718748991775464016e-31,1.985916499021350967e-15,3.943864341085219284e-30,4.511902277263534797e-15,2.035726215957587103e-29,-1.030699890629472333e-14,1.062342264543606199e-28
-3.447999999999999954e+00,5.919573739980799019e+02,5.138883186785368552e-16,2.640812040742534720e-31,-2.769439401444377696e-16,7.669794598272592551e-32,-1.072238140481406888e-15,1.149694629903025246e-30,2.279775576280807333e-15,5.197376678206487216e-30,5.177331688234252946e-15,2.680476340999454243e-29,-1.182147791588741028e-14,1.397473401158137535e-28
-3.443999999999999950e+00,5.889603760524800009e+02,5.901794089792648358e-16,3.483117347831143500e-31,-3.180383581666032784e-16,1.011483972653086287e-31,-1.230846050356034614e-15,1.514981999677050091e-30,2.616201542293298633e-15,6.844510509897835010e-30,5.938815272480294448e-15,3.526952684064519407e-29,-1.355371409541277221e-14,1.837031657801908647e-28
-3.439999999999999947e+00,5.859744447999997874e+02,6.775609394920998320e-16,4.590888267254170004e-31,-3.651035629199998070e-16,1.333006116568782677e-31,-1.412422791337574085e-15,1.994938141489824323e-30,3.001224335721623424e-15,9.007347513327699269e-30,6.809909476045595242e-15,4.637486707193559530e-29,-1.553431239617013803e-14,2.413148616218051975e-28
-3.435999999999999943e+00,5.829995538060799163e+02,7.776100187140825957e-16,6.046773412045158915e-31,-4.189881573394762394e-16,1.755510759907296995e-31,-1.620221412510537475e-15,2.625117425557641339e-30,3.441708273452088044e-15,1.184535583954855259e-29,7.806039187072598986e-15,6.093424779011304625e-29,-1.779807725292539402e-14,3.167715539011003449e-28
-3.431999999999999940e+00,5.800356766668799082e+02,8.921228995163090086e-16,7.958832678413864220e-31,-4.806585912605569921e-16,2.310326813525832072e-31,-1.857945038441859544e-15,3.451959765870723086e-30,3.945464682138212972e-15,1.556669155799998889e-29,8.944748890283975185e-15,8.000853271023640216e-29,-2.038457439650053791e-14,4.155308733264652272e-28
-3.427999999999999936e+00,5.770827870092800822e+02,1.023144696752026188e-15,1.046825070491795546e-30,-5.512151323121665980e-16,3.038381220899193442e-31,-2.129807622006383132e-15,4.536080506756484666e-30,4.521379340110578813e-15,2.044287113717877438e-29,1.024598669704697540e-14,1.049802433960635782e-28,-2.333876583104162570e-14,5.446979905161961414e-28
-3.423999999999999932e+00,5.741408584908798503e+02,1.173003032212893655e-15,1.375936113580642809e-30,-6.319099460315515539e-16,3.993101798935984252e-31,-2.440602686395775547e-15,5.956541472842276413e-30,5.179556623514536176e-15,2.682780681619330073e-29,1.173242543435808855e-14,1.376498065727725744e-28,-2.671172723457218770e-14,7.135163718541855025e-28
-3.419999999999999929e+00,5.712098647999998775e+02,1.344346111928106563e-15,1.807266468656217227e-30,-7.241675562169968579e-16,5.244186494772973139e-31,-2.795781078119495276e-15,7.816391836771007333e-30,5.931482485586613774e-15,3.518248447682075456e-29,1.342982549251659011e-14,1.803602127594484656e-28,-3.056145817753233950e-14,9.340027259370583720e-28
-3.415999999999999925e+00,5.682897796556799221e+02,1.540185803863060977e-15,2.372172310421303185e-30,-8.296079903507393440e-16,6.882494176537924105e-31,-3.201538879667961896e-15,1.024985119802558859e-29,6.790208661278358359e-15,4.610693366369963665e-29,1.536744470938953470e-14,2.361583568961444223e-28,-3.495379682494018768e-14,1.221767912479198834e-27
-3.411999999999999922e+00,5.653805768076799723e+02,1.763946354767440515e-15,3.111506742497341218e-30,-9.500729528299909049e-16,9.026386156990981844e-31,-3.664916772624190166e-15,1.343161495026210959e-29,7.770560784261544595e-15,6.038161490190339458e-29,1.757850121612293260e-14,3.090037050052354256e-28,-3.996345220902648507e-14,1.597077512463143910e-27
-3.407999999999999918e+00,5.624822300364800185e+02,2.019519464139692579e-15,4.078458866039071278e-30,-1.087655411215987912e-15,1.182994293547419686e-30,-4.193912301152614850e-15,1.758890038975922196e-29,8.889373433345950076e-15,7.902096003747676647e-29,2.010069589282785825e-14,4.040379753759467218e-28,-4.567516874781801198e-14,2.086221040141651092e-27
-3.403999999999999915e+00,5.595947131532799403e+02,2.311326522008928826e-15,5.342230291341891159e-30,-1.244733028281045523e-15,1.549360311693701992e-30,-4.797606663932534014e-15,2.301702970180985828e-29,1.016575549456049617e-14,1.033425847751869163e-28,2.297680189194308452e-14,5.279334251815992749e-28,-5.218503946018787170e-14,2.723278343461365326e-27
-3.399999999999999911e+00,5.567179999999998472e+02,2.644388916591058846e-15,6.992792742189634501e-30,-1.424005925892892316e-15,2.027792876978073671e-30,-5.486307861927853969e-15,3.009957395585138305e-29,1.162138963808922364e-14,1.350566971202875851e-28,2.625532959138905771e-14,6.893423319524698964e-28,-5.960198631043320165e-14,3.552396772149067091e-27
-3.395999999999999908e+00,5.538520644492798510e+02,3.024407429081553547e-15,9.147040297083692548e-30,-1.628539326381247675e-15,2.652140337570287921e-30,-6.271712252326573952e-15,3.933437457598326780e-29,1.328087017091070911e-14,1.763815124965858501e-28,2.999127635009028903e-14,8.994766571074850981e-28,-6.804942832885115796e-14,4.630724695883450195e-27
-3.391999999999999904e+00,5.509968804044799526e+02,3.457851857267500635e-15,1.195673946680830340e-29,-1.861811683713992116e-15,3.466342745613930261e-30,-7.167086808243448208e-15,5.136713331689726122e-29,1.517208404190654455e-14,2.301921341746752478e-28,3.424697156694069026e-14,1.172855061506844089e-27,-7.766716062495875000e-14,6.032187839543143034e-27
-3.387999999999999901e+00,5.481524217996799280e+02,3.952062148792772410e-15,1.561879522792054596e-29,-2.127768991380439576e-15,4.527400880680133279e-30,-8.187474662354968757e-15,6.703474134670460688e-29,1.732664035253197627e-14,3.002124659059894218e-28,3.909302880410738845e-14,1.528264901078769918e-27,-8.861347016562122776e-14,7.852347094793443992e-27
-3.383999999999999897e+00,5.453186625996798966e+02,4.515362480475681172e-15,2.038849833008749692e-29,-2.430886037237806565e-15,5.909206926037726591e-30,-9.349926823853299795e-15,8.742113161141145802e-29,1.978035436969944996e-14,3.912624189908881136e-28,4.460941814143644566e-14,1.990000186917518982e-27,-1.010675172631742761e-13,1.021464304574203054e-26
-3.379999999999999893e+00,5.424955767999998670e+02,5.157189893927286933e-15,2.659660760202574149e-29,-2.776235468723442359e-15,7.707483377798071753e-30,-1.067376330565334280e-14,1.139292231051117729e-28,2.257379275587337141e-14,5.095761193851210567e-28,5.088667349694717217e-14,2.589453539584905849e-27,-1.152320151437849342e-13,1.327841731409747900e-26
-3.375999999999999890e+00,5.396831384268798502e+02,5.888239291923684389e-15,3.467136195895393428e-29,-3.169565635878588652e-15,1.004614632014244220e-29,-1.218086728675410081e-14,1.483735278575162201e-28,2.575288753288767575e-14,6.632112162815614437e-28,5.802725139703581661e-14,3.367161904694795122e-27,-1.313362437826722724e-13,1.724920893094152084e-26
-3.371999999999999886e+00,5.368813215372799732e+02,6.720626816846667657e-15,4.516682481131857366e-29,-3.617388295798947781e-15,1.308549808258321523e-29,-1.389601636757283001e-14,1.930992708878519943e-28,2.936962718995322178e-14,8.625750012768396522e-28,6.614705962903526900e-14,4.375433497567147161e-27,-1.496394384433785465e-13,2.239196153764967702e-26
-3.367999999999999883e+00,5.340901002188799112e+02,7.668073874573099314e-15,5.879935694591050771e-29,-4.127077391786094368e-15,1.703276779779191212e-29,-1.584725545895731392e-14,2.511355055814523947e-28,3.348283434298934482e-14,1.121100195640066713e-27,7.537717638029904466e-14,5.681718719066712174e-27,-1.704345980905543197e-13,2.904795222628878199e-26
-3.363999999999999879e+00,5.313094485900799100e+02,8.746114337288765184e-15,7.649451600092810000e-29,-4.706980265131915459e-15,2.215566321634131788e-29,-1.806631638399501205e-14,3.263917876866066135e-28,3.815904046315641316e-14,1.456112369068808419e-27,8.586578288643467511e-14,7.372932670700337343e-27,-1.940527641121748578e-13,3.765647525957537819e-26
-3.359999999999999876e+00,5.285393407999997635e+02,9.972327759956342547e-15,9.944732095199588183e-29,-5.366542818798321986e-15,2.879978182599584084e-29,-2.058908987182780203e-14,4.239106217502021617e-28,4.347346942985500586e-14,1.889942544268537799e-27,9.778033530371668392e-14,9.560993972107263899e-27,-2.208678256456967404e-13,4.878259640545789197e-26
-3.355999999999999872e+00,5.257797510284798364e+02,1.136660178104337842e-14,1.291996360488184922e-28,-6.116450332108097611e-15,3.741096466514525626e-29,-2.345615629125156687e-14,5.501912679596204846e-28,4.951114304138934613e-14,2.451353285264916519e-27,1.113100045169065421e-13,1.238991710555375492e-26,-2.513019143173629031e-13,6.315265213957120131e-26
-3.351999999999999869e+00,5.230306534860800411e+02,1.295142725244905774e-14,1.677394678754801428e-28,-6.968785825988966661e-15,4.856397588850472169e-29,-2.671338221645460410e-14,7.136047894423930893e-28,5.636812315032852190e-14,3.177365307490602200e-27,1.266684159266507658e-13,1.604488759336699271e-26,-2.858314584452510000e-13,8.169962263693924985e-26
-3.347999999999999865e+00,5.202920224140800656e+02,1.475223006059959374e-14,2.176282917608582863e-28,-7.937208101578418963e-15,6.299927244776208972e-29,-3.041259074614390481e-14,9.249256758924379076e-28,6.415290679730729941e-14,4.115595450543997100e-27,1.440967249667006182e-13,2.076386614612896113e-26,-3.249939748025753371e-13,1.056210836579769781e-25
-3.343999999999999861e+00,5.175638320844799409e+02,1.679774406510152003e-14,2.821642056766533324e-28,-9.037151823607675686e-15,8.167011308293553904e-29,-3.461231441971274750e-14,1.198012309489054902e-27,7.298799261532621854e-14,5.327247066014914944e-27,1.638670682205334854e-13,2.685241604719297285e-26,-3.693956849740055911e-13,1.364531720774147840e-25
-3.339999999999999858e+00,5.148460567999999284e+02,1.912043009833521925e-14,3.655908471453233648e-28,-1.028605229670948638e-14,1.058028718506424974e-28,-3.937864060016447152e-14,1.550677335516921712e-27,8.301163888722127007e-14,6.890932190742425966e-27,1.862864345838310892e-13,3.470263570995597913e-26,-4.197200532589090333e-13,1.761649231076614256e-25
-3.335999999999999854e+00,5.121386708940800645e+02,2.175694654466605949e-14,4.733647229474563554e-28,-1.170359789069638815e-14,1.369742035871129421e-28,-4.478616033442949140e-14,2.005800157501225579e-27,9.437983598469557031e-14,8.907553440498037209e-27,2.117010060024834904e-13,4.481731594246355314e-26,-4.767373540856014859e-13,2.272785047805401538e-25
-3.331999999999999851e+00,5.094416487308798764e+02,2.474867765787504547e-14,6.124970458134034456e-28,-1.331201341331329401e-14,1.772097011162330501e-28,-5.091903296985774123e-14,2.592747918585459816e-27,1.072685185233069950e-13,1.150653506618505557e-26,2.405010229591272954e-13,5.784074204438667780e-26,-5.413153891145621678e-13,2.930223504922498409e-25
-3.327999999999999847e+00,5.067549647052799173e+02,2.814232648695024455e-14,7.919905400981013214e-28,-1.513637810971144689e-14,2.291099422801518690e-28,-5.787218021467419094e-14,3.349189242799726583e-27,1.218760454618298505e-13,1.485377045741401658e-26,2.731262361439251499e-13,7.459794087014716943e-26,-6.144314877523025961e-13,3.775260531415079700e-25
-3.323999999999999844e+00,5.040785932428799470e+02,3.199058007124320933e-14,1.023397213294623185e-27,-1.720498239103628174e-14,2.960114190758685198e-28,-6.575262489508556204e-14,4.323407680593825322e-27,1.384259795870266598e-13,1.916175182462792009e-26,3.100720126925829453e-13,9.614465305522932105e-26,-6.971859398099848193e-13,4.860682346687318072e-25
-3.319999999999999840e+00,5.014125087999999550e+02,3.635285544468471798e-14,1.321530098982143330e-27,-1.954972786461010101e-14,3.821918595803126289e-28,-7.468099139909365091e-14,5.577250476351499625e-27,1.571702013897539677e-13,2.470247220489582102e-26,3.518961730782554270e-13,1.238309166271214971e-25,-7.908170256745461561e-13,6.253915680967358193e-25
-3.315999999999999837e+00,4.987566858636798202e+02,4.129613596464787348e-14,1.705370845610683559e-27,-2.220657576022725071e-14,4.931320069947124798e-28,-8.479318672515958399e-14,7.189884515007779109e-27,1.783923962925560799e-13,3.182384705500037588e-26,3.992266432829884245e-13,1.593819127070024820e-25,-8.967178277827478604e-13,8.041028626634098090e-25
-3.311999999999999833e+00,4.961110989516799918e+02,4.689590856447832459e-14,2.199226240087911508e-27,-2.521604942658156130e-14,6.358491486838042535e-28,-9.624228319277660367e-14,9.262577074158610646e-27,2.024119585732778731e-13,4.097060097347035762e-26,4.527700163355051385e-13,2.050006876924535807e-25,-1.016455027584461249e-12,1.033180823101727861e-24
-3.307999999999999829e+00,4.934757226124798422e+02,5.323721373106713677e-14,2.834200925847323400e-27,-2.862379721489011554e-14,8.193217669991510617e-28,-1.092006262438757481e-13,1.192477677205464538e-26,2.295883601886339106e-13,5.271081513410590584e-26,5.133211277809243921e-13,2.634985802262801153e-25,-1.151789914752964160e-12,1.326620007726640420e-24
-3.303999999999999826e+00,4.908505314252797689e+02,6.041582134266082882e-14,3.650071468508311666e-27,-3.248122278005576455e-14,1.055029833287613565e-27,-1.238621933931531210e-13,1.534184295216286517e-26,2.603260380854676203e-13,6.776964610527634340e-26,5.817737612492381944e-13,3.384607092780856115e-25,-1.304701860369123318e-12,1.702246944450651285e-24
-3.299999999999999822e+00,4.882354999999998881e+02,6.853954698118781643e-14,4.697669500386451608e-27,-3.684619062058865114e-14,1.357641763248755086e-27,-1.404452332986488205e-13,1.972486355631189410e-26,2.950798595498637403e-13,8.707212351196731575e-26,6.591326131282505749e-13,4.344558016892760770e-25,-1.477414533416707580e-12,2.182753703550907875e-24
-3.296000000000000263e+00,4.856306029772802049e+02,7.772972497292065763e-14,6.041910144365885089e-27,-4.178381555508812979e-14,1.745887242341624634e-27,-1.591952171506608105e-13,2.534311716364605062e-26,3.343612317449475433e-13,1.117974332939985213e-25,7.465266595495785694e-13,5.573020534182524227e-25,-1.672425170444926408e-12,2.797005950737741175e-24
-3.291999999999999815e+00,4.830358150284799876e+02,8.812285622799338340e-14,7.765637789779592139e-27,-4.736734580428284183e-14,2.243665448542511220e-27,-1.803881381496899250e-13,3.253988038511161803e-26,3.787449288925670398e-13,1.434477211618356693e-25,8.452240846019569154e-13,7.144037531912160348e-25,-1.892537241974484438e-12,3.581697212260387959e-24
-3.288000000000000256e+00,4.804511108556800991e+02,9.987245096152269899e-14,9.974506461061756670e-27,-5.367915042323580301e-14,2.881451190160376600e-27,-2.043341987981172731e-13,4.175246479846851223e-26,4.288767186339628374e-13,1.839352397862353353e-25,9.566489460465821162e-13,9.151772059720363533e-25,-2.140896896465892364e-12,4.583439521297290057e-24
-3.283999999999999808e+00,4.778764651916798130e+02,1.131510886070228963e-13,1.280316885295434630e-26,-6.081182301910895165e-14,3.698077818907429065e-27,-2.313819301047225226e-13,5.353759757898669372e-26,4.854818780388259364e-13,2.356926539041054734e-25,1.082399773991368539e-12,1.171589270736565665e-24,-2.421033603784981273e-12,5.861403710656093396e-24
-3.280000000000000249e+00,4.753118528000001675e+02,1.281527196986361048e-13,1.642311956615719370e-26,-6.886941500767227076e-14,4.742996323498994869e-27,-2.619227916387784568e-13,6.860354877985095292e-26,5.493746996073026661e-13,3.018125605686140608e-25,1.224270319167511109e-12,1.498837814394519583e-24,-2.736905465475235078e-12,7.490651526948213627e-24
-3.275999999999999801e+00,4.727572484748798729e+02,1.450952372267677741e-13,2.105262786589201818e-26,-7.796881311952044234e-14,6.079135819266703137e-27,-2.963963067182726978e-13,8.785077063623239000e-26,6.214690985203303557e-13,3.862238404156720627e-25,1.384272690842856428e-12,1.916210882613322282e-24,-3.092949709200744384e-12,9.566337903644968691e-24
-3.272000000000000242e+00,4.702126270412800864e+02,1.642233479887506759e-13,2.696930802463430276e-26,-8.824127747897325813e-14,7.786523051121153421e-27,-3.352957929263157102e-13,1.124232687540867901e-25,7.027904444440709053e-13,4.939144088018947572e-25,1.564663150221449861e-12,2.448170773660911272e-24,-3.494138939917811455e-12,1.220900693144996651e-23
-3.267999999999999794e+00,4.676779633548798074e+02,1.858117777914839319e-13,3.452601676603180140e-26,-9.983415836051530113e-14,9.966859175552447468e-27,-3.791747546774575176e-13,1.437734945847100811e-25,7.944887544979580233e-13,6.312123810237166454e-25,1.767970853657121265e-12,3.125720939381089941e-24,-3.946043781170884272e-12,1.557126152291740953e-23
-3.264000000000000234e+00,4.651532323020801982e+02,2.101688480487627692e-13,4.417094469014393528e-26,-1.129128116965188551e-13,1.274930304521352528e-26,-4.286540117633001834e-13,1.837442618007714905e-25,8.978533986776038635e-13,8.061407255169242634e-25,1.997029871413512029e-12,3.988128307317868022e-24,-4.454902606939888847e-12,1.984615723731981882e-23
-3.259999999999999787e+00,4.626384087999999224e+02,2.376404653874909212e-13,5.647299078958327374e-26,-1.276627355846772244e-13,1.629777405696321162e-26,-4.844296457622123445e-13,2.346720816933025150e-25,1.014329485219881375e-12,1.028864304586429592e-24,2.255014842320454460e-12,5.085091939085543866e-24,-5.027699138291957966e-12,2.527775862518169634e-23
-3.256000000000000227e+00,4.601334677964800903e+02,2.686145703727760578e-13,7.215378741655106671e-26,-1.442919524446403623e-13,2.082016754028635637e-26,-5.472818549752790602e-13,2.995174287851823733e-25,1.145536111257147156e-12,1.312252982194146941e-24,2.545480662820718031e-12,6.479471804794201978e-24,-5.672248760367408303e-12,3.217440599948960028e-23
-3.251999999999999780e+00,4.576383842700798823e+02,3.035260964243740134e-13,9.212809121061838764e-26,-1.630336641233356987e-13,2.657997563748063599e-26,-6.180848182310065501e-13,3.820288425276563858e-25,1.293286683793910103e-12,1.672590446478649218e-24,2.872406650914425105e-12,8.250719968217423380e-24,-6.397294504673491165e-12,4.092537697952565138e-23
-3.248000000000000220e+00,4.551531332300800159e+02,3.428624954723934386e-13,1.175546908015570055e-25,-1.841492101720552651e-13,3.391093160699178080e-26,-6.978176785735120520e-13,4.869495125297253551e-25,1.459611537730653090e-12,2.130465841076441680e-24,3.240245671765148635e-12,1.049919201339277963e-23,-7.212613740051334835e-12,5.202179696317730504e-23
-3.243999999999999773e+00,4.526776897164798470e+02,3.871698929393085185e-13,1.499005259986356106e-25,-2.079313627426029582e-13,4.323545161199593079e-26,-7.875767696099992610e-13,6.202771680293218910e-25,1.646783101550822031e-12,2.711894583553345133e-24,3.653978762640142328e-12,1.335156079782518649e-23,-8.129136723873252739e-12,6.608286387542475499e-23
-3.240000000000000213e+00,4.502120288000002120e+02,4.370599412936254005e-13,1.910213922835872852e-25,-2.347079951041641528e-13,5.508784296581634669e-26,-8.885892202493181813e-13,7.895908023432913424e-25,1.857343887590997201e-12,3.449726316771639135e-24,4.119175850863077596e-12,1.696760969033355846e-23,-9.159078283947716891e-12,8.388871501148265701e-23
-3.235999999999999766e+00,4.477561255820797896e+02,4.932174487586656803e-13,2.432634517600070092e-25,-2.648461646993850311e-13,7.014349095597378218e-26,-1.002228087830179328e-12,1.004461140035737559e-24,2.094137612763282578e-12,4.385412341189899764e-24,4.642063220046906264e-12,2.154875093891225154e-23,-1.031608403226904361e-11,1.064215897608363304e-22
-3.232000000000000206e+00,4.453099551948802173e+02,5.564088678441646311e-13,3.095908282156250814e-25,-2.987566559727294218e-13,8.925553948800779950e-26,-1.130029185341650025e-12,1.276965959723913136e-24,2.360343787446475783e-12,5.571222794937173999e-24,5.229598447577019324e-12,2.734869992289997277e-23,-1.161539265524977987e-11,1.349173465356305245e-22
-3.227999999999999758e+00,4.428734928012797809e+02,6.274917372711883104e-13,3.937458803436140082e-25,-3.368990329550817799e-13,1.135009584060692817e-25,-1.273709785717977817e-12,1.622336618233736934e-24,2.659516145285065015e-12,7.073026127031931436e-24,5.889553610707826513e-12,3.468684173340159881e-23,-1.307401598261434836e-11,1.709298939136554321e-22
-3.224000000000000199e+00,4.404467135948801797e+02,7.074251806613555679e-13,5.004503862337515390e-25,-3.797872568178944495e-13,1.442383604412613181e-25,-1.435189405195207926e-12,2.059768628784574878e-24,2.995625325134033912e-12,8.973771088584386245e-24,6.630607640348186015e-12,4.396495768024374036e-23,-1.471093871001720485e-11,2.164117177298826622e-22
-3.219999999999999751e+00,4.380295927999997616e+02,7.972815761458850752e-13,6.356579116616667723e-25,-4.279959293639051843e-13,1.831805155520729097e-25,-1.616612888612774378e-12,2.613437231628938587e-24,3.373106258691278995e-12,1.137784583242227763e-23,7.462448791327218969e-12,5.568814196318107212e-23,-1.654733984009565394e-11,2.738144557836168561e-22
-3.216000000000000192e+00,4.356221056716801741e+02,8.982595229128264955e-13,8.068701705035786734e-25,-4.821672297497232485e-13,2.324852374445223864e-25,-1.820376042508307694e-12,3.313768936138207725e-24,3.796910763826000269e-12,1.441653134845774163e-23,8.395888296396865382e-12,7.049094028557386299e-23,-1.860683811461820521e-11,3.462144246236087701e-22
-3.211999999999999744e+00,4.332242274956797701e+02,1.011698243754774481e-12,1.023533336416495079e-24,-5.430186186930986706e-13,2.948692202473608701e-25,-2.049154087083469673e-12,4.199032472610888208e-24,4.272565894630360179e-12,1.825481932395852902e-23,9.442986379251481623e-12,8.916999175872901037e-23,-2.091576393831899441e-11,4.374691811234853249e-22
-3.208000000000000185e+00,4.308359335884801453e+02,1.139093577016505572e-12,1.297534177200257656e-24,-6.113513920640676900e-13,3.737505245786734102e-25,-2.305933225825180812e-12,5.317328041964524201e-24,4.806238655216994958e-12,2.309993001090206934e-23,1.061719192030865951e-11,1.127247642726674729e-22,-2.350346054473620266e-11,5.524126575779714425e-22
-3.203999999999999737e+00,4.284571992972798284e+02,1.282115727094455995e-12,1.643820737662945611e-24,-6.880601741593958763e-13,4.734268032642581815e-25,-2.594045661981530784e-12,6.729072896445197945e-24,5.404807745717967266e-12,2.921194676817293738e-23,1.193349719885685618e-11,1.424083553951244244e-22,-2.640261742787209565e-11,6.970982070425753426e-22
-3.200000000000000178e+00,4.260880000000001928e+02,1.442628959940888664e-12,2.081178316060130014e-24,-7.741434501845668386e-13,5.992980814636648757e-25,-2.917208424466721492e-12,8.510104991779612185e-24,6.075943076313030291e-12,3.691708426659625124e-23,1.340860927747432475e-11,1.797908027559705353e-22,-2.964963936290717370e-11,8.791011143504544767e-22
-3.195999999999999730e+00,4.237283111052798859e+02,1.622713449019842503e-12,2.633198937629872852e-24,-8.707152475940689873e-13,7.581450423928008352e-25,-3.279566402378412723e-12,1.075555578760928499e-23,6.828193858971956363e-12,4.662423137570233656e-23,1.506113975048953708e-11,2.268379305837760419e-22,-3.328505466685343227e-11,1.107894864175421415e-21
-3.192000000000000171e+00,4.213781080524800586e+02,1.824689498007304625e-12,3.329491764138149523e-24,-9.790180870527439974e-13,9.584764147764141804e-25,-3.685740027451619971e-12,1.358467954995906867e-23,7.671086167529418863e-12,5.884556298966118520e-23,1.691181474891147426e-11,2.860094781014996666e-22,-3.735396670844191890e-11,1.395318828855387298e-21
-3.187999999999999723e+00,4.190373663116798753e+02,2.051144389396052445e-12,4.207193306150905161e-24,-1.100437335969724129e-12,1.210962330396143418e-24,-4.140878087769389995e-12,1.714687133776868019e-23,8.615230945364877260e-12,7.422220424197260128e-23,1.898370728103844163e-11,3.603811421321519573e-22,-4.190655306843562588e-11,1.756159190077611386e-21
-3.184000000000000163e+00,4.167060613836800940e+02,2.304962133242967411e-12,5.312850435683970862e-24,-1.236517110921181423e-12,1.528974565600865247e-24,-4.650716204253435841e-12,2.162916121250548583e-23,9.672443537032485791e-12,9.355616397708149854e-23,2.130249419229824616e-11,4.537962588129005389e-22,-4.699861717989705777e-11,2.208870016822514984e-21
-3.179999999999999716e+00,4.143841687999997134e+02,2.589356417786176600e-12,6.704766658330461343e-24,-1.388977889926556538e-12,1.929259578704829280e-24,-5.221641554249403753e-12,2.726554052106413004e-23,1.085587592643471252e-11,1.178500421301447377e-22,2.389674025134341882e-11,5.710541946401767391e-22,-5.269219774591899287e-11,2.776467703295030608e-21
-3.176000000000000156e+00,4.120716641228801791e+02,2.907907093781625537e-12,8.455923666065499709e-24,-1.559736011592281658e-12,2.432776425857798098e-24,-5.860764484315829145e-12,3.434856034061778452e-23,1.218016298038015534e-11,1.483563702286231792e-22,2.679821211371562953e-11,7.181441724916950684e-22,-5.905624174341132971e-11,3.487639688856238880e-21
-3.171999999999999709e+00,4.097685229452798126e+02,3.264600557403057221e-12,1.065761679939635121e-23,-1.750925255714436682e-12,3.065739251098665306e-24,-6.575997717572528538e-12,4.324374598151910411e-23,1.366158412350154495e-11,1.866388807635094789e-22,3.004222518133711121e-11,9.025352938461655497e-22,-6.616734737946874680e-11,4.378117859235289277e-21
-3.168000000000000149e+00,4.074747208908800644e+02,3.663874432675892719e-12,1.342397585841609347e-23,-1.964920719175412651e-12,3.860913432644820965e-24,-7.376143930150662182e-12,5.440749927829846232e-23,1.531824200949970234e-11,2.346485382616014834e-22,3.366802666766778459e-11,1.133536019694789144e-21,-7.411058397567312642e-11,5.492378657215298728e-21
-3.164000000000000146e+00,4.051902336140800571e+02,4.110666993956289448e-12,1.689758313520163649e-23,-2.204365222029300683e-12,4.859226032092288451e-24,-8.270992546941332005e-12,6.840931771155906463e-23,1.717025990556870138e-11,2.948178252247800964e-22,3.771921849673278970e-11,1.422739444004268980e-21,-8.298039641978469012e-11,6.885746189984616235e-21
-3.160000000000000142e+00,4.029150368000001095e+02,4.610471812227748203e-12,2.125645033134661551e-23,-2.472198501708913393e-12,6.111765431851795941e-24,-9.271426689534816559e-12,8.595935285941852672e-23,1.923999967277855822e-11,3.701775874085190222e-22,4.224422401169693142e-11,1.784574462350431596e-21,-9.288160254837129695e-11,8.626992091953613249e-21
-3.156000000000000139e+00,4.006491061644801448e+02,5.169398156300976330e-12,2.672267729836793432e-23,-2.771689478480267892e-12,7.682262565118219841e-24,-1.038954129959842251e-11,1.079425684160612687e-22,2.155230240636983066e-11,4.645017390156148209e-22,4.729680284775125316e-11,2.236987559619050874e-21,-1.039304926131157661e-10,1.080154729480491123e-20
-3.152000000000000135e+00,3.983924174540800323e+02,5.794237731727866703e-12,3.357319089177889155e-23,-3.106471902808909143e-12,9.650167682941204488e-24,-1.163877355962861591e-11,1.354610499723101513e-22,2.413475399767385120e-11,5.824863505282339413e-22,5.293661873749336675e-11,2.802285603358733841e-21,-1.162560408433307803e-10,1.351546703256619523e-20
-3.148000000000000131e+00,3.961449464460800982e+02,6.492538396767270735e-12,4.215305483349732102e-23,-3.480583725393508384e-12,1.211446306947415399e-23,-1.303404684075892639e-11,1.698863770470977534e-22,2.701797809514649197e-11,7.299711403498156576e-22,5.922986546765606368e-11,3.508176963316636448e-21,-1.300012400535343622e-10,1.690032241545666564e-20
-3.144000000000000128e+00,3.939066689484800463e+02,7.272685556490561169e-12,5.289195520358642400e-23,-3.898510563489571391e-12,1.519838461363977652e-23,-1.459192952489449220e-11,2.129244072594875855e-22,3.023595917733971416e-11,9.142132273737537228e-22,6.624995669712997557e-11,4.389056762371597267e-21,-1.453245712641951327e-10,2.111923101312213061e-20
-3.140000000000000124e+00,3.916775607999999806e+02,8.143992003545659067e-12,6.632460575381563994e-23,-4.365233673032284413e-12,1.905526502017492882e-23,-1.633081017672657803e-11,2.666953610282763815e-22,3.382639870720682380e-11,1.144225249498923388e-21,7.407828588114537461e-11,5.487592439088702454e-21,-1.624016214128402875e-10,2.637428663751950528e-20
-3.136000000000000121e+00,3.894575978700801215e+02,9.116797047703522862e-12,8.311598840901567419e-23,-4.886282875234597085e-12,2.387576033681088241e-23,-1.827109068107331741e-11,3.338327546760042448e-22,3.783110761675003882e-11,1.431192703510122716e-21,8.280506312890585836e-11,6.856678479782084507e-21,-1.814268634390557262e-10,3.291570677733377357e-20
-3.132000000000000117e+00,3.872467560588800097e+02,1.020257585662550987e-11,1.040925541101977619e-22,-5.467794929068142193e-12,2.989678138634328788e-23,-2.043539911348801619e-11,4.176055369275467847e-22,4.229643867562127595e-11,1.788988724640591363e-21,9.253023645586577209e-11,8.561844658578431630e-21,-2.026156143384900440e-10,4.105308717376373061e-20
-3.128000000000000114e+00,3.850450112972800980e+02,1.141406001789141616e-11,1.302807660920273943e-22,-6.116577887636935314e-12,3.741252505552911508e-23,-2.284882427824378677e-11,5.220687708980626645e-22,4.727376262898218177e-11,2.234808633101352361e-21,1.033645055814894771e-10,1.068422101410576997e-20,-2.262061882064063362e-10,5.116923958287212244e-20
-3.124000000000000110e+00,3.828523395468801027e+02,1.276537042784083105e-11,1.629546821599932022e-22,-6.840182027258022933e-12,4.678809016602367851e-23,-2.553917402879800020e-11,6.522494100732302963e-22,5.281999235098400437e-11,2.789951591958008837e-21,1.154304371733224069e-10,1.332418582602433155e-20,-2.524622628398515205e-10,6.373719415821827663e-20
-3.120000000000000107e+00,3.806687168000000838e+02,1.427216371687905475e-11,2.036946571613989642e-22,-7.646977993426946035e-12,5.847627243195600538e-23,-2.853725968290858794e-11,8.143751902097599605e-22,5.899815965308540197e-11,3.480782842450953869e-21,1.288636912534972789e-10,1.660585092347666965e-20,-2.816754801490859979e-10,7.934107611721813757e-20
-3.116000000000000103e+00,3.784941190796801038e+02,1.595179353431153767e-11,2.544597169613033761e-22,-8.546242868154858073e-12,7.303826716148777003e-23,-3.187720905905953440e-11,1.016156457394987319e-21,6.587804981371977422e-11,4.339917447258943646e-21,1.438143693697224117e-10,2.068257283721095288e-20,-3.141683024542087789e-10,9.870172226695920252e-20
-3.112000000000000099e+00,3.763285224396800572e+02,1.782348813928333411e-11,3.176767294511736906e-22,-9.548254928834937201e-12,9.116917218602067276e-23,-3.559681089420352800e-11,1.267132945837686963e-21,7.353689936038695283e-11,5.407675567539679009e-21,1.604484960950847314e-10,2.574371989917442088e-20,-3.502971487234087914e-10,1.227080924037499816e-19
-3.108000000000000096e+00,3.741719029644801253e+02,1.990854587885993217e-11,3.963501990106708049e-22,-1.066439794027739916e-11,1.137293834285928421e-22,-3.973789365660569040e-11,1.579100192263702808e-21,8.206016314012872160e-11,6.733870374584540146e-21,1.789496464658119267e-10,3.202297597023907540e-20,-3.904558369572828510e-10,1.524557606140122482e-19
-3.104000000000000092e+00,3.720242367692800372e+02,2.223055028060749835e-11,4.941973657786180942e-22,-1.190727589932911955e-11,1.417832193427440899e-22,-4.434674204345243135e-11,1.966633529868511479e-21,9.154235726283604348e-11,8.380003173236710602e-21,1.995207331000929410e-10,3.980852293679852151e-20,-4.350793612523958604e-10,1.892940505877927910e-19
-3.100000000000000089e+00,3.698855000000001496e+02,2.481560664619840392e-11,6.158143332188463689e-22,-1.329083923608726468e-11,1.766464075995167167e-22,-4.947455475268365075e-11,2.447731567976292238e-21,1.020879850974574761e-10,1.042195670125869923e-20,2.223859679712689084e-10,4.945551875051824073e-20,-4.846480346008986003e-10,2.348837174425137998e-19
-3.096000000000000085e+00,3.677556688332800832e+02,2.769260220564382082e-11,7.668802169200290543e-22,-1.483052356768853900e-11,2.199444292917651902e-22,-5.517794744415730639e-11,3.044605884150185999e-21,1.138125541477273165e-10,1.295329748162936276e-20,2.477930151428057213e-10,6.140137835356274114e-20,-5.396920312167366385e-10,2.912674885588470238e-19
-3.092000000000000082e+00,3.656347194764799724e+02,3.089349207988133805e-11,9.544078528896909646e-22,-1.654340220061133941e-11,2.736841563711920986e-22,-6.151950515885669217e-11,3.784649514990595366e-21,1.268436923355837206e-10,1.608932228532422051e-20,2.760153522186386726e-10,7.618447466037916887e-20,-6.007963651390627847e-10,3.609562723643100613e-19
-3.088000000000000078e+00,3.635226281676801250e+02,3.445361350385211857e-11,1.187051483472820965e-21,-1.844835368601878766e-11,3.403417537244430123e-22,-6.856838884864964800e-11,4.701623949299621645e-21,1.413223729813803222e-10,1.997201310508837568e-20,3.073548598295163871e-10,9.446700986082166927e-20,-6.686063450673228685e-10,4.470344446642839904e-19
-3.084000000000000075e+00,3.614193711756799985e+02,3.841203098421251083e-11,1.475484124332101951e-21,-2.056624585059600217e-11,4.229704683871572785e-22,-7.640100108552063183e-11,5.837112966869724543e-21,1.574042585950047500e-10,2.477610062384312734e-20,3.421446601732860107e-10,1.170629684850933778e-19,-7.438335488487638337e-10,5.532883483929463350e-19
-3.080000000000000071e+00,3.593249248000000193e+02,4.281191530686191808e-11,1.832860092241917852e-21,-2.292013785334872165e-11,5.253327192165089294e-22,-8.510171647081573776e-11,7.242302146279109995e-21,1.752611744861488997e-10,3.071647928226432806e-20,3.807522274647322758e-10,1.449722587193552187e-19,-8.272623647877640501e-10,6.843630201942436298e-19
-3.076000000000000068e+00,3.572392653708800481e+02,4.770095957106213853e-11,2.275381544000104669e-21,-2.553550195774111110e-11,6.520618602338001622e-22,-9.476368275465098368e-11,8.980155569224135512e-21,1.950827241706270772e-10,3.805726926983296742e-20,4.235827951394223169e-10,1.794223843381258146e-19,-9.197571509987343122e-10,8.459532168133085674e-19
-3.072000000000000064e+00,3.551623692492800615e+02,5.313183571071637511e-11,2.822991965990555892e-21,-2.844046685922802740e-11,8.088601551708477410e-22,-1.054896992062226050e-10,1.112807663861932280e-20,2.170780595986114669e-10,4.712288395909830985e-20,4.710830868075641547e-10,2.219192746761430335e-19,-1.022270068403166217e-09,1.045036092753014128e-18
-3.068000000000000060e+00,3.530942128268800957e+02,5.916269527113436369e-11,3.500224511745104512e-21,-3.166608457161428970e-11,1.002740912096628496e-21,-1.173931793505285390e-10,1.378115855802536111e-20,2.414778203661488981e-10,5.831153772878607215e-20,5.237454002805375372e-10,2.743092443150205064e-19,-1.135849647701063508e-09,1.290154422182630100e-18
-3.064000000000000057e+00,3.510347725260800757e+02,6.585771854322736400e-11,4.337239091718953145e-21,-3.524662305275261965e-11,1.242324436622832399e-21,-1.305992058093960161e-10,1.705615255804497792e-20,2.685362572999881015e-10,7.211172148468541184e-20,5.821120765077279608e-10,3.388544696161389079e-19,-1.261650155753466050e-09,1.591761115512745049e-18
-3.060000000000000053e+00,3.489840247999999860e+02,7.328771651858733952e-11,5.371089392508819889e-21,-3.921988694194725039e-11,1.538199531739124462e-21,-1.452456856583910477e-10,2.109630920237614168e-20,2.985335571346984597e-10,8.912228473549626682e-20,6.467803879787128228e-10,4.183248702738942669e-19,-1.400941832323775341e-09,1.962638017554697171e-18
-3.056000000000000050e+00,3.469419461324799840e+02,8.153079052048763776e-11,6.647269802895636742e-21,-4.362756898921481315e-11,1.903364775908697872e-21,-1.614846154400990693e-10,2.607728102383668214e-20,3.317783864379076092e-10,1.100768977073415549e-19,7.184078840808311044e-10,5.161098879094968481e-19,-1.555122074070716495e-09,2.418404665262006937e-18
-3.052000000000000046e+00,3.449085130380800592e+02,9.067305478983667859e-11,8.221602864920723710e-21,-4.851563498150198432e-11,2.353766837658339078e-21,-1.794834657626337064e-10,3.221431448216650690e-20,3.686106744923627116e-10,1.358738293497145752e-19,7.977182340708215118e-10,6.363543809690699883e-19,-1.725727649096508534e-09,2.978135918856161947e-18
-3.048000000000000043e+00,3.428837020620800899e+02,1.008094277640254867e-10,1.016254072611027311e-20,-5.393474521439545069e-11,2.908956741341752797e-21,-1.994266962645593294e-10,3.977100718299680498e-20,4.094046565211353686e-10,1.676121727811888292e-19,8.855076117387631973e-10,7.841237304472882018e-19,-1.914448032263764884e-09,3.665111268238601398e-18
-3.044000000000000039e+00,3.408674897804799571e+02,1.120444982831171634e-10,1.255396959551544504e-20,-5.994071582119913486e-11,3.592889413157752572e-21,-2.215174126485319406e-10,4.906996410649997955e-20,4.545722004539216592e-10,2.066358854255203236e-19,9.826516695313295028e-10,9.656043036327092337e-19,-2.123139958939550318e-09,4.507723285245835427e-18
-3.040000000000000036e+00,3.388598527999999988e+02,1.244934734948046141e-10,1.549862494280162018e-20,-6.659502355601459779e-11,4.434897162426138807e-21,-2.459791784810278508e-10,6.050575624620135353e-20,5.045664423879701414e-10,2.545872947840528075e-19,1.090113153878975640e-09,1.188346688259967234e-18,-2.353843302842940799e-09,5.540578294338564116e-18
-3.036000000000000032e+00,3.368607677580801010e+02,1.382832158100833201e-10,1.912224777477807800e-20,-7.396535793526472878e-11,5.470874174491829012e-21,-2.730579955300522162e-10,7.456066892289001743e-20,5.598857580072893857e-10,3.134720620193970101e-19,1.208950217758924318e-09,1.461560629019350456e-18,-2.608798392303831173e-09,6.805829051687054097e-18
-3.032000000000000028e+00,3.348702113228799249e+02,1.535533768889390410e-10,2.357863955399655840e-20,-8.212622497468402453e-11,6.744716828592413676e-21,-3.030244675725817914e-10,9.182382794764666985e-20,6.210780994997242716e-10,3.857380056781893858e-19,1.340325491144958415e-09,1.796472422212974117e-18,-2.890464888528641765e-09,8.354787271816892896e-18
-3.028000000000000025e+00,3.328881601932799867e+02,1.704576373130470438e-10,2.905580611834629061e-20,-9.115960711801482516e-11,8.310073969910819578e-21,-3.361761638549829391e-10,1.130144131442523292e-19,6.887457299653154156e-10,4.743706805454551408e-19,1.485515974969672058e-09,2.206757711890095288e-18,-3.201542359458726774e-09,1.024987347940855127e-17
-3.024000000000000021e+00,3.309145910988801234e+02,1.891650613342777895e-10,3.578342042960107932e-20,-1.011556843414806353e-10,1.023247247459327091e-20,-3.728401997394550006e-10,1.390098145417567120e-19,7.635503899538781618e-10,5.830091979987193893e-19,1.645923829580142911e-09,2.709065252779763359e-18,-3.544992693548200302e-09,1.256697319731012412e-17
-3.020000000000000018e+00,3.289494807999999466e+02,2.098615768777150841e-10,4.404188144960111841e-20,-1.122136218366701150e-10,1.259189692570320732e-20,-4.133760535248277338e-10,1.708797616277612410e-19,8.462189336186393048e-10,7.160864836146670419e-19,1.823088134430733499e-09,3.323650345902132156e-18,-3.924064509331136611e-09,1.539828227339221312e-17
-3.016000000000000014e+00,3.269928060876799805e+02,2.327515918301973063e-10,5.417330349949077186e-20,-1.244424301260164743e-10,1.548591841566849397e-20,-4.581786399984043733e-10,2.099276661507874266e-19,9.375494750406101964e-10,8.789990181489238032e-19,2.018697701955301690e-09,4.075140411879615670e-18,-4.342319729048329316e-09,1.885574062928235544e-17
-3.012000000000000011e+00,3.250445437836800124e+02,2.580597585646625031e-10,6.659483899045190199e-20,-1.379619039520092765e-10,1.903348694206343283e-20,-5.076816629651053168e-10,2.577406709110148047e-19,1.038418088580623612e-09,1.078312126691435770e-18,2.234605035225749903e-09,4.993459663456275329e-18,-4.803662497918927219e-09,2.307517339391270832e-17
-3.008000000000000007e+00,3.231046707404800031e+02,2.860328996416888690e-10,8.181481967743245537e-20,-1.529036468061946862e-10,2.337952520663352984e-20,-5.623612708195663958e-10,3.162501989177976823e-19,1.149786110669107698e-09,1.322008100287593484e-18,2.472841526166597616e-09,6.114945213533947437e-18,-5.312370644933799710e-09,2.822128186915435233e-17
-3.004000000000000004e+00,3.211731638412799725e+02,3.169421086977672187e-10,1.004523002657872873e-19,-1.694121885296479687e-10,2.870048962240498865e-20,-6.227400411852807839e-10,3.878051588954451950e-19,1.272708094265208364e-09,1.619785893208178497e-18,2.735633998790170626e-09,7.483693375336699984e-18,-5.873129896380351042e-09,3.449365477975667477e-17
-3.000000000000000000e+00,3.192500000000000000e+02,3.510850416805633656e-10,1.232607064918429099e-19,-1.876462040258565275e-10,3.521109788531337272e-20,-6.893913227521189456e-10,4.752603958859162574e-19,1.408340471325413978e-09,1.983422883173089300e-18,3.025422710180165684e-09,9.153182575273899540e-18,-6.491071069751683701e-09,4.213400363256726928e-17
-2.995999999999999996e+00,3.173351561612799401e+02,3.887884148306214105e-10,1.511564315065073585e-19,-2.077798417829364380e-10,4.317246265134209786e-20,-7.629439647100191560e-10,5.820834932874429588e-19,1.557950983037132176e-09,2.427211265546366485e-18,3.344880930821008956e-09,1.118822844137001889e-17,-7.171810493319151318e-09,5.143486575208269125e-17
-2.991999999999999993e+00,3.154286093004799909e+02,4.304107271429064396e-10,1.852533940396854601e-19,-2.300041716081329932e-10,5.290191895714348997e-20,-8.440874666133690557e-10,7.124836512937753834e-19,1.722928942315688194e-09,2.968484140269055985e-18,3.696936235387123974e-09,1.366733752851832076e-17,-7.921493915533602093e-09,6.275006585383587463e-17
-2.987999999999999989e+00,3.135303364236799553e+02,4.763452264769648381e-10,2.269047747873909326e-19,-2.545287617371412284e-10,6.478489055144241006e-20,-9.335775841293195012e-10,8.715671055887367047e-19,1.904796398156191635e-09,3.628249318428800825e-18,4.084793645312924409e-09,1.668553912478885018e-17,-8.746844188648261780e-09,7.650728326048987377e-17
-2.983999999999999986e+00,3.116403145676800364e+02,5.270231400284057275e-10,2.777533901254005618e-19,-2.815833962976652288e-10,7.928920907052798662e-20,-1.032242428936466604e-09,1.065524432096656345e-18,2.105220276898262025e-09,4.431952414263594749e-18,4.511960775406402560e-09,2.035779003880594445e-17,-9.655213032611105464e-09,9.322313870510334095e-17
-2.979999999999999982e+00,3.097585207999999852e+02,5.829171915344274632e-10,3.397924521863843823e-19,-3.114199449847976187e-10,9.698238213433437419e-20,-1.140989104061211061e-09,1.301856135586405135e-18,2.326025581326664772e-09,5.410395004986048752e-18,4.982275148494709531e-09,2.482306565530797905e-17,-1.065463720844753265e-08,1.135212940436346206e-16
-2.975999999999999979e+00,3.078849322188800102e+02,6.445454293702622540e-10,4.154388105220957488e-19,-3.443143977494594425e-10,1.185524044975729600e-19,-1.260810919181696355e-09,1.589644173927794014e-18,2.569209734821007443e-09,6.600838661499031170e-18,5.499933854649896591e-09,3.024927240552407055e-17,-1.175389945514057259e-08,1.381541524015538601e-16
-2.971999999999999975e+00,3.060195259532800378e+02,7.124753916102093672e-10,5.076211836501211784e-19,-3.805690783147868471e-10,1.448328233693663562e-19,-1.392795233908388522e-09,1.939878563597922727e-18,2.836958164510756673e-09,8.048331627184240991e-18,6.069525744990699384e-09,3.683914276910490171e-17,-1.296259457051686411e-08,1.680288579995932776e-16
-2.967999999999999972e+00,3.041622791628798836e+02,7.873286361854392863e-10,6.198863813576238589e-19,-4.205150514237395847e-10,1.768329084739103432e-19,-1.538131980781857394e-09,2.365849990303919957e-18,3.131661224617650131e-09,9.807302025773719719e-18,6.696066364448478420e-09,4.483730475709826116e-17,-1.429120104496805763e-08,2.042384273076961021e-16
-2.963999999999999968e+00,3.023131690380800478e+02,8.697856664805517349e-10,7.565271056150175731e-19,-4.645147398893896701e-10,2.157739435745073416e-19,-1.698122923728802717e-09,2.883621464093257276e-18,3.455932568907419056e-09,1.194346992083503218e-17,7.385035843282190265e-09,5.453875440656269182e-17,-1.575115868709121377e-08,2.480989999859290002e-16
-2.959999999999999964e+00,3.004721727999999530e+02,9.605912850821892085e-10,9.227356169758517490e-19,-5.129647687726755280e-10,2.631328540020044689e-19,-1.874191712004531682e-09,3.512594573346477058e-18,3.812629089459754461e-09,1.453614057379471781e-17,8.142419983591384547e-09,6.629900318918832459e-17,-1.735495271263574505e-08,3.011943836578228051e-16
-2.955999999999999961e+00,2.986392677004799907e+02,1.060560410936584216e-09,1.124788385245976453e-18,-5.662990553565551973e-10,3.206946200977267789e-19,-2.067894794242554372e-09,4.276188880055456190e-18,4.204872547834635713e-09,1.768095314353334028e-17,8.974754794674461219e-09,8.054622362453222705e-17,-1.911620480262205966e-08,3.654292860557907126e-16
-2.951999999999999957e+00,2.968144310220800435e+02,1.170584397900246126e-09,1.370267832607481840e-18,-6.249921650264615669e-10,3.906152063444637790e-19,-2.280933262149512725e-09,5.202656546380017384e-18,4.636073034201493266e-09,2.149317317845023898e-17,9.889174749881607653e-09,9.779577723369595606e-17,-2.104977167327850429e-08,4.430928874971581191e-16
-2.947999999999999954e+00,2.949976400780799963e+02,1.291637895591134832e-09,1.668328453327095353e-18,-6.895629547111207948e-10,4.754970685099312036e-19,-2.515165698647120864e-09,6.326058491651059821e-18,5.109954400144086876e-09,2.611163397155191405e-17,1.089346505769198611e-08,1.186675809631562763e-16,-2.317185173966489328e-08,5.369347130450109532e-16
-2.943999999999999950e+00,2.931888722124799642e+02,1.424786296579470915e-09,2.030015990920644191e-18,-7.605785271918657918e-10,5.784796960253477241e-19,-2.772622110894210342e-09,7.687433369819467329e-18,5.630581821699720967e-09,3.170345165085534602e-17,1.199611826118016074e-08,1.439068533362201254e-16,-2.550010049665599728e-08,6.502551253395554437e-16
-2.939999999999999947e+00,2.913881047999999510e+02,1.571193817311350425e-09,2.468650011557413108e-18,-8.386585213596791667e-10,7.033481154492034815e-19,-3.055519034644602422e-09,9.336196571075483783e-18,6.202391660779660404e-09,3.846966231370907217e-17,1.320639550290945853e-08,1.744088821792671638e-16,-2.805375528549732756e-08,7.870131856185692664e-16
-2.935999999999999943e+00,2.895953152460800197e+02,1.732132263748874592e-09,3.000282179119800665e-18,-9.244797653948496858e-10,8.546628366245162791e-19,-3.366275902834899765e-09,1.133181345400691978e-17,6.830223805494146022e-09,4.665195723313893397e-17,1.453439281668535871e-08,2.112485745497149573e-16,-3.085377016157587475e-08,9.519551331833498518e-16
-2.931999999999999940e+00,2.878104809868800089e+02,1.908990536552773568e-09,3.644244868648046232e-18,-1.018781321872285844e-09,1.037915381795842070e-18,-3.707532778176261854e-09,1.374579930125139058e-17,7.519356683118197187e-09,5.654072492795429035e-17,1.599111283361053232e-08,2.557156896572634831e-16,-3.392296162953467544e-08,1.150767325718881892e-15
-2.927999999999999936e+00,2.860335794892799299e+02,2.103284934743436658e-09,4.423807516718702511e-18,-1.122369955964563348e-09,1.259714318051895942e-18,-4.082169556873065256e-09,1.666410829106123779e-17,8.275545153534076777e-09,6.848464758818134399e-17,1.758854231759918493e-08,3.093568208579772912e-16,-3.728616606557562365e-08,1.390258179869683103e-15
-2.923999999999999932e+00,2.842645882508799673e+02,2.316670321170801161e-09,5.366961376993622728e-18,-1.236126060233570965e-09,1.528007636788569822e-18,-4.493326758437770021e-09,2.018998535809287929e-17,9.105061506025983519e-09,8.290214502851614775e-17,1.933973597503114129e-08,3.740253875839137256e-16,-4.097040970391953462e-08,1.678574471307023957e-15
-2.919999999999999929e+00,2.825034847999999101e+02,2.550952217820490062e-09,6.507357217603277022e-18,-1.361010071979485536e-09,1.852348416029604232e-18,-4.944428024945525035e-09,2.444736849386670408e-17,1.001473979833814166e-08,1.002950132284178856e-16,2.125890701465992557e-08,4.519411274579569654e-16,-4.500509212511568782e-08,2.025458317190149920e-15
-2.915999999999999925e+00,2.807502466956799481e+02,2.808099904001731701e-09,7.885425070854534105e-18,-1.498069421762601405e-09,2.244211992420135124e-18,-5.439204462005832345e-09,2.958494517950415422e-17,1.101202379399767696e-08,1.212646680395709935e-16,2.336152496734243145e-08,5.457608487997637741e-16,-4.942218424841106292e-08,2.442552295883890444e-15
-2.911999999999999922e+00,2.790048515276799890e+02,3.090260595821740143e-09,9.549710550088536358e-18,-1.648446054539640626e-09,2.717374394727308000e-18,-5.981720963255425171e-09,3.578098568224941123e-17,1.210501877211010769e-08,1.465314794731381093e-16,2.566442131074526245e-08,6.586625212154355443e-16,-5.425644189890950447e-08,2.943761487529742878e-15
-2.907999999999999918e+00,2.772672769164798865e+02,3.399774791072275234e-09,1.155846863001053235e-17,-1.813384567872493622e-09,3.288363590998110513e-18,-6.576404670331454659e-09,4.324909838795736807e-17,1.330254750322246878e-08,1.769577700754903424e-16,2.818590348202342546e-08,7.944451550979402429e-16,-5.954563609298570770e-08,3.545682777718282105e-15
-2.903999999999999915e+00,2.755375005132800084e+02,3.739192869758954145e-09,1.398156331725620331e-17,-1.994241014885389168e-09,3.976997225451106903e-18,-7.228075731104107372e-09,5.224507877457617590e-17,1.461421070548496221e-08,2.135751545443112649e-16,3.094587790168594340e-08,9.576473591060543153e-16,-6.533080126259381638e-08,4.268113593612530132e-15
-2.899999999999999911e+00,2.738154999999999859e+02,4.111293047015733682e-09,1.690273051843991635e-17,-2.192492423078375574e-09,4.807023025256086249e-18,-7.941980530471503695e-09,6.307505474638842656e-17,1.605045231729728136e-08,2.576170195898336729e-16,3.396598267459020999e-08,1.153687979050562302e-15,-7.165650272095708039e-08,5.134654382198529235e-15
-2.895999999999999908e+00,2.721012530892799646e+02,4.519100782090103426e-09,2.042227187868738393e-17,-2.409747083763393541e-09,5.806881007706179885e-18,-8.723827580287864672e-09,7.610516765059121773e-17,1.762262994597507351e-08,3.105570862127774440e-16,3.726973067937893069e-08,1.389032824913439176e-15,-7.857112475888626086e-08,6.173421645876469961e-15
-2.891999999999999904e+00,2.703947375244799787e+02,4.965909754484423817e-09,2.466025968968355079e-17,-2.647755670787537062e-09,7.010610092187559595e-18,-9.579826268051038529e-09,9.177307132604069340e-17,1.934309087679279684e-08,3.741551646678647418e-16,4.088266380583240905e-08,1.671392199860719238e-15,-8.612718085290230857e-08,7.417891281668542667e-15
-2.887999999999999901e+00,2.686959310796800082e+02,5.455304526222530517e-09,2.976034747382403072e-17,-2.908423251360345227e-09,8.458925809053481659e-18,-1.051672867786211598e-08,1.106015820837674521e-16,2.122525405313296532e-08,4.505114096200373949e-16,4.483251915070259721e-08,2.009954773398115163e-15,-9.438164756369462389e-08,8.907895396837463229e-15
-2.883999999999999897e+00,2.670048115596799789e+02,5.991185017606142215e-09,3.589429791518830948e-17,-3.193822256222846592e-09,1.020050060434439406e-17,-1.154187471193476022e-08,1.332148718659991066e-16,2.328369846648346885e-08,5.421306142781246105e-16,4.914940803677851131e-08,2.415664310365748165e-15,-1.033963238065021844e-07,1.069079977669905033e-14
-2.879999999999999893e+00,2.653213567999999327e+02,6.577792932762581323e-09,4.326735986630136326e-17,-3.506206481101114777e-09,1.229348388811546205e-17,-1.266324075662405783e-08,1.603576664602246349e-16,2.553425842476306300e-08,6.519983533025834808e-16,5.386600877736561558e-08,2.901546901603229381e-15,-1.132382172840418226e-07,1.282289385366786764e-14
-2.875999999999999890e+00,2.636455446668800278e+02,7.219740280794679586e-09,5.212464972212924140e-17,-3.848026196392367590e-09,1.480730560812191294e-17,-1.388949215361493483e-08,1.929179922853308353e-16,2.799412619901251800e-08,7.836711016462390847e-16,5.901777416921202356e-08,3.483097667888109866e-15,-1.239799599879189440e-07,1.537103047860598095e-14
-2.871999999999999886e+00,2.619773530572799700e+02,7.922040148458118919e-09,6.275872011378233077e-17,-4.221944447354242311e-09,1.782481491654531832e-17,-1.523003975461229291e-08,2.319541109270708660e-16,3.068196258196240133e-08,9.413828278809409396e-16,6.464315476135561229e-08,4.178737457500572517e-15,-1.357002547963422331e-07,1.841455915179220219e-14
-2.867999999999999883e+00,2.603167598988799227e+02,8.690139891044847054e-09,7.551853132592894499e-17,-4.630854632725491190e-09,2.144481462943514326e-17,-1.669510085666450634e-08,2.787263926141999457e-16,3.361801592747839776e-08,1.130170994900191149e-15,7.078383901557871471e-08,5.010351865783363643e-15,-1.484843553247386267e-07,2.204760377620323501e-14
-2.863999999999999879e+00,2.586637431500799948e+02,9.529956919579305009e-09,9.082007888903747433e-17,-5.077899455717564461e-09,2.578506288237673871e-17,-1.829576483518716640e-08,3.347350109044712844e-16,3.682425027749600693e-08,1.356025408499664760e-15,7.748501154632880853e-08,6.003927014334708894e-15,-1.624245813218511479e-07,2.638174461757863737e-14
-2.859999999999999876e+00,2.570182807999999568e+02,1.044791727457426999e-08,1.091589753763474384e-16,-5.566491347700903075e-09,3.098582592402901556e-17,-2.004406381289551861e-08,4.017644941354276505e-16,4.032448322289809261e-08,1.626063947193789754e-15,8.479563070428770740e-08,7.190298986537940633e-15,-1.776208720474321626e-07,3.154917418689026681e-14
-2.855999999999999872e+00,2.553803508684799226e+02,1.145099718948420527e-08,1.311253366335751590e-16,-6.100334471687443924e-09,3.721408066645812598e-17,-2.195304872526552912e-08,4.819363483338824442e-16,4.414453418697399942e-08,1.948739898584916269e-15,9.276872684845167492e-08,8.606036681082638543e-15,-1.941813802190652581e-07,3.770640842378119095e-14
-2.851999999999999869e+00,2.537499314060799520e+02,1.254676786067685136e-08,1.574213837497135690e-16,-6.683448419903240245e-09,4.466848278150711800e-17,-2.403687116689047214e-08,5.777711754936905567e-16,4.831238386474584457e-08,2.334086434694554517e-15,1.014617227368259368e-07,1.029448118072454091e-14,-2.122231092753100391e-07,4.503864811048018460e-14
-2.847999999999999865e+00,2.521270004940799367e+02,1.374344365526094746e-08,1.888822435053323890e-16,-7.320193727374183387e-09,5.358523620628834223e-17,-2.631087142825130680e-08,6.922619553139709540e-16,5.285834559867845677e-08,2.794004699429330116e-15,1.109367775558582854e-07,1.230696861447798306e-14,-2.318725968706353530e-07,5.376490117953217455e-14
-2.844000000000000306e+00,2.505115362444801121e+02,1.504993400350395485e-08,2.265005135098245809e-16,-8.015299331536936252e-09,6.424502337413645360e-17,-2.879167315904613142e-08,8.289604432973373966e-16,5.781524952123143372e-08,3.342603077202251709e-15,1.212611562037573752e-07,1.470426800387204622e-14,-2.532666476948586647e-07,6.414399483459165676e-14
-2.839999999999999858e+00,2.489035168000000056e+02,1.647589923889460719e-08,2.714552557302079074e-16,-8.773892116460214280e-09,7.698118287128270210e-17,-3.149728512240086225e-08,9.920789700818146660e-16,6.321864034749646724e-08,3.996596487386107951e-15,1.325076255430948683e-07,1.755827082706904754e-14,-2.765531188964299560e-07,7.648162757134292045e-14
-2.836000000000000298e+00,2.473029203340801701e+02,1.803181066619965959e-08,3.251461959016718237e-16,-9.601528689343772172e-09,9.218935317229153905e-17,-3.444721053408711376e-08,1.186610313579722313e-15,6.910698975692624191e-08,4.775776033263908442e-15,1.447548794438122426e-07,2.095397512279261714e-14,-3.018917615852811261e-07,9.113863571306422426e-14
-2.831999999999999851e+00,2.457097250508799391e+02,1.972901515618234943e-08,3.892340390328728778e-16,-1.050422954657996105e-08,1.103388383672434525e-16,-3.766256451238401176e-08,1.418468765649487503e-15,7.552192436204539524e-08,5.703561059346505790e-15,1.580879945491872950e-07,2.499181402058387165e-14,-3.294551220975127889e-07,1.085406774762870606e-13
-2.828000000000000291e+00,2.441239091852800982e+02,2.157980458504424622e-08,4.656879659286967081e-16,-1.148851579684264400e-08,1.319859952143029714e-16,-4.116620019752120485e-08,1.694656038702394940e-15,8.250847032418327644e-08,6.807647675236632748e-15,1.725989188147157183e-07,2.979038677600882598e-14,-3.594295069213221219e-07,1.291895704457047373e-13
-2.823999999999999844e+00,2.425454510028799575e+02,2.359749045717728187e-08,5.568415558765728782e-16,-1.256144861943905195e-08,1.577899914188072582e-16,-4.498284413481671172e-08,2.023456266457214068e-15,9.011531574183524147e-08,8.120770131250658102e-15,1.883869949934868061e-07,3.548965988267602458e-14,-3.920160154117096642e-07,1.536765563392737995e-13
-2.820000000000000284e+00,2.409743288000001087e+02,2.579648407152462701e-08,6.654585904524237863e-16,-1.373067164755106998e-08,1.885313438928628168e-16,-4.913924155276441202e-08,2.414665060380928655e-15,9.839509200639824023e-08,9.681594130947574644e-15,2.055595213717457457e-07,4.225471682658119774e-14,-4.274316446610786075e-07,1.826978108576745642e-13
-2.815999999999999837e+00,2.394105209036799238e+02,2.819238261480750387e-08,7.948104374997003429e-16,-1.500445647803398539e-08,2.251337142012160071e-16,-5.366431220652405975e-08,2.879858404599287169e-15,1.074046753928986151e-07,1.153576429625392156e-14,2.242323521952111294e-07,5.028014777099720693e-14,-4.659104711442848981e-07,2.170725671218895380e-13
-2.812000000000000277e+00,2.378540056716801416e+02,3.080206158914024344e-08,9.487669981411886886e-16,-1.639175152216479156e-08,2.686895179643917375e-16,-5.858931749861664601e-08,3.432708124953706549e-15,1.172055102301011788e-07,1.373713162829835183e-14,2.445305403706374045e-07,5.979518517395593129e-14,-5.077049140204733800e-07,2.577642797205362840e-13
-2.807999999999999829e+00,2.363047614924799689e+02,3.364377400719203181e-08,1.131903529447010150e-15,-1.790223442517115802e-08,3.204899974137832792e-16,-6.394803963222853558e-08,4.089351772805071597e-15,1.278639550752283659e-07,1.634919100748001849e-14,2.665890251783586859e-07,7.106970834554756571e-14,-5.530870852505830494e-07,3.059053238709857393e-13
-2.804000000000000270e+00,2.347627667852800926e+02,3.673725681512586684e-08,1.349626038300511913e-15,-1.954636829656060128e-08,3.820605135847893991e-16,-6.977697359847995463e-08,4.868826044562968491e-15,1.394516534036023143e-07,1.944676363699842904e-14,2.905533678904235887e-07,8.442125959246783810e-14,-6.023502319792027322e-07,3.628258019653993398e-13
-2.799999999999999822e+00,2.332279999999999518e+02,4.010384503212190460e-08,1.608318386360448776e-15,-2.133546200824214062e-08,4.552019391051437272e-16,-7.611553284742209386e-08,5.793574340646991368e-15,1.520459304130309680e-07,2.311796495516425480e-14,3.165805383557231719e-07,1.002232372655995134e-13,-6.558102769329535766e-07,4.300871193308772766e-13
-2.796000000000000263e+00,2.317004396172801250e+02,4.376659412544370051e-08,1.915514761341322848e-15,-2.328173483322625814e-08,5.420391768446608814e-16,-8.300626954350004585e-08,6.890040783528183646e-15,1.657302176368757437e-07,2.746650503796619983e-14,3.448397557885343844e-07,1.189144571722960259e-13,-7.138074629052624545e-07,5.095210940992475889e-13
-2.791999999999999815e+00,2.301800641484798859e+02,4.775041117180454907e-08,2.280101767076396870e-15,-2.539838571434118999e-08,6.450779968944506356e-16,-9.049511035986669171e-08,8.189364999044451308e-15,1.805945071586544543e-07,3.261437601587729654e-14,3.755133871804610145e-07,1.410103039517428341e-13,-7.767081077297260708e-07,6.032754846130917504e-13
-2.788000000000000256e+00,2.286668521356801307e+02,5.208219538931323894e-08,2.712555076570601298e-15,-2.769966746995287743e-08,7.672715779459656052e-16,-9.863160882237015377e-08,9.728194258889045646e-15,1.967358373249400894e-07,3.870498968794529294e-14,4.087979069481666516e-07,1.671157287252019107e-13,-8.449064764917432189e-07,7.138669540176925947e-13
-2.783999999999999808e+00,2.271607821516799390e+02,5.679098865960085969e-08,3.225216392934913448e-15,-3.020096626216313859e-08,9.120983631683161247e-16,-1.074692152733803536e-07,1.154963223147616887e-14,2.142588119624147850e-07,4.590683850354541995e-14,4.449049216308841454e-07,1.979403892913831677e-13,-9.188267780911920318e-07,8.442426481374406463e-13
-2.780000000000000249e+00,2.256618328000000986e+02,6.190813669693364456e-08,3.832617389286222108e-15,-3.291888667242628545e-08,1.083653099752044847e-15,-1.170655655879907186e-07,1.370434664643615612e-14,2.332761552194296921e-07,5.441776459395945393e-14,4.840622636627763464e-07,2.343162751023312140e-13,-9.989252936481214843e-07,9.978517422899856586e-13
-2.775999999999999801e+00,2.241699827148799784e+02,6.746746156028388850e-08,4.551858369388384377e-15,-3.587134275001199409e-08,1.286753230688838139e-15,-1.274827898406508250e-07,1.625186170555554609e-14,2.539093042725132020e-07,6.446993479615168515e-14,5.265151584661484798e-07,2.772182120946334687e-13,-1.085692644639223616e-06,1.178728518623711492e-12
-2.772000000000000242e+00,2.226852105612800869e+02,7.350544624554679003e-08,5.403050627756968670e-15,-3.907765542029496923e-08,1.527063153147308723e-15,-1.387878421890809887e-07,1.926206513950124932e-14,2.762890422641746606e-07,7.633563487525489101e-14,5.725274693425978637e-07,3.277877031518393418e-13,-1.179656209065691193e-06,1.391588771587237808e-12
-2.767999999999999794e+00,2.212074950348799405e+02,8.006143213844286011e-08,6.409832916058490936e-15,-4.255865666251528373e-08,1.811239256917856504e-15,-1.510528533145213250e-07,2.281696449445829462e-14,3.005561739702778032e-07,9.033401371165189060e-14,6.223830248807798016e-07,3.873606296597493500e-13,-1.281382694383484037e-06,1.641941609465477311e-12
-2.764000000000000234e+00,2.197368148620801094e+02,8.717783015422493363e-08,7.599974070398889463e-15,-4.633680089047364312e-08,2.147099116763399042e-15,-1.643555068331049206e-07,2.701273262636679871e-14,3.268622468334329312e-07,1.068389284050000334e-13,6.763870338518978488e-07,4.574994195629683805e-13,-1.391480876375434666e-06,1.936219029318547860e-12
-2.759999999999999787e+00,2.182731487999999160e+02,9.490034643820630850e-08,9.006075754091577538e-15,-5.043628399465020640e-08,2.543818743189008683e-15,-1.787794411725536880e-07,3.196208858597058184e-14,3.553703201434937154e-07,1.262880644388892197e-13,7.348675928276390844e-07,5.400303789882887712e-13,-1.510604513611546300e-06,2.281925996543576398e-12
-2.756000000000000227e+00,2.168164756364800780e+02,1.032782235514388916e-07,1.066639145994098678e-14,-5.488317053051403660e-08,3.012162407481484233e-15,-1.944146784916142507e-07,3.779706721299773768e-14,3.862557852975735556e-07,1.491935316758452286e-13,7.981772920304073593e-07,6.370869895129941466e-13,-1.639455447629701226e-06,2.687814164762704113e-12
-2.751999999999999780e+00,2.153667741900799513e+02,1.123644981186942565e-07,1.262578043746604442e-14,-5.970552956537079273e-08,3.564750260681366128e-15,-2.113580823068156213e-07,4.467223895641464741e-14,4.197072402302400569e-07,1.761541675016844356e-13,8.666949252127063963e-07,7.511600933894587653e-13,-1.778786899474261618e-06,3.164082833741256971e-12
-2.748000000000000220e+00,2.139240233100800594e+02,1.222162759713355937e-07,1.493681811230166336e-14,-6.493357972503254104e-08,4.216369775907157264e-15,-2.297138455823881256e-07,5.276845085224925547e-14,4.559274212699369549e-07,2.078698134658545540e-13,9.408273096617222757e-07,8.851560266053142860e-13,-1.929406973755165337e-06,3.722611270375065534e-12
-2.743999999999999773e+00,2.124882018764799056e+02,1.328950258758175732e-07,1.766108790253422235e-14,-7.059984401193536933e-08,4.984337974509606612e-15,-2.495940111346721423e-07,6.229717039429484598e-14,4.951341958504493333e-07,2.451578719004711153e-13,1.021011222736903730e-06,1.042463916954707296e-12,-2.092182381935497061e-06,4.377227119281289941e-12
-2.740000000000000213e+00,2.110592888000000755e+02,1.444668929995180662e-07,2.087068317293420164e-14,-7.673931499813267712e-08,5.888922466382630790e-15,-2.711190263022164014e-07,7.350552642306190499e-14,5.375616196866041136e-07,2.889724949600852194e-13,1.107715461672948904e-06,1.227033544029314315e-12,-2.268042397121584048e-06,5.144016315141021309e-12
-2.735999999999999766e+00,2.096372630220799635e+02,1.570030333294968293e-07,2.464995247466309100e-14,-8.338963102990940084e-08,6.953830563304429006e-15,-2.944183339371640820e-07,8.668215535833545897e-14,5.834610622116178403e-07,3.404268111171093870e-13,1.201443033718449727e-06,1.443465363270591903e-12,-2.457983053216807666e-06,6.041680689901019918e-12
-2.732000000000000206e+00,2.082221035148801320e+02,1.705799703267005083e-07,2.909752627665802627e-14,-9.059126411564839786e-08,8.206777134071164536e-15,-3.196310018825996379e-07,1.021639773644744132e-13,6.331024042697969972e-07,4.008186542921974670e-13,1.302733484031807098e-06,1.697114530417650534e-12,-2.663071601908901260e-06,7.091950356893641322e-12
-2.727999999999999758e+00,2.068137892812799237e+02,1.852799751682020200e-07,3.432866919832955577e-14,-9.838772020509372604e-08,9.680143487155808269e-15,-3.469063932144350387e-07,1.203440456530482315e-13,6.867753122629062690e-07,4.716603295338123969e-13,1.412165369121251769e-06,1.994211029745361123e-12,-2.884451241590905986e-06,8.320058965115318712e-12
-2.724000000000000199e+00,2.054122993548800764e+02,2.011914720033863150e-07,4.047800840688938132e-14,-1.068257526063524331e-07,1.141174141991361428e-14,-3.764048796452943946e-07,1.416806334207885689e-13,7.447905931616647294e-07,5.547130276621043951e-13,1.530358883995216304e-06,2.341998313823084025e-12,-3.123346132968447785e-06,9.755291066328956789e-12
-2.719999999999999751e+00,2.040176127999999380e+02,2.184094697266902262e-07,4.770269646629401677e-14,-1.159555893269147094e-07,1.344569869615209604e-14,-4.082986006118733875e-07,1.667077472616141061e-13,8.074816350157602954e-07,6.520265908877255179e-13,1.657978651583158683e-06,2.748893209105509108e-12,-3.381066716780926769e-06,1.143161214332375543e-11
-2.716000000000000192e+00,2.026297087116800810e+02,2.370360218496863864e-07,5.618607565432499900e-14,-1.258311751667118168e-07,1.583348464383571410e-14,-4.427722706965467074e-07,1.960472836977760447e-13,8.752059378266989074e-07,7.659854336071115771e-13,1.795736683395590217e-06,3.224670236092594160e-12,-3.659015349761815630e-06,1.338839332979258184e-11
-2.711999999999999744e+00,2.012485662156799151e+02,2.571807161390861789e-07,6.614192075381322031e-14,-1.365104294348312363e-07,1.863509734448203857e-14,-4.800240381687353321e-07,2.304230772198194984e-13,9.483467398879729294e-07,8.993615390561465488e-13,1.944395520815748442e-06,3.780673941368345411e-12,-3.958692275683763887e-06,1.567124453355829775e-11
-2.708000000000000185e+00,1.998741644684800463e+02,2.789611957747480538e-07,7.781934874807730822e-14,-1.480555202070286347e-07,2.192043706377386306e-14,-5.202663975718717456e-07,2.706771244424129377e-13,1.027314744946649536e-06,1.055375585184799589e-12,2.104771566854370512e-06,4.430063348638601796e-12,-4.281701949077835758e-06,1.833297158073693707e-11
-2.703999999999999737e+00,1.985064826572799461e+02,3.025037138731294877e-07,9.150849690703619319e-14,-1.605331560886784028e-07,2.577089420379198514e-14,-5.637271594278683672e-07,3.177883102766133224e-13,1.112549955799776968e-06,1.237767404150085696e-12,2.277738618653600615e-06,5.188093214906012530e-12,-4.629759729983047006e-06,2.143467515737269607e-11
-2.700000000000000178e+00,1.971455000000000268e+02,3.279437233169378807e-07,1.075470856629763067e-13,-1.740148964973482130e-07,3.028118420298280887e-14,-6.106504802829581054e-07,3.728940090698073929e-13,1.204523620208194125e-06,1.450877151639453944e-12,2.464231611496465126e-06,6.072437435098465327e-12,-5.004698968872609302e-06,2.504701176903455895e-11
-2.695999999999999730e+00,1.957911957452798788e+02,3.554265039311402160e-07,1.263279996967128294e-13,-1.885774815308322985e-07,3.556146654051139626e-14,-6.612979564767770807e-07,4.373149872403613474e-13,1.303740295289612911e-06,1.699738757561847134e-12,2.665250585564767606e-06,7.103560683853336373e-12,-5.408478501716893763e-06,2.925163970353381471e-11
-2.692000000000000171e+00,1.944435491724800897e+02,3.851078291491044785e-07,1.483080400719358353e-13,-2.043031825402910280e-07,4.173979039609147869e-14,-7.159497851807543589e-07,5.125840949003682803e-13,1.410740036842425369e-06,1.990187451550167736e-12,2.881864887190889560e-06,8.305145228023758404e-12,-5.843190575980205613e-06,3.414287610722388520e-11
-2.687999999999999723e+00,1.931025395916799425e+02,4.171546744205879771e-07,1.740180223909467569e-13,-2.212801745841864768e-07,4.896491566400804654e-14,-7.749059964223987369e-07,6.004793032913906150e-13,1.526100720351776335e-06,2.328983408658210525e-12,3.115217616868039999e-06,9.704580800444989940e-12,-6.311069229208844967e-06,3.982959481586672493e-11
-2.684000000000000163e+00,1.917681463436800868e+02,4.517459697256909189e-07,2.040744211634048633e-13,-2.396029319970323106e-07,5.740956502157448853e-14,-8.384877599890799057e-07,7.030617236515048828e-13,1.650440500740188914e-06,2.723953846483525688e-12,3.366530336819058637e-06,1.133352650872304413e-11,-6.814499142751625908e-06,4.643739856656264628e-11
-2.679999999999999716e+00,1.904403487999999243e+02,4.890733986758673508e-07,2.391927892923638776e-13,-2.593726483676582469e-07,6.727417072125289435e-14,-9.070387712885114819e-07,8.227193326205726113e-13,1.784420418246645162e-06,3.184156229055531921e-12,3.637108051476144708e-06,1.322855497811259770e-11,-7.356024994060762960e-06,5.411110371324664647e-11
-2.676000000000000156e+00,1.891191263628800527e+02,5.293422468047632455e-07,2.802032142523148730e-13,-2.806976822847783278e-07,7.879118884004635199e-14,-9.809267204335224173e-07,9.622172308604659180e-13,1.928747158150649492e-06,3.720065600074206548e-12,3.928344474792879921e-06,1.543189031263574705e-11,-7.938361331950612905e-06,6.301758063660871180e-11
-2.671999999999999709e+00,1.878044584652798790e+02,5.727723017781511116e-07,3.280681096842414051e-13,-3.036940302732167199e-07,9.223006402358946833e-14,-1.060544849015936296e-06,1.124755376774235066e-12,2.084175972401597768e-06,4.343789483936145766e-12,4.241727598895755058e-06,1.799225302323394832e-11,-8.564403000143911305e-06,7.334899874887402246e-11
-2.668000000000000149e+00,1.864963245708800343e+02,6.195988083836686358e-07,3.839026833504621355e-13,-3.284858284122381825e-07,1.079029394676743897e-13,-1.146313599238633141e-06,1.314034867799429717e-12,2.251513771568860594e-06,5.069314263564235280e-12,4.578845579185061829e-06,2.096582683802258582e-11,-9.237236135409331793e-06,8.532653142131193238e-11
-2.663999999999999702e+00,1.851947041740799023e+02,6.700734812975726191e-07,4.489984703382484005e-13,-3.552058841981127086e-07,1.261712201689630644e-13,-1.238682360286234518e-06,1.534333989684276901e-12,2.431622395894512285e-06,5.912787476215768545e-12,4.941392951614525133e-06,2.441736430226570761e-11,-9.960149767590100269e-06,9.920458339282513240e-11
-2.660000000000000142e+00,1.838995768000000339e+02,7.244655787673962609e-07,5.248503748187784245e-13,-3.839962402863773561e-07,1.474531125540732441e-13,-1.338131317033447999e-06,1.790595421625670221e-12,2.625422074608689436e-06,6.892841069842594469e-12,5.331177198515342856e-06,2.842145032196989849e-11,-1.073664804984041419e-05,1.152756113461419680e-10
-2.655999999999999694e+00,1.826109220044799315e+02,7.830630404963715128e-07,6.131877253914219616e-13,-4.150087718252906675e-07,1.722322806919361610e-13,-1.445173406416049915e-06,2.088526174612169424e-12,2.833895083057216377e-06,8.030961341775867744e-12,5.750125679983249281e-06,3.306394533560282251e-11,-1.157046314842379023e-05,1.338756174690329694e-10
-2.652000000000000135e+00,1.813287193740800376e+02,8.461736931678545227e-07,7.160099190093264222e-13,-4.484058191707702104e-07,2.010677786662094722e-13,-1.560356387022838550e-06,2.434712054522966443e-12,3.058089607592488628e-06,9.351912048065181587e-12,6.200292948516771408e-06,3.844363264742679637e-11,-1.246556882248460312e-05,1.553904060681001846e-10
-2.647999999999999687e+00,1.800529485260799163e+02,9.141265272058867584e-07,8.356273077414947997e-13,-4.843608578547077699e-07,2.346054406217484192e-13,-1.684265027707779453e-06,2.836748683559486907e-12,3.299123828591690134e-06,1.088421803638149139e-11,6.683868465280719350e-06,4.467409766117403828e-11,-1.342619472528002371e-05,1.802627048011371314e-10
-2.644000000000000128e+00,1.787835891084800437e+02,9.872730485315319326e-07,9.747080723567446487e-13,-5.230592077630216340e-07,2.735909348256798275e-13,-1.817523421270036123e-06,3.303391386865137382e-12,3.558190232391237545e-06,1.266071772988440912e-11,7.203184737070968578e-06,5.188587035637215710e-11,-1.445684145945340568e-05,2.090002649837708650e-10
-2.639999999999999680e+00,1.775206207999998753e+02,1.065988709243868469e-06,1.136331928235408688e-12,-5.646987835671881905e-07,3.188847161622620335e-13,-1.960797429505707706e-06,3.844726559556190974e-12,3.836560163362949648e-06,1.471919388710354202e-11,7.760725893774454812e-06,6.022886639830130702e-11,-1.556229642004082380e-05,2.421850698652154462e-10
-2.636000000000000121e+00,1.762640233100800060e+02,1.150674421329564971e-06,1.324051623902129305e-12,-6.094908885433214808e-07,3.714791432173275518e-13,-2.114797266198945692e-06,4.472367477122534155e-12,4.135588627805749606e-06,1.710309329843624400e-11,8.359136726851653263e-06,6.987516681820016784e-11,-1.674765046002883051e-05,2.804837959313038822e-10
-2.631999999999999673e+00,1.750137763788799248e+02,1.241758157685932424e-06,1.541963322179561019e-12,-6.576610540062122845e-07,4.325180619565620792e-13,-2.280280224891707000e-06,5.199677904032173799e-12,4.456719361786710932e-06,1.986234746972454764e-11,9.001232210117224335e-06,8.102218130045180615e-11,-1.801831541442196994e-05,3.246596903735963906e-10
-2.628000000000000114e+00,1.737698597772800326e+02,1.339696644929309454e-06,1.794787100434848213e-12,-7.094499266821051367e-07,5.033191984692443806e-13,-2.458053558550786675e-06,6.042027296704186001e-12,4.801490175536829302e-06,2.305430790577669269e-11,9.690007524857568506e-06,9.389624583179629717e-11,-1.938004251993238308e-05,3.755860480743870975e-10
-2.623999999999999666e+00,1.725322533068798805e+02,1.444977152653673171e-06,2.087958971691116531e-12,-7.651142064434484931e-07,5.853997489015879215e-13,-2.648977518537933622e-06,7.017081893719388165e-12,5.171538587489985539e-06,2.674481136189791369e-11,1.042864861210115790e-05,1.087567118746794066e-10,-2.083894176856845013e-05,4.342614940337867652e-10
-2.620000000000000107e+00,1.713009368000000450e+02,1.558119384003562165e-06,2.427736014807640072e-12,-8.249276369314118448e-07,6.805056061732432366e-13,-2.853968560583820843e-06,8.145136544800886510e-12,5.568607761547969354e-06,3.100939240197228573e-11,1.122054327564809703e-05,1.259005914006917282e-10,-2.240150223457425954e-05,5.018273023656355124e-10
-2.615999999999999659e+00,1.700758901196798831e+02,1.679677472630803440e-06,2.821316412063403619e-12,-8.891820516976600641e-07,7.906447210612602152e-13,-3.074002725769345794e-06,9.449492758037368205e-12,5.994552761659953244e-06,3.593466281232497404e-11,1.206929286026873618e-05,1.456678301469339022e-10,-2.407461341535373613e-05,5.795870110987301312e-10
-2.612000000000000099e+00,1.688570931596800619e+02,1.810242091316221067e-06,3.276976429172925851e-12,-9.581884786057434531e-07,9.181251605327892939e-13,-3.310119204828228043e-06,1.095688915017266031e-11,6.451347138321329640e-06,4.161987989912680677e-11,1.297872453029667136e-05,1.684472904333245578e-10,-2.586558762820182568e-05,6.690286233521873474e-10
-2.607999999999999652e+00,1.676445258444798867e+02,1.950442677755514965e-06,3.804226639210103742e-12,-1.032278305344499545e-06,1.065598499684911805e-12,-3.563424094402970416e-06,1.269799127657163027e-11,6.941089862123950765e-06,4.817872847407988330e-11,1.395290417466793372e-05,1.946835349074658626e-10,-2.778218350585666830e-05,7.718497203530943187e-10
-2.604000000000000092e+00,1.664381681292800295e+02,2.100949783232864534e-06,4.413989991666220211e-12,-1.111804509021110008e-06,1.236109266279671400e-12,-3.835094354212012754e-06,1.470794870570885668e-11,7.466012620027368274e-06,5.574134444240792813e-11,1.499614996529533431e-05,2.248845137816272502e-10,-2.983263063508030116e-05,8.899858506091317346e-10
-2.599999999999999645e+00,1.652379999999998859e+02,2.262477550136594254e-06,5.118804664872085228e-12,-1.197142952919896733e-06,1.433151249725770161e-12,-4.126381974419107709e-06,1.702702819881093289e-11,8.028487490568208781e-06,6.445661138621021896e-11,1.611304659651285534e-05,2.596302706213944907e-10,-3.202565538366752834e-05,1.025642602753432991e-09
-2.596000000000000085e+00,1.640440014732800194e+02,2.435786324508407791e-06,5.933055018662178619e-12,-1.288693753634608032e-06,1.660731590656855887e-12,-4.438618362836599683e-06,1.970133297091025600e-11,8.631035014782069959e-06,7.449476542639412874e-11,1.730846023417968271e-05,2.995827956781793851e-10,-3.437050796247134558e-05,1.181331817598306253e-09
-2.592000000000000082e+00,1.628561525964800012e+02,2.621685410061321418e-06,6.873234389328399031e-12,-1.386882721906797169e-06,1.923443684323606495e-12,-4.773218961942099642e-06,2.278361925864361551e-11,9.276332680178726053e-06,8.605034799335182989e-11,1.858755420389467995e-05,3.454971712827227832e-10,-3.687699077021537895e-05,1.359912448266550244e-09
-2.588000000000000078e+00,1.616744334476800304e+02,2.821035970351423812e-06,7.958243946016598753e-12,-1.492162880630963637e-06,2.226550062332895455e-12,-5.131688106042988809e-06,2.633422281770307637e-11,9.967223835686639006e-06,9.934555099067988005e-11,1.995580544863935219e-05,3.982341711039440730e-10,-3.955548807003676152e-05,1.564636636458820577e-09
-2.584000000000000075e+00,1.604988241356800245e+02,3.034754086045043768e-06,9.209732362767088792e-12,-1.605016063618363718e-06,2.576076564472987421e-12,-5.515624129284968924e-06,3.042210953555057122e-11,1.070672705606607049e-05,1.146340042530972280e-10,2.141902178703890145e-05,4.587744943136471190e-10,-4.241699704786299505e-05,1.799201638558417977e-09
-2.580000000000000071e+00,1.593293048000000169e+02,3.263813974485666316e-06,1.065248166004792245e-11,-1.725954598845788573e-06,2.978919277276926898e-12,-5.926724735569303535e-06,3.512606609120902794e-11,1.149804597488114972e-05,1.322050612404805975e-10,2.298336000430526666e-05,5.282348370874990246e-10,-4.547316030387086162e-05,2.067808308021536834e-09
-2.576000000000000068e+00,1.581658556108800440e+02,3.509251379034073945e-06,1.231484524125254994e-11,-1.855523080053130708e-06,3.442965900609856957e-12,-6.366792641818268194e-06,4.053604854391124458e-11,1.234457960571912839e-05,1.523886456419366321e-10,2.465534480880185220e-05,6.078860276409124839e-10,-4.873629982940066915e-05,2.375226921061239852e-09
-2.572000000000000064e+00,1.570084567692800022e+02,3.772167135930546549e-06,1.422924490139446259e-11,-1.994300230694155674e-06,3.977233410146762396e-12,-6.837741506409229767e-06,4.675470890847156477e-11,1.324993317194933518e-05,1.755607290611233610e-10,2.644188868804477383e-05,6.991734773909502032e-10,-5.221945252280085683e-05,2.726871221781052797e-09
-2.568000000000000060e+00,1.558570885068800465e+02,4.053730926709498084e-06,1.643273442616104748e-11,-2.142900864388530217e-06,4.592024114597110059e-12,-7.341602154984608165e-06,5.389912220207463997e-11,1.421792946592404467e-05,2.021495182979911832e-10,2.835031269882879333e-05,8.037402301213730887e-10,-5.593640729875366482e-05,3.128881661492062191e-09
-2.564000000000000057e+00,1.547117310860799932e+02,4.355185224484582477e-06,1.896763833956882152e-11,-2.301977946169768257e-06,5.299102464651984394e-12,-7.880529116237151789e-06,6.210273915186150242e-11,1.525262075913791719e-05,2.326424400220849441e-10,3.038836822703479561e-05,9.234529235018578851e-10,-5.990174384667629258e-05,3.588218915872821200e-09
-2.560000000000000053e+00,1.535723648000000310e+02,4.677849442715884206e-06,2.188227540871730883e-11,-2.472224758973265043e-06,6.111895258880418723e-12,-8.456807480667288425e-06,7.151759276507021332e-11,1.635830128548092333e-05,2.675940209465668383e-10,3.256425975353861309e-05,1.060431013295934630e-09,-6.413087309480135624e-05,4.112768883901516091e-09
-2.556000000000000050e+00,1.524389699724799812e+02,5.023124295370260931e-06,2.523177768673898134e-11,-2.654377179960935863e-06,7.045718213497370368e-12,-9.072860095711309227e-06,8.231679031635062557e-11,1.753952032034072024e-05,3.076347730676450573e-10,3.488666866349561719e-05,1.217079650436526982e-09,-6.864007943750910848e-05,4.711460505187560990e-09
-2.552000000000000046e+00,1.513115269580800089e+02,5.392496377691035233e-06,2.907901718341093747e-11,-2.849216071434057515e-06,8.118032221718124534e-12,-9.731255111045348252e-06,9.469732603624621520e-11,1.880109587893348023e-05,3.534812062488494697e-10,3.736477813711913508e-05,1.396126645236136141e-09,-7.344656478440971165e-05,5.394397878630492450e-09
-2.548000000000000043e+00,1.501900161420799691e+02,5.787542977103861917e-06,3.349565371182423249e-11,-3.057569791243618069e-06,9.348733028325542348e-12,-1.043471388828005429e-05,1.088832539302646492e-10,2.014812905786574063e-05,4.059471045324138318e-10,4.000829916090203821e-05,1.600664001748234815e-09,-7.856849449054848107e-05,6.173008326511347333e-09
-2.544000000000000039e+00,1.490744179404800320e+02,6.209937124101532174e-06,3.856331908529440932e-11,-3.280316827767747605e-06,1.076047849053625908e-11,-1.118611928967403443e-05,1.251292647628175342e-10,2.158601904455334177e-05,4.659562181918196042e-10,4.282749769904603342e-05,1.834194559161793377e-09,-8.402504522792910455e-05,7.060208225555531828e-09
-2.540000000000000036e+00,1.479647128000000009e+02,6.661452893271550917e-06,4.437495464927591961e-11,-3.518388564688426531e-06,1.237905809213028693e-11,-1.198852436090994879e-05,1.437247163521313078e-10,2.312047881974495732e-05,5.345565408542751782e-10,4.583322306566075041e-05,2.100684336586616585e-09,-8.983645485931136105e-05,8.070588621689087092e-09
-2.536000000000000032e+00,1.468608811980800510e+02,7.143970964956198383e-06,5.103632114813719878e-11,-3.772772180964601114e-06,1.423380992946039239e-11,-1.284516142339493990e-05,1.649981719930735291e-10,2.475755157901680570e-05,6.129363601876775334e-10,4.903693753907088272e-05,2.404621243210739244e-09,-9.602407437593663052e-05,9.220622859755409179e-09
-2.532000000000000028e+00,1.457629036428799907e+02,7.659484458365262046e-06,5.866770216793899743e-11,-4.044513691565860988e-06,1.635809100126370781e-11,-1.375945159196641248e-05,1.893225081116670551e-10,2.650362789971913384e-05,7.024422918467704377e-10,5.245074726032231962e-05,2.751080888166209249e-09,-1.026104219614607221e-04,1.052889869510902032e-08
-2.528000000000000025e+00,1.446707606732800002e+02,8.210105047296422311e-06,6.740582488764218665e-11,-4.334721134699824534e-06,1.878980731561333369e-11,-1.473501473430401096e-05,2.171206592201563121e-10,2.836546368046425040e-05,8.045995298077365159e-10,5.608743445870410679e-05,3.145800304159429037e-09,-1.096192392449230621e-04,1.201637761263567963e-08
-2.524000000000000021e+00,1.435844328588799783e+02,8.798069369957018317e-06,7.740602463857588454e-11,-4.644567911437136476e-06,2.157201108395152372e-11,-1.577567988876862681e-05,2.488720759528989130e-10,3.035019888084675060e-05,9.211345721069513308e-10,5.996049104779829791e-05,3.595260486693099996e-09,-1.170755498060481822e-04,1.370668436238846836e-08
-2.520000000000000018e+00,1.425039008000000251e+02,9.425745744723271422e-06,8.884468284416886203e-11,-4.975296283810350279e-06,2.475357311169707994e-11,-1.688549615780833189e-05,2.851199804953599611e-10,3.246537708967940964e-05,1.054000709575080772e-09,6.408415363623253891e-05,4.106778747272255890e-09,-1.250057199965538596e-04,1.562643003185682496e-08
-2.516000000000000014e+00,1.414291451276800444e+02,1.009564120401873671e-05,1.019219713202808846e-10,-5.328221037636677449e-06,2.838993942591407150e-11,-1.806874409448851648e-05,3.264795131521136193e-10,3.471896595060989962e-05,1.205406596679609577e-09,6.847343999793562160e-05,4.688611985150889796e-09,-1.334375221414230378e-04,1.780557231524276328e-08
-2.512000000000000011e+00,1.403601465036800278e+02,1.081040885884217312e-05,1.168649396953333338e-10,-5.704733316489518904e-06,3.254398221226550813e-11,-1.932994760011858893e-05,3.736468742233303792e-10,3.711937847455288757e-05,1.377848258337100262e-09,7.314418704728152944e-05,5.350072098807707408e-09,-1.424002001842775394e-04,2.027781701252231595e-08
-2.508000000000000007e+00,1.392968856204799977e+02,1.157285560682596627e-05,1.339309868964431953e-10,-6.106304633419480848e-06,3.728695627612021859e-11,-2.067388635135881131e-05,4.274095768689001273e-10,3.967549526892738678e-05,1.574144924834679500e-09,7.811309036504861692e-05,6.101654886378250883e-09,-1.519245378410643058e-04,2.308106519822098029e-08
-2.504000000000000004e+00,1.382393432012799792e+02,1.238595019705908748e-05,1.534117622840280369e-10,-6.534491067202078943e-06,4.269957350734376237e-11,-2.210560877559823641e-05,4.886579393398057197e-10,4.239668771422807914e-05,1.797479129137778086e-09,8.339774532161421477e-05,6.955183924728825768e-09,-1.620429293262217894e-04,2.625791094462290896e-08
-2.500000000000000000e+00,1.371875000000000000e+02,1.325283166526286605e-05,1.756375471477941045e-10,-6.990937650066268731e-06,4.887320922711408167e-11,-2.363044559379599461e-05,5.583979589613524900e-10,4.529284211898024746e-05,2.051441547214871068e-09,8.901668984424622336e-05,7.923971070826728865e-09,-1.727894527153278875e-04,2.985619496966253438e-08
-2.495999999999999996e+00,1.361413368012800049e+02,1.417681815326314480e-05,2.009821729506914480e-10,-7.477382954034887143e-06,5.591125584129149767e-11,-2.525402395037357097e-05,6.377657256860419311e-10,4.837438488462817777e-05,2.340081112966142943e-09,9.498944887573930744e-05,9.022995397716691321e-09,-1.841999460079352525e-04,3.392962010932626263e-08
-2.491999999999999993e+00,1.351008344204799982e+02,1.516141612705795141e-05,2.298685389778129417e-10,-7.995663883184980046e-06,6.393064093286871717e-11,-2.698228215013296621e-05,7.280435500293840351e-10,5.165230871238480405e-05,2.667960995319503004e-09,1.013365805719683421e-04,1.026910256201903151e-08,-1.963120859538660952e-04,3.853843509155810779e-08
-2.487999999999999989e+00,1.340659737036799868e+02,1.621033000813528900e-05,2.627747989726514433e-10,-8.547720679312284604e-06,7.306352881154286509e-11,-2.882148502255444170e-05,8.306779989053300152e-10,5.513819988452360534e-05,3.040221086505679074e-09,1.080797242861936765e-04,1.168122680177964270e-08,-2.091654697056611462e-04,4.375019371718985393e-08
-2.483999999999999986e+00,1.330367355276800083e+02,1.732747223305008345e-05,3.002412939871216501e-10,-9.135602148659643844e-06,8.345922661859469832e-11,-3.077823993419611667e-05,9.473000534469445804e-10,5.884426665301931413e-05,3.462647717931640676e-09,1.152416503881444944e-04,1.328063798418332435e-08,-2.228016993591455024e-04,4.964059723732305587e-08
-2.479999999999999982e+00,1.320131008000000179e+02,1.851697375662248875e-05,3.428783171034459542e-10,-9.761471117543365488e-06,9.528631837863332593e-11,-3.285951347027503178e-05,1.079747625503186361e-09,6.278336876884035953e-05,3.941751393964198720e-09,1.228463119660258703e-04,1.509121636365415250e-08,-2.372644694431839485e-04,5.629442846015557047e-08
-2.475999999999999979e+00,1.309950504588799731e+02,1.978319501447045362e-05,3.913748049805686126e-10,-1.042761012488430557e-05,1.087350529165896772e-10,-3.507264880685377498e-05,1.230090694328901476e-09,6.696904818556004984e-05,4.484853414879863896e-09,1.309188984596353804e-04,1.713975797388431879e-08,-2.525996574186372139e-04,6.380658692801288756e-08
-2.471999999999999975e+00,1.299825654732800047e+02,2.113073736093738338e-05,4.465080614169149809e-10,-1.113642735982114894e-05,1.240200143405730544e-10,-3.742538379538775197e-05,1.400659352232072230e-09,7.141556097128248066e-05,5.100182348842965800e-09,1.394858912727336053e-04,1.945631386414886211e-08,-2.688554172452961208e-04,7.228323538214226748e-08
-2.467999999999999972e+00,1.289756268428800183e+02,2.256445499881985011e-05,5.091546293937661450e-10,-1.189046285275174793e-05,1.413831068526692302e-10,-3.992586978170304285e-05,1.594075077825508168e-09,7.613791046317138725e-05,5.796981409697903144e-09,1.485751214126827433e-04,2.207456670279341870e-08,-2.860822760741489504e-04,8.184306868376558201e-08
-2.463999999999999968e+00,1.279742155980800220e+02,2.408946741763990141e-05,5.803024404655344200e-10,-1.269239492831395026e-05,1.610968890162896925e-10,-4.258269118177305038e-05,1.813285588282252391e-09,8.115188169912100407e-05,6.585627903308130899e-09,1.582158292051449118e-04,2.503224861107158610e-08,-3.043332341207251410e-04,9.261871739038010418e-08
-2.459999999999999964e+00,1.269783127999999834e+02,2.571117235754081867e-05,6.610643839991711007e-10,-1.354504692897956554e-05,1.834682963082587679e-10,-4.540488583694196785e-05,2.061603657865733154e-09,8.647407716131700782e-05,7.477766020901407220e-09,1.684387261313109794e-04,2.837160446073878431e-08,-3.236638677734443776e-04,1.047582993020656902e-07
-2.455999999999999961e+00,1.259878995404800008e+02,2.743525931621304821e-05,7.526934537478548291e-10,-1.445139421809377271e-05,2.088427948467541325e-10,-4.840196617150278126e-05,2.342750329267299567e-09,9.212195386659779018e-05,8.486454384199571426e-09,1.792760588347081516e-04,3.213990527130573968e-08,-3.441324359888779530e-04,1.184271334996391773e-07
-2.451999999999999957e+00,1.250029569420799618e+02,2.926772361657796305e-05,8.565996456963954889e-10,-1.541457147134657130e-05,2.376090136452515810e-10,-5.158394117577521135e-05,2.660902987225837298e-09,9.811386183863923284e-05,9.626329884891588048e-09,1.907616753441025118e-04,3.639001678008876574e-08,-3.657999900235894613e-04,1.338096327012581472e-07
-2.447999999999999954e+00,1.240234661580799980e+02,3.121488105326961706e-05,9.743687991697704482e-10,-1.643788026581248721e-05,2.702039076331875995e-10,-5.496133923804382245e-05,3.020748810839335421e-09,1.044690839970481057e-04,1.091378951118229245e-08,2.029310935583672970e-04,4.118102873279482361e-08,-3.887304865497576774e-04,1.511113911732113270e-07
-2.443999999999999950e+00,1.230494083724799594e+02,3.328338313625830812e-05,1.107783592994963891e-09,-1.752479697583913780e-05,3.071185090443805732e-10,-5.854523184890573161e-05,3.427544172242126094e-09,1.112078774984548473e-04,1.236719201771134063e-08,2.158215720384246237e-04,4.657895095713690752e-08,-4.129909041990860083e-04,1.705614869511786430e-07
-2.439999999999999947e+00,1.220807647999999830e+02,3.548023295025299928e-05,1.258846930204218717e-09,-1.867898098520383526e-05,3.489043306456064648e-10,-6.234725820173992784e-05,3.887180605274427010e-09,1.183515165646438353e-04,1.400708147315116369e-08,2.294721831504796332e-04,5.265748283984727005e-08,-4.386513635765627622e-04,1.924150187675778474e-07
-2.435999999999999943e+00,1.211175166860799806e+02,3.781280164880192245e-05,1.429807968531637472e-09,-1.990428322508953454e-05,3.961804907045806398e-10,-6.637965071314377808e-05,4.406258028798969066e-09,1.259223368326458866e-04,1.585643491339432837e-08,2.439238886037485012e-04,5.949886343157390923e-08,-4.657852507824479494e-04,2.169558998464679282e-07
-2.431999999999999940e+00,1.201596453068799804e+02,4.028884560228016421e-05,1.623191079964369721e-09,-2.120475504755684869e-05,4.496416366268876664e-10,-7.065526148728551263e-05,4.992165975836691222e-09,1.339437812615380493e-04,1.794093653863875082e-08,2.592196174247295474e-04,6.719481005782315362e-08,-4.944693444774173876e-04,2.444999326279268755e-07
-2.427999999999999936e+00,1.192071319692799705e+02,4.291652421920951838e-05,1.841828051057997128e-09,-2.258465744430629744e-05,5.100667518766598890e-10,-7.518758974819210494e-05,5.653173652142442616e-09,1.424404476304488734e-04,2.028928112116264752e-08,2.754043464087712234e-04,7.584755402084246533e-08,-5.247839465220798102e-04,2.753981905272891169e-07
-2.423999999999999932e+00,1.182599580108800126e+02,4.570441846059742621e-05,2.088893866821398730e-09,-2.404847062063486385e-05,5.783289391915382166e-10,-7.999081026402758351e-05,6.398529726695660848e-09,1.514381376619475922e-04,2.293350953851898828e-08,2.925251830882543780e-04,8.557098274081674278e-08,-5.568130162181026766e-04,3.100407350299010653e-07
-2.419999999999999929e+00,1.173181047999999862e+02,4.866155006720731250e-05,2.367946454943323966e-09,-2.560090393459117230e-05,6.554062822681657258e-10,-8.507980278741720680e-05,7.238572842345804799e-09,1.609639078046020495e-04,2.590937961572842824e-08,3.106314512551121222e-04,9.649189850885709643e-08,-5.906443081739154010e-04,3.488606987782431311e-07
-2.415999999999999925e+00,1.163815537356799865e+02,5.179740151988131396e-05,2.682970804211803230e-09,-2.724690621142534071e-05,7.423938980942088111e-10,-9.047018253583309394e-05,8.184853928066959405e-09,1.710461217080170660e-04,2.925677575135378597e-08,3.297747790736636720e-04,1.087514049130836784e-07,-6.263695138134067449e-04,3.923387678348435661e-07
-2.411999999999999922e+00,1.154502862476799834e+02,5.512193675322632860e-05,3.038427911426683708e-09,-2.899167644351031698e-05,8.405173030051909816e-10,-9.617833173597781227e-05,9.250271495515796627e-09,1.817145044231094310e-04,3.302016111773625841e-08,3.500091898178294531e-04,1.225064329569333586e-07,-6.640844065411904756e-04,4.410080990111651541e-07
-2.407999999999999918e+00,1.145242837964799492e+02,5.864562264314469674e-05,3.439309055202125941e-09,-3.084067488598191408e-05,9.511472274228354987e-10,-1.022214322559801916e-04,1.044922121246394837e-08,1.930001983597350523e-04,3.724907656689707841e-08,3.713911952647137361e-04,1.379314199201527263e-07,-7.038889905728611032e-04,4.954597110496813690e-07
-2.403999999999999915e+00,1.136035278732800009e+02,6.237945128883973320e-05,3.891195943096728956e-09,-3.279963455840353959e-05,1.075816027164819848e-09,-1.086174993490506008e-04,1.179776116484100816e-08,2.049358210330547235e-04,4.199869074249223175e-08,3.939798917742916491e-04,1.552201551224825683e-07,-7.458876534332122520e-04,5.563483915441037522e-07
-2.399999999999999911e+00,1.126880000000000024e+02,6.633496311005323556e-05,4.400327330812123588e-09,-3.487457316280793778e-05,1.216235853288043608e-09,-1.153854165320289008e-04,1.331379434826980858e-08,2.175555246292003254e-04,4.733040629668658887e-08,4.178370590825072287e-04,1.745878079427186489e-07,-7.901893221196182576e-04,6.243991647918618178e-07
-2.395999999999999908e+00,1.117776817292799763e+02,7.052427078039467956e-05,4.973672769106430682e-09,-3.707180542850196730e-05,1.374318757728707957e-09,-1.225449716219954095e-04,1.501727006983566102e-08,2.308950574198856908e-04,5.331252754093230694e-08,4.430272618324756486e-04,1.962731547267809266e-07,-8.369076229216957947e-04,7.004143693044433641e-07
-2.391999999999999904e+00,1.108725546444799903e+02,7.496008401769898080e-05,5.619014195940490491e-09,-3.939795589403992306e-05,1.552198928628715145e-09,-1.301168939538004696e-04,1.693040609218455816e-08,2.449918270545867215e-04,6.002099532354453684e-08,4.696179538656823768e-04,2.205410225929901802e-07,-8.861610448819475525e-04,7.852813974662650486e-07
-2.387999999999999901e+00,1.099726003596799870e+02,7.965573525240028652e-05,6.345036158600485364e-09,-4.185997213677627055e-05,1.752257267291685713e-09,-1.381228928010009790e-04,1.907793351571680964e-08,2.598849657577930123e-04,6.754019542692924935e-08,4.976795852920751174e-04,2.476849696164918913e-07,-9.380731068753510055e-04,8.799811538427737175e-07
-2.383999999999999897e+00,1.090778005196799825e+02,8.462520619493133834e-05,7.161425523534645380e-09,-4.446513846039848992e-05,1.977148538302409129e-09,-1.465856970222679135e-04,2.148736657150412437e-08,2.756153974576034467e-04,7.596384731571271638e-08,5.272857123547536936e-04,2.780302224534600612e-07,-9.927725282787808019e-04,9.855972929050426950e-07
-2.379999999999999893e+00,1.081881367999999810e+02,8.988315532315011382e-05,8.078981610845528811e-09,-4.722109005081479423e-05,2.229831345587160134e-09,-1.555290959548486212e-04,2.418929968853251094e-08,2.922259068706000058e-04,8.539598064634458344e-08,5.585131101015669260e-04,3.119368941553250193e-07,-1.050393403193740490e-03,1.103326301472927819e-06
-2.375999999999999890e+00,1.073035909068800038e+02,9.544494631075634830e-05,9.109737776263161593e-09,-5.013582761072809120e-05,2.513601210212645283e-09,-1.649779815761244072e-04,2.721773440493204519e-08,3.097612105664780224e-04,9.595200757160993745e-08,5.914418878723206457e-04,3.498035067299747226e-07,-1.111075378178122929e-03,1.234488495993658882e-06
-2.371999999999999886e+00,1.064241445772799892e+02,1.013266774175880465e-04,1.026709555648794819e-08,-5.321773248316727606e-05,2.832127050649957281e-09,-1.749583919537018228e-04,3.061043891502515688e-08,3.282680300343432801e-04,1.077598995426285075e-07,6.261556076064935319e-04,3.920708449370571249e-07,-1.174963833434627741e-03,1.380540009879395673e-06
-2.367999999999999883e+00,1.055497795788799635e+02,1.075452118625815296e-04,1.156597259456754626e-08,-5.647558227416750503e-05,3.189491393206263003e-09,-1.854975560038067055e-04,3.440934328338540823e-08,3.477951667708932917e-04,1.209614780291934741e-07,6.627414049723210883e-04,4.392261698646860893e-07,-1.242210067395017837e-03,1.543085851537534857e-06
-2.363999999999999879e+00,1.046804777100799697e+02,1.141182092000357607e-04,1.302296567102312616e-08,-5.991856698469256521e-05,3.590234669499089859e-09,-1.966239395770144627e-04,3.866097361478543267e-08,3.683935794088858957e-04,1.357138293496911286e-07,7.012901133138676503e-04,4.918078230317772869e-07,-1.312971484630602592e-03,1.723894119453088802e-06
-2.359999999999999876e+00,1.038162207999999680e+02,1.210641577196405890e-04,1.465653028436601277e-08,-6.355630566177415685e-05,4.039403989372866111e-09,-2.083672928895477039e-04,4.341692874611855479e-08,3.901164629023567759e-04,1.521908546274459183e-07,7.418963904082326788e-04,5.504102541007648243e-07,-1.387411787010204471e-03,1.924911466734848800e-06
-2.355999999999999872e+00,1.029569907084799780e+02,1.284024078905084056e-04,1.648717835208049533e-08,-6.739886357870306197e-05,4.542606811700626210e-09,-2.207586993174958550e-04,4.873440332435254400e-08,4.130193297829761931e-04,1.705849667743788526e-07,7.846588480203467962e-04,6.156895077766176569e-07,-1.465701168017373044e-03,2.148279913927491461e-06
-2.351999999999999869e+00,1.021027693260799651e+02,1.361532068691883332e-04,1.853769574076399419e-08,-7.145676995394577638e-05,5.106069972251128195e-09,-2.338306255703634438e-04,5.467676145462750451e-08,4.371600934997294115e-04,1.911089473486921644e-07,8.296801842378860809e-04,6.883692081170125739e-07,-1.548016510128775742e-03,2.396355115631274134e-06
-2.347999999999999865e+00,1.012535385740799683e+02,1.443377340913368418e-04,2.083338148262146094e-08,-7.574103621827652519e-05,5.736704567418275981e-09,-2.476169732593321579e-04,6.131416544611281653e-08,4.625991538517680839e-04,2.139979771443717937e-07,8.770673185636844752e-04,7.692470812924915762e-07,-1.634541585145514279e-03,2.671726193570010627e-06
-2.343999999999999861e+00,1.004092804044799863e+02,1.529781379663723605e-04,2.340231069565845801e-08,-8.026317483940689594e-05,6.442177235301200001e-09,-2.621531318745184622e-04,6.872426455161867132e-08,4.893994845217970952e-04,2.395118554502007223e-07,9.269315297376366563e-04,8.592020608217551804e-07,-1.725467257358594348e-03,2.977237256216589814e-06
-2.339999999999999858e+00,9.956997679999996365e+01,1.620975736940454925e-04,2.627562339749651031e-08,-8.503521871316384653e-05,7.230988421595611198e-09,-2.774760331843322599e-04,7.699294899171266298e-08,5.176267227147478365e-04,2.679374240684104325e-07,9.793885962544647290e-04,9.592020224732908716e-07,-1.820991689418899459e-03,3.316010732932697691e-06
-2.335999999999999854e+00,9.873560977407997541e+01,1.717202422214168225e-04,2.948784158858206358e-08,-9.006974113000985524e-05,8.112558267226989390e-09,-2.936242070687784984e-04,8.621517497676891137e-08,5.473492609037209711e-04,2.995912134118496048e-07,1.034558939537864918e-03,1.070312199377711727e-06,-1.921320550770827399e-03,3.691472658814315731e-06
-2.331999999999999851e+00,9.790616137087995696e+01,1.818714303582423498e-04,3.307721718055299909e-08,-9.537987632541689107e-05,9.097320807851821734e-09,-3.106378387972016193e-04,9.649586689259622221e-08,5.786383406822763606e-04,3.348223293075381361e-07,1.092567769725463506e-03,1.193704331442873548e-06,-2.026667228497208359e-03,4.107380055064555787e-06
-2.328000000000000291e+00,9.708161366528005942e+01,1.925775520682257251e-04,3.708611356059019253e-08,-1.009793406222958415e-04,1.019682723251364730e-08,-3.285588277595449433e-04,1.079509032987263161e-07,6.115681487190915630e-04,3.740156005276969042e-07,1.153545234012677469e-03,1.330666606913362840e-06,-2.137253040411259825e-03,4.567850558747174046e-06
-2.323999999999999844e+00,9.626194876287995328e+01,2.038661909530024093e-04,4.156142381368604419e-08,-1.068824541733469184e-04,1.142385901011760339e-08,-3.474308476586798733e-04,1.207081939048288209e-07,6.462159148078075281e-04,4.175950085508915717e-07,1.217626567497011487e-03,1.482614457874554352e-06,-2.253307450219159229e-03,5.077394465213168986e-06
-2.320000000000000284e+00,9.544714880000006474e+01,2.157661439450738448e-04,4.655502887292632554e-08,-1.131041633108313498e-04,1.279255175824320820e-08,-3.672994081697610329e-04,1.349088552418567161e-07,6.826620120015200075e-04,4.660274226299634600e-07,1.284952246457526709e-03,1.651102275676244478e-06,-2.375068284564321036e-03,5.640949356343306223e-06
-2.315999999999999837e+00,9.463719594367998411e+01,2.283074662252067104e-04,5.212429913417390008e-08,-1.196600635108703532e-04,1.431853079942552640e-08,-3.882119180708662508e-04,1.507084933322609724e-07,7.209900588178697577e-04,5.198266649141952869e-07,1.355668143997172236e-03,1.837836116648737813e-06,-2.502781951751666557e-03,6.263917498013881196e-06
-2.312000000000000277e+00,9.383207239168007163e+01,2.415215173790517854e-04,5.833264335707961545e-08,-1.265664229789538312e-04,1.601905942568745380e-08,-4.102177498474028042e-04,1.682786022898663541e-07,7.612870234970234773e-04,5.795579321449576175e-07,1.429925687968401507e-03,2.044687473111906465e-06,-2.636703661937104311e-03,6.952206200872535998e-06
-2.307999999999999829e+00,9.303176037247997954e+01,2.554410088069195722e-04,6.525010898029675994e-08,-1.338402068628871233e-04,1.791320097310041822e-08,-4.333683057708800804e-04,1.878080884467230173e-07,8.036433302910183209e-04,6.458426023212388140e-07,1.507882021094999331e-03,2.273708189541539812e-06,-2.777097648554058620e-03,7.712271349604481657e-06
-2.304000000000000270e+00,9.223624214528004472e+01,2.701000523997711599e-04,7.295403830635912297e-08,-1.414991020989187919e-04,2.002199589480024596e-08,-4.577170854506859782e-04,2.095049303134705684e-07,8.481529677589735644e-04,7.193634567183545017e-07,1.589700163195312830e-03,2.527146608863204075e-06,-2.924237390735260223e-03,8.551164317374163694e-06
-2.299999999999999822e+00,9.144549999999996714e+01,2.855342104935450600e-04,8.152978536217210140e-08,-1.495615428962743904e-04,2.236865511351412371e-08,-4.833197548554346817e-04,2.335979854335174680e-07,8.949135990385457661e-04,8.008703497441230427e-07,1.675549175404114979e-03,2.807465039197409640e-06,-3.078405836474118473e-03,9.476582494037916855e-06
-2.296000000000000263e+00,9.065951625728007457e+01,3.017805471129370682e-04,9.107149861578362400e-08,-1.580467368647726066e-04,2.497877103360267184e-08,-5.102342167983000502e-04,2.603389559917746602e-07,9.440266740597219293e-04,8.911863613362604428e-07,1.765604326282166911e-03,3.117358636986304525e-06,-3.239895626255874864e-03,1.049692366903194714e-05
-2.291999999999999815e+00,8.987827326847995835e+01,3.188776805146867192e-04,1.016829751304266097e-07,-1.669746917896167116e-04,2.788054769823749291e-08,-5.385206828784906393e-04,2.900045258879158719e-07,9.955975436626027589e-04,9.912144689470081414e-07,1.860047259694141064e-03,3.459775808295683335e-06,-3.409009316874376302e-03,1.162134452253630098e-05
-2.288000000000000256e+00,8.910175341568006502e+01,3.368658370392917686e-04,1.134785921641826814e-07,-1.763662430568377164e-04,3.110505168998355535e-08,-5.682417468686718712e-04,3.228986828843597798e-07,1.049735575576245510e-03,1.101944778630391354e-06,1.959066164326966290e-03,3.837940236210772267e-06,-3.586059605135762194e-03,1.285982349158645838e-05
-2.283999999999999808e+00,8.832993911167997680e+01,3.557869062788784659e-04,1.265843226794954623e-07,-1.862430817322149889e-04,3.468648549311251499e-08,-5.994624595356904664e-04,3.593552403925793376e-07,1.106554272210876063e-03,1.224462357348141573e-06,2.062855944711839296e-03,4.255374648632975327e-06,-3.771369551135601243e-03,1.422322829123274588e-05
-2.280000000000000249e+00,8.756281280000006007e+01,3.756844975676879961e-04,1.411388417126861728e-07,-1.966277832958156062e-04,3.866248516382622204e-08,-6.322504048794105967e-04,3.997405744701786410e-07,1.166171390210896715e-03,1.359955711346415580e-06,2.171618393604152902e-03,4.715926447439881930e-06,-3.965272800781111280e-03,1.572338838461447951e-05
-2.275999999999999801e+00,8.680035695487997316e+01,3.966039978003111093e-04,1.572947310711891854e-07,-2.075438370335707392e-04,4.307444429061736984e-08,-6.666757777718251713e-04,4.444565926676680261e-07,1.228709061711047218e-03,1.509725958330842025e-06,2.285562365566365037e-03,5.223795326893318272e-06,-4.168113807215025057e-03,1.737317270989653266e-05
-2.272000000000000242e+00,8.604255408128005911e+01,4.185926305813988577e-04,1.752197903770554551e-07,-2.190156760865548803e-04,4.796786637165072730e-08,-7.028114629758645858e-04,4.939439524902750879e-07,1.294293917232895936e-03,1.675196744186074411e-06,2.404903951589478124e-03,5.783563016370686688e-06,-4.380248050782498646e-03,1.918657298638387732e-05
-2.267999999999999794e+00,8.528938671487998135e+01,4.416995167091096767e-04,1.950984630610610465e-07,-2.310687081578376178e-04,5.339274788973193353e-08,-7.407331155204835167e-04,5.486855484286820201e-07,1.363057210153478154e-03,1.857924958151383146e-06,2.529866654579215890e-03,6.400225289951833668e-06,-4.602042257167147585e-03,2.117879293675209600e-05
-2.264000000000000234e+00,8.454083742208004537e+01,4.659757359930076785e-04,2.171333865342252020e-07,-2.437293468759520177e-04,5.940399452857814419e-08,-7.805192424056698903e-04,6.092102877655209245e-07,1.435134942672415840e-03,2.059612303679358111e-06,2.660681565523272552e-03,7.079226393115372076e-06,-4.833874613306965266e-03,2.336634377717356392e-05
-2.259999999999999787e+00,8.379688879999994811e+01,4.914743904055163910e-04,2.415470764244739617e-07,-2.570250438131579896e-04,6.606187314715579040e-08,-8.222512856079865597e-04,6.760971766839867271e-07,1.510667993198218373e-03,2.282117785673532398e-06,2.797587540146137270e-03,7.826496044780915243e-06,-5.076134980685438614e-03,2.576714634213835768e-05
-2.256000000000000227e+00,8.305752347648004275e+01,5.182506685643467267e-04,2.685837554673923595e-07,-2.709843211557762819e-04,7.343250231225689598e-08,-8.660137063541265608e-04,7.499797395932113744e-07,1.589802245068698810e-03,2.527471178425475024e-06,2.940831375847959613e-03,8.648489181171802747e-06,-5.329225105577761745e-03,2.840064022592030568e-05
-2.251999999999999780e+00,8.232272411007996027e+01,5.463619115415597723e-04,2.985113383833471807e-07,-2.856368050229312109e-04,8.158838438370802191e-08,-9.118940706267373219e-04,8.315507960442009656e-07,1.672688716514532685e-03,2.797887542355034547e-06,3.090667988713787125e-03,9.552228616460126337e-06,-5.593558825816627965e-03,3.128790033787109097e-05
-2.248000000000000220e+00,8.159247339008005895e+01,5.758676799930945818e-04,3.316235848606291812e-07,-3.010132594290644255e-04,9.060898235210924216e-08,-9.599831358634528401e-04,9.215676211422285436e-07,1.759483691768963130e-03,3.095782861600939859e-06,3.247360590369226946e-03,1.054535080388317354e-05,-5.869562273626662170e-03,3.445176128398138980e-05
-2.243999999999999773e+00,8.086675403647996063e+01,6.068298226006899575e-04,3.682424335975848200e-07,-3.171456208845676770e-04,1.005813448462579349e-07,-1.010374938806667035e-03,1.020857516968576126e-06,1.850348853220494831e-03,3.423790878614400315e-06,3.411180864448210264e-03,1.163615488997763931e-05,-6.157674074061291088e-03,3.791695000236657573e-05
-2.240000000000000213e+00,8.014554880000002868e+01,6.393125458161495007e-04,4.087205312379262513e-07,-3.340670336278358794e-04,1.116007829569016284e-07,-1.063166884458072257e-03,1.130323824208283947e-06,1.945451414499150449e-03,3.784781206176745251e-06,3.582409142428079254e-03,1.283365526375228604e-05,-6.458345538560560616e-03,4.171022709544509524e-05
-2.235999999999999766e+00,7.942884046207997528e+01,6.733824848958545189e-04,4.534439709645157461e-07,-3.518118854809514171e-04,1.237716027656620823e-07,-1.118459836088412946e-03,1.250952404942919512e-06,2.044964254380470491e-03,4.181878801693873516e-06,3.761334578576666469e-03,1.414763781199650961e-05,-6.772040853133386856e-03,4.586053731650756944e-05
-2.232000000000000206e+00,7.871661183488004099e+01,7.091087762113041770e-04,5.028352564998935053e-07,-3.704158443200895618e-04,1.372078977233648304e-07,-1.176358206249216885e-03,1.383818629409875130e-06,2.149066051384952106e-03,4.618484893215309908e-06,3.948255323745448325e-03,1.558872010148427446e-05,-7.099237260652791447e-03,5.039916968304095025e-05
-2.227999999999999758e+00,7.800884576127997150e+01,7.465631308192660111e-04,5.573565082986645000e-07,-3.899158951505750392e-04,1.520344052910742267e-07,-1.236970048729521500e-03,1.530094901453914794e-06,2.257941418944026026e-03,5.098299451382961998e-06,4.143478697732199192e-03,1.716841571856052011e-05,-7.440425236737944863e-03,5.535992770348690270e-05
-2.224000000000000199e+00,7.730552511488005507e+01,7.858199092728608819e-04,6.175129298096073383e-07,-4.103503777753212517e-04,1.683874325403488560e-07,-1.300407151396768771e-03,1.691058759403858746e-06,2.371781040996980439e-03,5.625345306432720310e-06,4.347321359925937490e-03,1.889920300646830115e-05,-7.796108658682435362e-03,6.077931021798324118e-05
-2.219999999999999751e+00,7.660663279999995723e+01,8.269561976525595772e-04,6.838565528359791374e-07,-4.317590250441548849e-04,1.864158557070791723e-07,-1.366785129857131477e-03,1.868101591198575764e-06,2.490781807876471087e-03,6.203994014448381878e-06,4.560109477936228478e-03,2.079459845076382299e-05,-8.166804966873931343e-03,6.669670336695671879e-05
-2.216000000000000192e+00,7.591215175168005658e+01,8.700518847936636237e-04,7.569902822330065031e-07,-4.541830016702598353e-04,2.062821990062072438e-07,-1.436223521866539926e-03,2.062738004762727301e-06,2.615146952333423976e-03,6.838993582298795836e-06,4.782178893898330133e-03,2.286923497324665775e-05,-8.553045318136609509e-03,7.315458421409857745e-05
-2.211999999999999744e+00,7.522206493567996688e+01,9.151897406843654669e-04,8.375722614539160605e-07,-4.776649435986716238e-04,2.281637983431221539e-07,-1.508845882419623243e-03,2.276615896894651448e-06,2.745086185545190637e-03,7.535498166071044481e-06,5.013875288134950897e-03,2.513894540497033547e-05,-8.955374730414198195e-03,8.019873656214117450e-05
-2.208000000000000185e+00,7.453635534848001498e+01,9.624554960059347568e-04,9.263205817920298460e-07,-5.022489979104198315e-04,2.522540559020208880e-07,-1.584779879439651663e-03,2.511527266276757030e-06,2.880815832943871974e-03,8.299099863340095494e-06,5.255554339844902174e-03,2.762085141906258574e-05,-9.374352218198385434e-03,8.787847951084098790e-05
-2.203999999999999737e+00,7.385500601727996184e+01,1.011937922783958050e-03,1.024018359568311948e-06,-5.279808632445463171e-04,2.787637919524563389e-07,-1.664157389988378272e-03,2.769419818652931331e-06,3.022558969694681599e-03,9.135862725281775941e-06,5.507581884478387341e-03,3.033345821423450575e-05,-9.810550918094729927e-03,9.624690931652935444e-05
-2.200000000000000178e+00,7.317800000000002569e+01,1.063728916116889059e-03,1.131519206983211587e-06,-5.549078307188217395e-04,3.079227005930685087e-07,-1.747114596910429203e-03,3.052409414737491516e-06,3.170545555647165739e-03,1.005235912043399558e-05,5.770334067448270286e-03,3.329675524995409625e-05,-1.026455820390602229e-02,1.053611551213744278e-04
-2.195999999999999730e+00,7.250532038527994416e+01,1.117923576945408165e-03,1.249753123890415834e-06,-5.830788253285574532e-04,3.399809165465304252e-07,-1.833792085822593711e-03,3.362793414025578967e-06,3.325012569575003067e-03,1.105570858783176497e-05,6.044197493816417729e-03,3.653232334425666539e-05,-1.073697579060147941e-02,1.152826491279622639e-04
-2.192000000000000171e+00,7.183695029248004005e+01,1.174620295823292429e-03,1.379732839359999070e-06,-6.125444478014363623e-04,3.752107005323665941e-07,-1.924334942354017069e-03,3.703064970364638310e-06,3.486204142512993719e-03,1.215361932327475789e-05,6.329569373584072699e-03,4.006344845501347301e-05,-1.122841982652905170e-02,1.260774118007906982e-04
-2.187999999999999723e+00,7.117287287167997079e+01,1.233920837647623035e-03,1.522560633581011731e-06,-6.433570168848017166e-04,4.139082511749110201e-07,-2.018892849538906232e-03,4.075928337919324667e-06,3.654371689992745673e-03,1.335443244862043592e-05,6.626857662205217631e-03,4.391524247512800460e-05,-1.173952097321772324e-02,1.378163526806188094e-04
-2.184000000000000163e+00,7.051307130368002163e+01,1.295930427303231252e-03,1.679435672410335561e-06,-6.755706120403163345e-04,4.563956518525275811e-07,-2.117620185258928169e-03,4.484315249016057349e-06,3.829774042971423494e-03,1.466716922021768290e-05,6.936481195932194498e-03,4.811477138152092859e-05,-1.227092447210701397e-02,1.505755874001547898e-04
-2.179999999999999716e+00,6.985752879999995457e+01,1.360757836173297902e-03,1.851661888707035783e-06,-7.092411165193583927e-04,5.030229613616260605e-07,-2.220676119628028390e-03,4.931402428286197861e-06,4.012677577240895792e-03,1.610158133889186469e-05,7.258869821593228605e-03,5.269119108683691311e-05,-1.282329019753175245e-02,1.644367714901139358e-04
-2.176000000000000156e+00,6.920622860288001732e+01,1.428515469464987061e-03,2.040656446500772214e-06,-7.444262607909467441e-04,5.541704577551906557e-07,-2.328224712207894054e-03,5.420630310535530943e-06,4.203356341097486300e-03,1.766820453024444673e-05,7.594464520392252282e-03,5.767589135149672129e-05,-1.339729269528200199e-02,1.794874515630564898e-04
-2.171999999999999709e+00,6.855915398527994853e+01,1.499319454295903239e-03,2.247958826030165222e-06,-7.811856662923887711e-04,6.102510452206834038e-07,-2.440435008937804837e-03,5.955723032849263301e-06,4.402092181045578513e-03,1.937841557042261712e-05,7.943717525312365968e-03,6.310264812195482038e-05,-1.399362120605053203e-02,1.958214344584271549e-04
-2.168000000000000149e+00,6.791628825088001520e+01,1.573289728484022956e-03,2.475240569753330484e-06,-8.195808894712264736e-04,6.717128343864467460e-07,-2.557481138658077111e-03,6.540709774591814293e-06,4.609174865301351141e-03,2.124449293892572999e-05,8.307092431695597967e-03,6.900778466873428363e-05,-1.461297967307367482e-02,2.135391749256643971e-04
-2.163999999999999702e+00,6.727761473407994686e+01,1.650550129980576843e-03,2.724315731578899061e-06,-8.596754660854143614e-04,7.390419069891744041e-07,-2.679542409101794143e-03,7.179947522175046855e-06,4.824902204856027811e-03,2.327968128642455848e-05,8.685064300563174328e-03,7.543034190491689590e-05,-1.525608673326562560e-02,2.327481824129234316e-04
-2.160000000000000142e+00,6.664311680000000138e+01,1.731228486882119928e-03,2.997152073792154500e-06,-9.015349557270033480e-04,8.127652763976899173e-07,-2.806803402225005115e-03,7.878145338741863579e-06,5.049580171851254275e-03,2.549825991195334431e-05,9.078119754232486308e-03,8.241225827218609122e-05,-1.592367569114167686e-02,2.535634475166563800e-04
-2.155999999999999694e+00,6.601277784447995600e+01,1.815456707954783786e-03,3.295883058458021021e-06,-9.452269865329268215e-04,8.934540560701178034e-07,-2.939454068741041270e-03,8.640390222238262532e-06,5.283523015012530320e-03,2.791561545016710006e-05,9.486757063779334420e-03,8.999855958716710530e-05,-1.661649447482191691e-02,2.761078886317872862e-04
-2.152000000000000135e+00,6.538658129408003106e+01,1.903370873600387274e-03,3.622820682470301621e-06,-9.908213000447995723e-04,9.817268486224667696e-07,-3.077689821720129646e-03,9.472174638719682634e-06,5.527053371880025559e-03,3.054831897561036277e-05,9.911486227886736125e-03,9.823755924558843860e-05,-1.733530557340446504e-02,3.005128193233078874e-04
-2.147999999999999687e+00,6.476451060607995203e+01,1.995111327190768769e-03,3.980469207884910616e-06,-1.038389796177925477e-03,1.078253368806433545e-06,-3.221711629111016686e-03,1.037942582114916129e-05,5.780502377569730552e-03,3.341420773708930585e-05,1.035282904261481014e-02,1.071810691856086878e-04,-1.808088595499551463e-02,3.269184369175540464e-04
-2.144000000000000128e+00,6.414654926848002958e+01,2.090822766693346390e-03,4.371539841723220011e-06,-1.088006578258007969e-03,1.183758314332698850e-06,-3.371726105036859222e-03,1.136853692738702914e-05,6.044209769791542182e-03,3.653247174124352994e-05,1.081131916161993251e-02,1.168846220144103166e-04,-1.885402696468321121e-02,3.554743327850016415e-04
-2.139999999999999680e+00,6.353268079999993745e+01,2.190654336507520845e-03,4.798966422059206421e-06,-1.139747998082320550e-03,1.299025499132657467e-06,-3.527945599713284454e-03,1.244640015453632632e-05,6.318523989844845347e-03,3.992374541024482434e-05,1.128750214634556548e-02,1.274077047037557530e-04,-1.965553420174290591e-02,3.863400247558851580e-04
-2.136000000000000121e+00,6.292288875008001270e+01,2.294759719428163258e-03,5.265922169910022665e-06,-1.193692700960378604e-03,1.424902264326083823e-06,-3.690588287832157269e-03,1.362044191028389395e-05,6.603802279306164764e-03,4.361020454416929905e-05,1.178193550570181755e-02,1.388140042605171399e-04,-2.048622737536347563e-02,4.196855120750919016e-04
-2.131999999999999673e+00,6.231715669887995546e+01,2.403297228649000760e-03,5.775837569231967648e-06,-1.249921670687414435e-03,1.562304182854017353e-06,-3.859878255250340142e-03,1.489866014535441036e-05,6.900410772117755200e-03,4.761566882395875126e-05,1.229518872474618524e-02,1.511716657771257247e-04,-2.134694013818756383e-02,4.556918532633632700e-04
-2.128000000000000114e+00,6.171546825728003682e+01,2.516429899715303276e-03,6.332419440181170959e-06,-1.308518274402219747e-03,1.712220074444562773e-06,-4.036045583818495541e-03,1.628966395466078181e-05,7.208724581780507137e-03,5.196571009596654615e-05,1.282784328187364271e-02,1.645535632643107442e-04,-2.223851989696313397e-02,4.945517672076252041e-04
-2.123999999999999666e+00,6.111780706687994780e+01,2.634325582331858377e-03,6.939671273728085065e-06,-1.369568307279202778e-03,1.875717348303620792e-06,-4.219326434180889832e-03,1.780271555817762168e-05,7.529127883349258366e-03,5.668776668382728603e-05,1.338049265402092153e-02,1.790375836643078576e-04,-2.316182759960966342e-02,5.364702577540399458e-04
-2.120000000000000107e+00,6.052415680000001430e+01,2.757157031928790872e-03,7.601914898714379596e-06,-1.433160037002762996e-03,2.053947691661760829e-06,-4.409963126373092797e-03,1.944777477597034150e-05,7.862013989923578167e-03,6.181126397775406583e-05,1.395374230938683201e-02,1.947069244367721698e-04,-2.411773749800972741e-02,5.816652620229045487e-04
-2.115999999999999659e+00,5.993450115967993952e+01,2.885102000884382043e-03,8.323813555507065235e-06,-1.499384247970387586e-03,2.248153123061724797e-06,-4.608204218040551185e-03,2.123554611516672902e-05,8.207785423322379315e-03,6.736774155530333573e-05,1.454820968716839108e-02,2.116504051018202204e-04,-2.510713688584530201e-02,6.303683226045737713e-04
-2.112000000000000099e+00,5.934882387968001893e+01,3.018343329300631622e-03,9.110396453533621224e-06,-1.568334285169143078e-03,2.459672430037006951e-06,-4.814304580097168371e-03,2.317752858994457288e-05,8.566853978626215796e-03,7.339098709110382834e-05,1.516452416381105367e-02,2.299627931148093469e-04,-2.613092581080854807e-02,6.828252837299803426e-04
-2.107999999999999652e+00,5.876710872447993950e+01,3.157069035223935508e-03,9.967084893169791122e-06,-1.640106097668561072e-03,2.689948011609595696e-06,-5.028525469639324660e-03,2.528606839881138976e-05,8.939640782267067529e-03,7.991717731597254744e-05,1.580332700527062317e-02,2.497451444355157412e-04,-2.719001676052842931e-02,7.392970114378169273e-04
-2.104000000000000092e+00,5.818933948928000888e+01,3.301472404199889878e-03,1.089972003569340060e-05,-1.714798281671228459e-03,2.940533146822597964e-06,-5.251134599927201850e-03,2.757441458655261274e-05,9.326576343341464251e-03,8.698502628817664055e-05,1.646527130478447898e-02,2.711051591401591673e-04,-2.828533432156805222e-02,8.000601376828756330e-04
-2.099999999999999645e+00,5.761549999999994753e+01,3.451752078047899512e-03,1.191459240830799284e-05,-1.792512123060732840e-03,3.213099711319695754e-06,-5.482406207241820491e-03,3.005677782120364351e-05,9.728100597819474421e-03,9.463594124129561587e-05,1.715102190565064022e-02,2.941575524081081034e-04,-2.941781481086224587e-02,8.654078282461861570e-04
-2.096000000000000085e+00,5.704557411328002559e+01,3.608112142737992124e-03,1.301847323457334565e-05,-1.873351639384987759e-03,3.509446364786421243e-06,-5.722621114422936188e-03,3.274839241923920577e-05,1.014466294531888961e-02,1.029141862741261263e-04,1.786125530851481735e-02,3.190244411959487531e-04,-3.058840587898158797e-02,9.356505742173154084e-04
-2.091999999999999638e+00,5.647954571647994726e+01,3.770762215248971844e-03,1.421864768394933333e-05,-1.957423621211347789e-03,3.831507232876145946e-06,-5.972066790889789256e-03,3.566558175484866520e-05,1.057672227811123043e-02,1.118670541482944143e-04,1.859665956266817743e-02,3.458357468897777930e-04,-3.179806608462728418e-02,1.011117006722324048e-03
-2.088000000000000078e+00,5.591739872768000907e+01,3.939917529283863511e-03,1.552295013755826262e-05,-2.044837672788344871e-03,4.181361108054454323e-06,-6.231037408943776446e-03,3.882582719165677350e-05,1.102474700202391543e-02,1.215450464586353085e-04,1.935793414086197858e-02,3.747296142019497945e-04,-3.304776443978089950e-02,1.092154734467246915e-03
-2.083999999999999631e+00,5.535911709567993455e+01,4.115799019715457412e-03,1.693980157069072104e-05,-2.135706251947336928e-03,4.561241194606942077e-06,-6.499833896149335294e-03,4.224784067753185098e-05,1.148921504890097929e-02,1.320020624398927347e-04,2.014578979714947912e-02,4.058528465509320593e-04,-3.433847992495474982e-02,1.179131203556520310e-03
-2.080000000000000071e+00,5.480468480000001108e+01,4.298633405631655489e-03,1.847824915601240604e-05,-2.230144709175851166e-03,4.973545423865041745e-06,-6.778763983586757330e-03,4.595164114517300507e-05,1.197061388028329044e-02,1.432955966708309781e-04,2.096094840727088376e-02,4.393613581322718142e-04,-3.567120097401180884e-02,1.272434578928341052e-03
-2.076000000000000068e+00,5.425408585088000990e+01,4.488653271847361029e-03,2.014800819486602080e-05,-2.328271325792928906e-03,5.420847366509563083e-06,-7.068142249768268916e-03,4.995863486295924635e-05,1.246944048196819109e-02,1.554869459333471226e-04,2.180414279110316420e-02,4.754206428548160904e-04,-3.704692492804888271e-02,1.372474646624489676e-03
-2.072000000000000064e+00,5.370730428928000322e+01,4.686097148746659266e-03,2.195950648749156955e-05,-2.430207351155377112e-03,5.905907769609634371e-06,-7.368290160006591739e-03,5.429169988204996476e-05,1.298620134910798314e-02,1.686414254795739912e-04,2.267611651670382519e-02,5.142062602791280194e-04,-3.846665745786383150e-02,1.479683735980631123e-03
-2.068000000000000060e+00,5.316432418687999473e+01,4.891209590316238261e-03,2.392393125640154323e-05,-2.536077038822425606e-03,6.431686746842323197e-06,-7.679536101023256428e-03,5.897527472691948067e-05,1.352141246150652745e-02,1.828285949541840144e-04,2.357762368548593779e-02,5.559043386543874874e-04,-3.993141195455579551e-02,1.594517660684441557e-03
-2.064000000000000057e+00,5.262512964607999777e+01,5.104241250228207759e-03,2.605327874053121886e-05,-2.646007681604994801e-03,7.001356651112639271e-06,-8.002215410582227961e-03,6.403545147735969470e-05,1.407559924877380998e-02,1.981224942120818333e-04,2.450942869807073640e-02,6.007120951058134064e-04,-4.144220888783771428e-02,1.717456677503175324e-03
-2.060000000000000053e+00,5.208970479999999270e+01,5.325448955827815321e-03,2.836040658112756700e-05,-2.760129645424497322e-03,7.618315659551161504e-06,-8.336670401933020738e-03,6.950007339046607646e-05,1.464929654499919423e-02,2.146018892633253308e-04,2.547230600037459630e-02,6.488383729767197104e-04,-4.300007513167250495e-02,1.849006461329480086e-03
-2.056000000000000050e+00,5.155803381247999084e+01,5.555095779879015011e-03,3.085908912362964312e-05,-2.878576401904882516e-03,8.286202101603659485e-06,-8.683250382846239082e-03,7.539883721119935945e-05,1.524304853260565785e-02,2.323505285673714950e-04,2.646703980949813295e-02,7.005041962775589983e-04,-4.460604325687807931e-02,1.989699095034478272e-03
-2.052000000000000046e+00,5.103010087807999895e+01,5.793451109918382365e-03,3.356407576301453390e-05,-3.001484559620506629e-03,9.008909561640305772e-06,-9.042311669023622017e-03,8.176340031976076232e-05,1.585740867504932539e-02,2.514574098875295861e-04,2.749442381899787347e-02,7.559433411386776592e-04,-4.626115079038180256e-02,2.140094072450442718e-03
-2.048000000000000043e+00,5.050589022207999079e+01,6.040790715065556121e-03,3.649115246322222984e-05,-3.128993893921302918e-03,9.790602788196798223e-06,-9.414217591663972054e-03,8.862749286319539590e-05,1.649293963803126137e-02,2.720170579037427760e-04,2.855526088313407526e-02,8.154029241038470571e-04,-4.796643944084259814e-02,2.300779312632020290e-03
-2.044000000000000039e+00,4.998538610047999242e+01,6.297396810136178871e-03,3.965720658431331889e-05,-3.261247375255747587e-03,1.063573444261250295e-05,-9.799338498966105732e-03,9.602703501731929255e-05,1.715021319889173737e-02,2.941298127674403344e-04,2.965036267970296013e-02,8.791440070379221089e-04,-4.972295429039789993e-02,2.472372183364998990e-03
-2.040000000000000036e+00,4.946857279999999690e+01,6.563558116901259225e-03,4.308029515394040600e-05,-3.398391195911155092e-03,1.154906272044645028e-05,-1.019805175134979799e-02,1.040002595232086759e-04,1.782981014386093507e-02,3.179021297661262908e-04,3.078054935107721671e-02,9.474422183541000462e-04,-5.153174295233340502e-02,2.655520531705363521e-03
-2.036000000000000032e+00,4.895543463808000695e+01,6.839569922334933459e-03,4.677971672250868802e-05,-3.540574795090008914e-03,1.253566987962665933e-05,-1.061074171017606718e-02,1.125878396400701296e-04,1.853232015284448156e-02,3.434468902475257268e-04,3.194664912309537474e-02,1.020588390194170384e-03,-5.339385469451651128e-02,2.850903719139142884e-03
-2.032000000000000028e+00,4.844595596288000650e+01,7.125734133690842138e-03,5.077608694404677316e-05,-3.687950882240226356e-03,1.360098170981646472e-05,-1.103779971974867477e-02,1.218330226532839225e-04,1.925834167142732173e-02,3.708837239334341067e-04,3.314949790145856751e-02,1.098889211118806060e-03,-5.531033952847842772e-02,3.059233658755563297e-03
-2.028000000000000025e+00,4.794012115328001755e+01,7.422359330245737775e-03,5.509141802728595514e-05,-3.840675458556591561e-03,1.475078797795888469e-05,-1.147962408237961432e-02,1.317817690727500143e-04,2.000848176978498733e-02,4.003393427318181763e-04,3.438993884531204442e-02,1.182667893784302305e-03,-5.728224726407594308e-02,3.281255851622735722e-03
-2.024000000000000021e+00,4.743791461887998651e+01,7.729760811547447749e-03,5.974920220373465887e-05,-3.998907836569974214e-03,1.599126388538075049e-05,-1.193662002630268594e-02,1.424828976523303246e-04,2.078335598819774227e-02,4.319478861321549750e-04,3.566882191770921751e-02,1.272264856997253491e-03,-5.931062652971183513e-02,3.517750419346957376e-03
-2.020000000000000018e+00,4.693932079999999729e+01,8.048260642003068552e-03,6.477449936161564317e-05,-4.162810657740460482e-03,1.732899257219756384e-05,-1.240919966622076182e-02,1.539882363561334534e-04,2.158358816886999168e-02,4.658512782433846949e-04,3.698700341267701502e-02,1.368038421449381059e-03,-6.139652375814198121e-02,3.769533129584092847e-03
-2.016000000000000014e+00,4.644432416768001559e+01,8.378187691642136406e-03,7.019402899638378440e-05,-4.332549907970089514e-03,1.877098870505163210e-05,-1.289778195627435536e-02,1.663527793915963284e-04,2.240981027376505105e-02,5.021995965061456331e-04,3.834534545862393340e-02,1.470365518341211052e-03,-6.354098213794823202e-02,4.037456411055056343e-03
-2.012000000000000011e+00,4.595290922367999542e+01,8.719877672888620701e-03,7.603626663014146996e-05,-4.508294930950593020e-03,2.032472318443481231e-05,-1.340279263522138609e-02,1.796348504227446167e-04,2.326266218817354611e-02,5.411514520810791927e-04,3.974471549785556224e-02,1.579642410005480113e-03,-6.574504053080873489e-02,4.322410354397683563e-03
-2.008000000000000007e+00,4.546506050047999992e+01,9.073673173174845105e-03,8.233154485359286143e-05,-4.690218439261332507e-03,2.199814900798700845e-05,-1.392466416362072266e-02,1.938962720696231934e-04,2.414279150974282806e-02,5.828743818829104292e-04,4.118598574198722301e-02,1.696285421539174727e-03,-6.800973235475121781e-02,4.625323694964894421e-03
-2.004000000000000004e+00,4.498076256127998818e+01,9.439923683229897375e-03,8.911215914520471504e-05,-4.878496523132487377e-03,2.379972832621576789e-05,-1.446383565281514523e-02,2.092025417916465067e-04,2.505085332270441320e-02,6.275452521956507252e-04,4.267003260306891088e-02,1.820731682346963783e-03,-7.033608443363049967e-02,4.947164773454798894e-03
-2.000000000000000000e+00,4.450000000000000000e+01,9.818985620874803519e-03,9.641247862294615139e-05,-5.073308656788626421e-03,2.573846072704641537e-05,-1.502075278551277988e-02,2.256230142434899235e-04,2.598750995704675673e-02,6.753506737676043346e-04,4.419773610026489497e-02,1.953439876388658649e-03,-7.272511581312816886e-02,5.288942470032904561e-03
-1.995999999999999996e+00,4.402275744127999246e+01,1.021122235015657458e-02,1.042690618843371600e-04,-5.274837702287832157e-03,2.782391278547717496e-05,-1.559586772776989060e-02,2.432310901820943796e-04,2.695343073239180737e-02,7.264874282458431368e-04,4.576997924195809475e-02,2.094890999809274727e-03,-7.517783654363055512e-02,5.651707107380833997e-03
-1.991999999999999993e+00,4.354901954048000334e+01,1.061700419565339559e-02,1.127207780905218010e-04,-5.483269910771863126e-03,3.006624891437607627e-05,-1.618963903218216538e-02,2.621044119923562833e-04,2.794929168634548156e-02,7.811629057684206208e-04,4.738764738317872288e-02,2.245589124512485050e-03,-7.769524643040122414e-02,6.036551317880774030e-03
-1.987999999999999989e+00,4.307877098368000190e+01,1.103670845178349701e-02,1.218089334496692822e-04,-5.698794921043130735e-03,3.247626355210698297e-05,-1.680253153209617170e-02,2.823250658870861429e-04,2.897577528710466865e-02,8.395955534887856748e-04,4.905162755828650079e-02,2.406062166116851656e-03,-8.027833375152412798e-02,6.444610869921097752e-03
-1.983999999999999986e+00,4.261199648767999548e+01,1.147071938695084885e-02,1.315774032541700640e-04,-5.921605755384805846e-03,3.506541472220645706e-05,-1.743501622665776310e-02,3.039797908238195271e-04,3.003357013011646870e-02,9.020153347606242123e-04,5.076280778886733958e-02,2.576862654609490821e-03,-8.292807394415639688e-02,6.877065448087470688e-03
-1.979999999999999982e+00,4.214868080000000106e+01,1.191942824236159361e-02,1.420727696248071938e-04,-6.151898812540904614e-03,3.784585899974219448e-05,-1.808757015651954111e-02,3.271601941670163462e-04,3.112337061859928727e-02,9.686641986626894291e-04,5.252207636683731140e-02,2.758568505883890638e-03,-8.564542825969195805e-02,7.335139381786042086e-03
-1.975999999999999979e+00,4.168880869887999552e+01,1.238323322534615363e-02,1.533444651133168940e-04,-6.389873857774015786e-03,4.083048791826378239e-05,-1.876067627003542848e-02,3.519629741090704133e-04,3.224587662774983793e-02,1.039796559492063305e-03,5.433032111278017495e-02,2.951783792217807338e-03,-8.843134238850192119e-02,7.820102316632457015e-03
-1.971999999999999975e+00,4.123236499327999383e+01,1.286253949702326378e-02,1.654449223124834637e-04,-6.635734009919119249e-03,4.403296585039727503e-05,-1.945482327977652443e-02,3.784901488473346211e-04,3.340179315247546188e-02,1.115679785800756559e-03,5.618842860957889290e-02,3.157139509613743778e-03,-9.128674505498171610e-02,8.333269822733229554e-03
-1.967999999999999972e+00,4.077933452287999927e+01,1.335775915414367555e-02,1.784297296201091713e-04,-6.889685725352978629e-03,4.746776939413259742e-05,-2.017050550920916965e-02,4.068492924970374758e-04,3.459182993850691556e-02,1.196594698494583397e-03,5.809728341143673147e-02,3.375294339788801733e-03,-9.421254658370190049e-02,8.876003933786201505e-03
-1.963999999999999968e+00,4.032970215807999637e+01,1.386931120495306195e-02,1.923577932998365623e-04,-7.151938778799715735e-03,5.115022829569916823e-05,-2.090822272938320375e-02,4.371537777014964299e-04,3.581670109676363123e-02,1.282836077454909112e-03,6.005776722841955212e-02,3.606935404463025487e-03,-9.720963743752490671e-02,9.449713610735044345e-03
-1.959999999999999964e+00,3.988345279999999349e+01,1.439762153891575164e-02,2.072915059778507817e-04,-7.422706240894424469e-03,5.509656793861303825e-05,-2.166847998548578069e-02,4.695230248813978425e-04,3.707712470086033107e-02,1.374713176083147258e-03,6.207075808668822275e-02,3.852779009456171275e-03,-1.002788867286177193e-01,1.005585512353094312e-02
-1.955999999999999961e+00,3.944057138048000155e+01,1.494312289014314808e-02,2.232969217099201097e-04,-7.702204452428080064e-03,5.932395342700294387e-05,-2.245178741312424051e-02,5.040827580441240973e-04,3.837382236766227056e-02,1.472550243104897095e-03,6.413712946462728215e-02,4.113571375962360964e-03,-1.034211407033581165e-01,1.069593234438379753e-02
-1.951999999999999957e+00,3.900104286207999849e+01,1.550625479437332983e-02,2.404439377480258662e-04,-7.990652995198580660e-03,6.385053528967604925e-05,-2.325866004420960170e-02,5.409652670521122170e-04,3.970751882081455242e-02,1.576687050905341801e-03,6.625774940511527933e-02,4.390089356231054001e-03,-1.066372212022001081e-01,1.137149694572695685e-02
-1.947999999999999954e+00,3.856485223807999319e+01,1.608746353935112949e-02,2.588064831299519944e-04,-8.288274659394377630e-03,6.869549682955898508e-05,-2.408961760232108257e-02,5.803096762260577784e-04,4.107894143719051372e-02,1.687479429600127799e-03,6.843347960422116460e-02,4.683141130741354415e-03,-1.099279240956326509e-01,1.208414849597517354e-02
-1.943999999999999950e+00,3.813198453247999709e+01,1.668720210846115493e-02,2.784627142086304333e-04,-8.595295407439022817e-03,7.387910314114235735e-05,-2.494518428744128477e-02,6.222622191344075052e-04,4.248881977622376294e-02,1.805299805976423632e-03,7.066517447665127127e-02,4.993566883815566369e-03,-1.132940176974343433e-01,1.283553444602656551e-02
-1.939999999999999947e+00,3.770242479999999574e+01,1.730593011746953472e-02,2.994952172307390847e-04,-8.911944334226939296e-03,7.942275181635964187e-05,-2.582588854996103328e-02,6.669765193950084534e-04,4.393788509210915655e-02,1.930537746367387997e-03,7.295368019831235951e-02,5.322239454477632921e-03,-1.167362411564956959e-01,1.362734999934752007e-02
-1.935999999999999943e+00,3.727615812607999857e+01,1.794411374423397418e-02,3.219912180660065913e-04,-9.238453623682762322e-03,8.534902535693715704e-05,-2.673226285386301124e-02,7.146138772880241373e-04,4.542686982887886998e-02,2.063600502449905536e-03,7.529983372639756367e-02,5.670064959223120038e-03,-1.202553028285489600e-01,1.446133785838601624e-02
-1.931999999999999940e+00,3.685316962688000331e+01,1.860222565124547422e-02,3.460427991798551242e-04,-9.575058501578932041e-03,9.168174530865897862e-05,-2.766484342900350432e-02,7.653435619512784054e-04,4.695650709838155440e-02,2.204913558880357109e-03,7.770446179744382176e-02,6.037983383230405982e-03,-1.238518786292147206e-01,1.533928783998573381e-02
-1.927999999999999936e+00,3.643344444927998893e+01,1.928074490086946827e-02,3.717471239324040156e-04,-9.921997184548605672e-03,9.844602813019046386e-05,-2.862417001242242506e-02,8.193431089000631669e-04,4.852753014121467812e-02,2.354921181606499207e-03,8.016837990385214385e-02,6.426969136408364029e-03,-1.275266103698419196e-01,1.626303635242147202e-02
-1.923999999999999932e+00,3.601696777087998669e+01,1.998015686315859213e-02,3.992066682764233883e-04,-1.027951082523344793e-02,1.056683428060916377e-04,-2.961078557862296262e-02,8.767986225831856653e-04,5.014067177068274456e-02,2.514086965615341604e-03,8.269239124940482022e-02,6.838031570544643271e-03,-1.312801040776867822e-01,1.723446572664827370e-02
-1.919999999999999929e+00,3.560372480000000195e+01,2.070095311611400146e-02,4.285294599155500101e-04,-1.064784345350862360e-02,1.133765702104264496e-04,-3.062523605877347579e-02,9.379050836555991033e-04,5.179666379987778180e-02,2.682894380797569596e-03,8.527728568435710699e-02,7.272215453691457943e-03,-1.351129283020428007e-01,1.825550339435295932e-02
-1.915999999999999925e+00,3.519370077567998578e+01,2.144363133827741769e-02,4.598293249719533505e-04,-1.102724191373009519e-02,1.216000642239257665e-04,-3.166807004879642479e-02,1.002866660615477296e-03,5.349623645200181354e-02,2.861847314528487719e-03,8.792383862072440659e-02,7.730601397803188966e-03,-1.390256124080012645e-01,1.932812090541979541e-02
-1.911999999999999922e+00,3.478688096767999838e+01,2.220869519354123911e-02,4.932261421996216900e-04,-1.141795579795237478e-02,1.303697146039942492e-04,-3.273983850632118664e-02,1.071897025419991456e-03,5.524011775407543928e-02,3.051470609484120428e-03,9.063280992843036898e-02,8.214306235522985875e-03,-1.430186448595875126e-01,2.045433277747281745e-02
-1.907999999999999918e+00,3.438325067647999589e+01,2.299665420806986868e-02,5.288461047655376333e-04,-1.182023737506791329e-02,1.397180116029523970e-04,-3.384109443649021415e-02,1.145219672659449029e-03,5.702903291420145099e-02,3.252310595129072335e-03,9.340494281302480495e-02,8.724483341904433475e-03,-1.470924714940831102e-01,2.163619517023765079e-02
-1.903999999999999915e+00,3.398279523327998675e+01,2.380802363923123152e-02,5.668219896061931200e-04,-1.223434151582263561e-02,1.496791123257813002e-04,-3.497239256662100504e-02,1.223068241833848201e-03,5.886370368257720642e-02,3.464935611230253194e-03,9.624096267572508634e-02,9.262322896750309342e-03,-1.512474937894082716e-01,2.287580437757709417e-02
-1.899999999999999911e+00,3.358549999999999613e+01,2.464332433644369699e-02,6.072934343511581911e-04,-1.266052561366557555e-02,1.602889088142820978e-04,-3.613428900973954250e-02,1.305686842239383834e-03,6.074484769647525706e-02,3.689936521667975308e-03,9.914157595657896449e-02,9.829052083154116853e-03,-1.554840671265016183e-01,2.417529513019846255e-02
-1.895999999999999908e+00,3.319135036928000204e+01,2.550308259384995863e-02,6.504072217887327603e-04,-1.309904950139396430e-02,1.715850978399694751e-04,-3.732734091701454815e-02,1.393330379935028450e-03,6.267317780943737482e-02,3.927927216733352947e-03,1.021074689615911191e-01,1.042593521774229370e-02,-1.598024990486959507e-01,2.553683870220847113e-02
-1.891999999999999904e+00,3.280033176447999210e+01,2.638782999473644753e-02,6.963175718311125258e-04,-1.355017536355899305e-02,1.836072523832010816e-04,-3.855210611913559987e-02,1.486264886221092549e-03,6.464940140495337162e-02,4.179545102018787303e-03,1.051393066746996313e-01,1.105427380803653860e-02,-1.642030475201483597e-01,2.696264081490410205e-02
-1.887999999999999901e+00,3.241242963967999202e+01,2.729810324762357160e-02,7.451864409179165477e-04,-1.401416764460113214e-02,1.963968947709852453e-04,-3.980914275669251295e-02,1.584767847022724042e-03,6.667421969492243194e-02,4.445451571926782412e-03,1.082377315555333175e-01,1.171540653228769248e-02,-1.686859191854415685e-01,2.845493933143732404e-02
-1.883999999999999897e+00,3.202762947967999452e+01,2.823444401395950806e-02,7.971838287774139125e-04,-1.449129295268792271e-02,2.099975714406226469e-04,-4.109900889962780218e-02,1.689128532531685226e-03,6.874832700322155987e-02,4.726332465741882316e-03,1.114033623239242682e-01,1.241070913707554950e-02,-1.732512676325299872e-01,3.001600173627853169e-02
-1.879999999999999893e+00,3.164591679999999485e+01,2.919739872735781228e-02,8.524880924443156444e-04,-1.498181995923124690e-02,2.244549292908197676e-04,-4.242226215584873894e-02,1.799648326419556145e-03,7.087241003473250534e-02,5.022898504131252835e-03,1.146367927321938623e-01,1.314159424792397599e-02,-1.778991916612590318e-01,3.164812239372937624e-02
-1.875999999999999890e+00,3.126727714687998372e+01,3.018751840432674222e-02,9.112862674115657395e-04,-1.548601929406518037e-02,2.398167935761590325e-04,-4.377945926910044305e-02,1.916641053894824762e-03,7.304714713020574179e-02,5.335885703861924755e-03,1.179385903262734070e-01,1.390951108814855210e-02,-1.826297335597378002e-01,3.335361958010082256e-02
-1.871999999999999886e+00,3.089169609727998633e+01,3.120535844644650031e-02,9.737743957712099172e-04,-1.600416343627001498e-02,2.561332472948420701e-04,-4.517115570621668685e-02,2.040433307835272381e-03,7.527320750736717081e-02,5.666055768447157172e-03,1.213092951967635197e-01,1.471594510113551253e-02,-1.874428773908973500e-01,3.513483228457897622e-02
-1.867999999999999883e+00,3.051915925887999492e+01,3.225147843395862607e-02,1.040157861176098418e-03,-1.653652660063234178e-02,2.734567120134210336e-04,-4.659790523388048639e-02,2.171364772185706282e-03,7.755125048870076254e-02,6.014196452361210421e-03,1.247494187210783090e-01,1.556241747124692369e-02,-1.923385472916125383e-01,3.699411677424787465e-02
-1.863999999999999879e+00,3.014965227007998294e+01,3.332644191074040502e-02,1.110651730429954628e-03,-1.708338461973573502e-02,2.918420300658234766e-04,-4.806025948504218798e-02,2.309788541769587644e-03,7.988192471636769432e-02,6.381121896391435920e-03,1.282594422978624582e-01,1.645048453855870937e-02,-1.973166057868142031e-01,3.893384291922904333e-02
-1.859999999999999876e+00,2.978316079999999033e+01,3.443081616064586764e-02,1.185481101488192581e-03,-1.764501482168126870e-02,3.113465480573516684e-04,-4.955876751515836398e-02,2.456071437621516057e-03,8.226586735474979151e-02,6.767672931629287354e-03,1.318398160749097159e-01,1.738173710266602279e-02,-2.023768521210584648e-01,4.095639027442876667e-02
-1.855999999999999872e+00,2.941967054847998497e+01,3.556517197520404211e-02,1.264881457625838951e-03,-1.822169590344178622e-02,3.320302015975071653e-04,-5.109397534843093669e-02,2.610594316906068163e-03,8.470370328113288605e-02,7.174717349538201928e-03,1.354909576718511810e-01,1.835779961083536943e-02,-2.075190206100621382e-01,4.306414391495939215e-02
-1.851999999999999869e+00,2.905916724607998702e+01,3.673008341267400972e-02,1.349099027501990357e-03,-1.881370779985881703e-02,3.539556011784684791e-04,-5.266642551424190882e-02,2.773752376447191116e-03,8.719604426507265860e-02,7.603150135476510578e-03,1.392132508989217254e-01,1.938032922584613169e-02,-2.127427790147499997e-01,4.525949002291874967e-02
-1.847999999999999865e+00,2.870163665407998721e+01,3.792612754846613060e-02,1.438391150822521591e-03,-1.942133154829598848e-02,3.771881191088370319e-04,-5.427665657399521199e-02,2.945955448851417507e-03,8.974348813701307770e-02,8.053893662998206152e-03,1.430070444731503798e-01,2.045101476894561204e-02,-2.180477269403943430e-01,4.754481122387277381e-02
-1.843999999999999861e+00,2.834706456447998590e+01,3.915388421694790400e-02,1.533026649274162262e-03,-2.004484914896786929e-02,4.017959774048779375e-04,-5.592520263859340063e-02,3.127628290167734377e-03,9.234661794675443069e-02,8.527897846203827056e-03,1.468726507333578957e-01,2.157157553344293474e-02,-2.234333942634580406e-01,4.992248167208988147e-02
-1.839999999999999858e+00,2.799543679999998247e+01,4.041393574466310701e-02,1.633286202373758446e-03,-2.068454342096831891e-02,4.278503365339237394e-04,-5.761259287679343366e-02,3.319210857987149599e-03,9.500600111239516921e-02,9.026140247368431499e-03,1.508103443553808209e-01,2.274375996458854327e-02,-2.288992395887807507e-01,5.239486188432205399e-02
-1.835999999999999854e+00,2.764673921407998947e+01,4.170686667500259764e-02,1.739462727846442184e-03,-2.134069785402768066e-02,4.554253848969016475e-04,-5.933935101470183548e-02,3.521158578845995802e-03,9.772218856039768808e-02,9.549626137033920964e-03,1.548203610689760368e-01,2.396934420152811024e-02,-2.344446487397733314e-01,5.496429332271569879e-02
-1.831999999999999851e+00,2.730095769087999358e+01,4.303326348437520182e-02,1.851861766115660063e-03,-2.201359645603349902e-02,4.845984289290906346e-04,-6.110599482668620241e-02,3.733942603759000771e-03,1.004957138574558567e-01,1.009938850371964493e-02,1.589028963778937598e-01,2.525013047728364227e-02,-2.400689332843045642e-01,5.763309272826387664e-02
-1.827999999999999847e+00,2.695807814527998403e+01,4.439371428993763025e-02,1.970801868456612503e-03,-2.270352359635482639e-02,5.154499836902403384e-04,-6.291303561799604926e-02,3.958050050671239189e-03,1.033270923348666021e-01,1.067648801037804872e-02,1.630581042846383499e-01,2.658794537289999385e-02,-2.457713290989841370e-01,6.040354620708116712e-02
-1.823999999999999844e+00,2.661808652287998456e+01,4.578880854895241853e-02,2.096614988332618119e-03,-2.341076384501557597e-02,5.480638638070884673e-04,-6.476097769940269977e-02,4.193984232582533521e-03,1.062168202061347239e-01,1.128201289470234965e-02,1.672860960214675452e-01,2.798463792210366050e-02,-2.515509949745578511e-01,6.327790307269003101e-02
-1.819999999999999840e+00,2.628096879999998592e+01,4.721913674985384057e-02,2.229646875401397697e-03,-2.413560180776799791e-02,5.825272746231338053e-04,-6.665031785418386312e-02,4.442264870063740261e-03,1.091653736785646450e-01,1.191707881038065429e-02,1.715869387892095810e-01,2.944207756305195628e-02,-2.574070112651423714e-01,6.625836944845313325e-02
-1.815999999999999837e+00,2.594671098367998852e+01,4.868529009511195910e-02,2.370257471645206577e-03,-2.487832195712287586e-02,6.189309034022622436e-04,-6.858154479779508816e-02,4.703428286851974414e-03,1.121732080596177794e-01,1.258282860638629957e-02,1.759606545055053817e-01,3.096215193400583127e-02,-2.633383785840318625e-01,6.934710163526688897e-02
-1.811999999999999833e+00,2.561529911167999174e+01,5.018786017599603105e-02,2.518821309045328471e-03,-2.563920845939859222e-02,6.573690104244963228e-04,-7.055513863058592017e-02,4.978027587181197214e-03,1.152407568588385695e-01,1.328043204139794931e-02,1.804072185641090176e-01,3.254676451003819804e-02,-2.693440165488112381e-01,7.254619925064630104e-02
-1.807999999999999829e+00,2.528671925247999042e+01,5.172743863934926856e-02,2.675727908187643719e-03,-2.641854499785694158e-02,6.979395198037919830e-04,-7.257157028393511344e-02,5.266632813476133934e-03,1.183684308861753381e-01,1.401108543045526816e-02,1.849265586069025746e-01,3.419783207819217241e-02,-2.754227625785088951e-01,7.585769814637767505e-02
-1.803999999999999826e+00,2.496095750527998902e+01,5.330461684649781540e-02,2.841382177151938887e-03,-2.721661459199916158e-02,7.407441098494216541e-04,-7.463130096019454651e-02,5.569831083011135206e-03,1.215566173475459977e-01,1.477601122097772085e-02,1.895185533103052600e-01,3.591728204883101738e-02,-2.815733707455148060e-01,7.928356311299113168e-02
-1.799999999999999822e+00,2.463799999999998747e+01,5.491998552442788756e-02,3.016204810003368826e-03,-2.803369941310146496e-02,7.858883027841254577e-04,-7.673478156684747364e-02,5.888226702111794796e-03,1.248056789385197651e-01,1.557645749530487539e-02,1.941830311877760507e-01,3.770704960127280875e-02,-2.877945106849800205e-01,8.282568038040707958e-02
-1.795999999999999819e+00,2.431783289727997754e+01,5.657413440937587162e-02,3.200632684170126932e-03,-2.887008059607492141e-02,8.334815536238616637e-04,-7.888245214530184568e-02,6.222441256455836164e-03,1.281159529370092531e-01,1.641369739695797136e-02,1.989197694101270675e-01,3.956907466217812752e-02,-2.940847665643979147e-01,8.648584992523641879e-02
-1.791999999999999815e+00,2.400044238847998912e+01,5.826765188298765885e-02,3.395119255957035342e-03,-2.972603804774028025e-02,8.836373380157027183e-04,-8.107474129475482350e-02,6.573113676011423274e-03,1.314877502958864408e-01,1.728902847787338465e-02,2.037284926453820366e-01,4.150529871555948269e-02,-3.004426361160492664e-01,9.026577759636078557e-02
-1.787999999999999812e+00,2.368581469567998710e+01,6.000112460121401203e-02,3.600134953410409275e-03,-3.060185025161419464e-02,9.364732388222197623e-04,-8.331206559157965097e-02,6.940900273135670179e-03,1.349213547364575827e-01,1.820377196392102340e-02,2.086088719199269137e-01,4.351766144370446815e-02,-3.068665297349675303e-01,9.416706707158170597e-02
-1.783999999999999808e+00,2.337393607167998510e+01,6.177513711612040576e-02,3.816167565715477151e-03,-3.149779406930874187e-02,9.921110312325809224e-04,-8.559482900469998767e-02,7.326474752343829951e-03,1.384170218437502098e-01,1.915927193609322232e-02,2.135605235027134841e-01,4.560809719875303508e-02,-3.133547696450548758e-01,9.819121165930540240e-02
-1.779999999999999805e+00,2.306479279999998511e+01,6.359027149080062613e-02,4.043722628273731245e-03,-3.241414453865208017e-02,1.050676766172628550e-03,-8.792342230743220577e-02,7.730528190251067036e-03,1.419749781645842923e-01,2.015689442483418678e-02,2.185830078142839694e-01,4.777853130513932955e-02,-3.199055891359441905e-01,1.023395859604155356e-01
-1.775999999999999801e+00,2.275837119487998450e+01,6.544710690759431015e-02,4.283323802574078715e-03,-3.335117466864347124e-02,1.112300851778366033e-03,-9.029822248628883996e-02,8.153768984183318649e-03,1.455954203094167454e-01,2.119802641507572208e-02,2.236758283623943300e-01,5.003087619360328808e-02,-3.265171318731657779e-01,1.066134374066783352e-01
-1.771999999999999797e+00,2.245465760127998323e+01,6.734621926981994300e-02,4.535513249938666683e-03,-3.430915523136181255e-02,1.177118132689681726e-03,-9.271959214725090936e-02,8.596922767952552141e-03,1.492785140589651949e-01,2.228407475965266810e-02,2.288384307060168654e-01,5.236702736799248026e-02,-3.331874512841359603e-01,1.110138776932184795e-01
-1.767999999999999794e+00,2.215363839487998732e+01,6.928818079724578805e-02,4.800851998191820076e-03,-3.528835455095214596e-02,1.245267966913705124e-03,-9.518787892002965323e-02,9.060732293294225873e-03,1.530243934766308544e-01,2.341646499889074237e-02,2.340702014495063821e-01,5.478885920661250020e-02,-3.399145100224363336e-01,1.155418741237929647e-01
-1.763999999999999790e+00,2.185529998207998759e+01,7.127355961553177854e-02,5.079920300268762033e-03,-3.628903828982021906e-02,1.316894300000037927e-03,-9.770341486085104554e-02,9.545957275471568179e-03,1.568331600277569626e-01,2.459664008429202423e-02,2.393704672687138879e-01,5.729822060044242882e-02,-3.466961795128031265e-01,1.201982408887738163e-01
-1.759999999999999787e+00,2.155962879999998805e+01,7.330291933988648811e-02,5.373317983749904304e-03,-3.731146923217070616e-02,1.392145736263221195e-03,-1.002665158543084162e-01,1.005337420156228109e-02,1.607048817067702473e-01,2.582605900438701696e-02,2.447384939708288354e-01,5.989693043110942000e-02,-3.535302395791872221e-01,1.249836302969175167e-01
-1.755999999999999783e+00,2.126661131647998459e+01,7.537681865319396934e-02,5.681664790276490414e-03,-3.835590706502999686e-02,1.471175606781218066e-03,-1.028774810148407465e-01,1.058377609995891748e-02,1.646395921732654588e-01,2.710619531097917256e-02,2.501734855897263521e-01,6.258677289211302119e-02,-3.604143781581869432e-01,1.298985239831525751e-01
-1.751999999999999780e+00,2.097623403007998633e+01,7.749581087887569275e-02,6.005600703774468217e-03,-3.942260815689974801e-02,1.554142033892458611e-03,-1.055365920884054898e-01,1.113797226963449301e-02,1.686372898981045587e-01,2.843853554417735685e-02,2.556745835185877946e-01,6.536949265740332748e-02,-3.673461911000890368e-01,1.349432241157431378e-01
-1.747999999999999776e+00,2.068848347007998001e+01,7.966044354876336553e-02,6.345786266385714663e-03,-4.051182533419278586e-02,1.641207991908144375e-03,-1.082441128549253839e-01,1.171678796774982233e-02,1.726979373206106727e-01,2.982457755479357361e-02,2.612408656815529140e-01,6.824678990204717521e-02,-3.743231820596845116e-01,1.401178446272877132e-01
-1.743999999999999773e+00,2.040334619647998693e+01,8.187125796626844310e-02,6.702902880979274072e-03,-4.162380765560784457e-02,1.732541363751038174e-03,-1.110002885320987426e-01,1.232106405420917150e-02,1.768214600179455476e-01,3.126582872287791276e-02,2.668713457461487915e-01,7.122031518036048281e-02,-3.813427624789481607e-01,1.454223024950754839e-01
-1.739999999999999769e+00,2.012080879999998118e+01,8.412878876514480464e-02,7.077653099090354567e-03,-4.275880018460485182e-02,1.828314993226963937e-03,-1.138053451811730371e-01,1.295165659180594515e-02,1.810077458877661638e-01,3.276380407137012563e-02,2.725649723782241907e-01,7.429166416754211244e-02,-3.884022516635952660e-01,1.508563090973507881e-01
-1.735999999999999766e+00,1.984085790207997846e+01,8.643356346415007052e-02,7.470760893111257593e-03,-4.391704376014718414e-02,1.928706732630682767e-03,-1.166594891152897134e-01,1.360943640064039839e-02,1.852566443452624279e-01,3.432002427406705136e-02,2.783206285411014558e-01,7.746237227151377136e-02,-3.954988769554430017e-01,1.564193616730166492e-01
-1.731999999999999762e+00,1.956348015487998637e+01,8.878610201792172529e-02,7.882971911536803405e-03,-4.509877476588232403e-02,2.033899485383784417e-03,-1.195629063110177220e-01,1.429528856553720188e-02,1.895679655356807825e-01,3.593601355733705427e-02,2.841371308406345220e-01,8.073390912234786054e-02,-4.026297740024155081e-01,1.621107349132361874e-01
-1.727999999999999758e+00,1.928866224127999018e+01,9.118691636439268944e-02,8.315053716046747270e-03,-4.630422489793691032e-02,2.144081243398720388e-03,-1.225157618236999840e-01,1.501011189524158185e-02,1.939414795634425426e-01,3.761329749525720023e-02,2.900132289178393719e-01,8.410767294735110866e-02,-4.097919871279412929e-01,1.679294727142668087e-01
-1.723999999999999755e+00,1.901639087487998481e+01,9.363650996908122470e-02,8.767795999189847284e-03,-4.753362093150657192e-02,2.259445118860159678e-03,-1.255181992072447184e-01,1.575481833222956707e-02,1.983769157389672078e-01,3.935340069810529251e-02,2.959476048907362933e-01,8.758498484056335964e-02,-4.169824698013909758e-01,1.738743801216679485e-01
-1.719999999999999751e+00,1.874665279999998546e+01,9.613537736659828747e-02,9.242010781418258381e-03,-4.878718448642547362e-02,2.380189370112514424e-03,-1.285703399389998280e-01,1.653033231202997305e-02,2.028739618443098636e-01,4.115784439440649256e-02,3.019388728470127070e-01,9.116708293612450775e-02,-4.241980852111065792e-01,1.799440154967692496e-01
-1.715999999999999748e+00,1.847943479167998859e+01,9.868400369972404884e-02,9.738532586207149927e-03,-5.006513179190463791e-02,2.506517421340780614e-03,-1.316722828503543163e-01,1.733759007102371116e-02,2.074322634187222569e-01,4.302814390701417691e-02,3.079855783890840248e-01,9.485511649565861458e-02,-4.314356069414654327e-01,1.861366829369506537e-01
-1.711999999999999744e+00,1.821472365567998608e+01,1.012828642564147091e-01,1.025821859198332818e-02,-5.136767345063224244e-02,2.638637875730788333e-03,-1.348241035637158525e-01,1.817753890175957676e-02,2.120514230652417731e-01,4.496580602399415094e-02,3.140861982330965807e-01,9.865013992052004688e-02,-4.386917197553123482e-01,1.924504249818735080e-01
-1.707999999999999741e+00,1.795250622847997946e+01,1.039324240051076459e-01,1.080194875957747602e-02,-5.269501420243278417e-02,2.776764521794592919e-03,-1.380258539365170345e-01,1.905113635490473384e-02,2.167309997794103216e-01,4.697232626538275918e-02,3.202391398633741559e-01,1.025531067004337160e-01,-4.459630204829828637e-01,1.988830156383054049e-01
-1.703999999999999737e+00,1.769276937727998344e+01,1.066331371287011914e-01,1.137062593390839212e-02,-5.404735268768595668e-02,2.921116332547114489e-03,-1.412775615129077955e-01,1.995934938703344472e-02,2.214705083012180054e-01,4.904918604719987058e-02,3.264427412437754805e-01,1.065648633107505600e-01,-4.532460190190209515e-01,2.054319537565907072e-01
-1.699999999999999734e+00,1.743549999999998690e+01,1.093854465575933299e-01,1.196517591860410575e-02,-5.542488121070937579e-02,3.071917457221245203e-03,-1.445792289837930511e-01,2.090315345354806439e-02,2.262694184913582596e-01,5.119784974441742020e-02,3.326952705873814087e-01,1.106861430712109268e-01,-4.605371394275752372e-01,2.120944567921338730e-01
-1.695999999999999730e+00,1.718068502527998120e+01,1.121897835021695711e-01,1.258654752226368023e-02,-5.682778550331274436e-02,3.229397205210521923e-03,-1.479308336558765313e-01,2.188353154612261361e-02,2.311271547328743736e-01,5.341976165491404971e-02,3.389949261858876128e-01,1.149175599797753883e-01,-4.678327211573331534e-01,2.188674549854750240e-01
-1.692000000000000171e+00,1.692831141248001359e+01,1.150465669851380296e-01,1.323571257506585101e-02,-5.825624448873408662e-02,3.393790021931160708e-03,-1.513323269303738783e-01,2.290147317416156222e-02,2.360430953592636549e-01,5.571634286678243259e-02,3.453398363000296789e-01,1.192596025357312989e-01,-4.751290203667250522e-01,2.257475859946438401e-01
-1.688000000000000167e+00,1.667836615168001302e+01,1.179562033741155258e-01,1.391366591443570291e-02,-5.971043004617166555e-02,3.565335456298759833e-03,-1.547836337920570626e-01,2.395797328987362904e-02,2.410165721100956393e-01,5.808898803170092773e-02,3.517280591123152500e-01,1.237126275669163250e-01,-4.824222113599990758e-01,2.327311900134716172e-01
-1.684000000000000163e+00,1.643083626368001049e+01,1.209190859148745745e-01,1.462142533848881897e-02,-6.119050677612784123e-02,3.744278119519347300e-03,-1.582846523092928670e-01,2.505403115667373046e-02,2.460468696151863199e-01,6.053906204743250002e-02,3.581575827432857406e-01,1.282768540765135690e-01,-4.897083881346347423e-01,2.398143054094220572e-01
-1.680000000000000160e+00,1.618570880000000756e+01,1.239355942656668180e-01,1.536003152598398522e-02,-6.269663176678350047e-02,3.930867634899646093e-03,-1.618352531457357968e-01,2.619064916074438643e-02,2.511332249083543799e-01,6.306789665287010349e-02,3.646263253324713016e-01,1.329523571254611902e-01,-4.969835660404248734e-01,2.469926649142573649e-01
-1.676000000000000156e+00,1.594297084288000477e+01,1.270060940330435539e-01,1.613054792153030201e-02,-6.422895436162427696e-02,4.125358578387613821e-03,-1.654352790843341137e-01,2.736883156571151554e-02,2.562748269717685101e-01,6.567678693940988410e-02,3.711321351851475936e-01,1.377390617670866679e-01,-5.042436835504172654e-01,2.542616924004933443e-01
-1.672000000000000153e+00,1.570260950528000521e+01,1.301309363095985716e-01,1.693406058481279966e-02,-6.578761592854118212e-02,4.328010409561245352e-03,-1.690845445643045786e-01,2.858958321051830245e-02,2.614708163118785178e-01,6.836698778280012045e-02,3.776727909859383114e-01,1.426367370511082422e-01,-5.114846041437650648e-01,2.616165002761040581e-01
-1.668000000000000149e+00,1.546461193088001274e+01,1.333104572140628719e-01,1.777167800262248812e-02,-6.737274963063087652e-02,4.539087392791673128e-03,-1.727828352317270777e-01,2.985390815071414794e-02,2.667202845678990353e-01,7.113971019998104051e-02,3.842460020802451193e-01,1.476449901146517363e-01,-5.187021183003905911e-01,2.690518875293124168e-01
-1.664000000000000146e+00,1.522896529408001243e+01,1.365449774341847278e-01,1.864453086250201716e-02,-6.898448019892129690e-02,4.758858508315364118e-03,-1.765299075044063082e-01,3.116280824351424714e-02,2.720222741537969835e-01,7.399611763580349333e-02,3.908494088244218734e-01,1.527632603784000731e-01,-5.258919456072201903e-01,2.765623384545474184e-01
-1.660000000000000142e+00,1.499565680000000611e+01,1.398348017728320569e-01,1.955377178684723424e-02,-7.062292370725076207e-02,4.987597352960161830e-03,-1.803254881516407893e-01,3.251728167712754358e-02,2.773757779347077457e-01,7.693732218488430474e-02,3.974805830055393452e-01,1.579908138664234407e-01,-5.330497369755995418e-01,2.841420220897558635e-01
-1.656000000000000139e+00,1.476467368448000705e+01,1.431802186977560454e-01,2.050057502633724840e-02,-7.228818734952874303e-02,5.225582030280567433e-03,-1.841692738895343295e-01,3.391832144499831031e-02,2.827797389386824123e-01,7.996438075422937497e-02,4.041370283315189327e-01,1.633267376686309280e-01,-5.401710769693500724e-01,2.917847923942274990e-01
-1.652000000000000135e+00,1.453600321408000795e+01,1.465814998954588222e-01,2.148613611160239342e-02,-7.398036921960765566e-02,5.473095029869472217e-03,-1.880609309924762551e-01,3.536691376575691603e-02,2.882330501046405646e-01,8.307829117262423291e-02,4.108161809923386865e-01,1.687699345651299809e-01,-5.472514862427722004e-01,2.994841891949230894e-01
-1.648000000000000131e+00,1.430963268608000760e+01,1.500388998296084409e-01,2.251167146207927461e-02,-7.569955809399578350e-02,5.730423095626242282e-03,-1.920000949214092645e-01,3.686403644983016897e-02,2.937345540673770850e-01,8.627998825316086917e-02,4.175154102929444222e-01,1.743191178320857293e-01,-5.542864240877516391e-01,3.072334399279868511e-01
-1.644000000000000128e+00,1.408554942848000380e+01,1.535526553044470055e-01,2.357841795104631544e-02,-7.744583321764092476e-02,5.997857082774654854e-03,-1.959863699694938399e-01,3.841065721381931725e-02,2.992830429804407277e-01,8.957033981563233827e-02,4.242320193584166454e-01,1.799728062489200087e-01,-5.612712910889678941e-01,3.150254622006769534e-01
-1.640000000000000124e+00,1.386374080000000752e+01,1.571229850336378076e-01,2.468763242588076917e-02,-7.921926409301534300e-02,6.275691803438909928e-03,-2.000193289257690965e-01,4.000773194391501336e-02,3.048772583776728773e-01,9.295014267588630474e-02,4.309632459118724612e-01,1.857293193268970688e-01,-5.682014318860522106e-01,3.228528671973600050e-01
-1.636000000000000121e+00,1.364419419008000212e+01,1.607500892149978655e-01,2.584059118262977198e-02,-8.101991027273117152e-02,6.564225860601410369e-03,-2.040985127573975433e-01,4.165620290978156587e-02,3.105158910741613876e-01,9.642011860958045466e-02,4.377062631254961533e-01,1.915867727792860686e-01,-5.750721380413825745e-01,3.307079639514869940e-01
-1.632000000000000117e+00,1.342689701888000897e+01,1.644341491115628162e-01,2.703858939404367445e-02,-8.284782115591576845e-02,6.863761470282603999e-03,-2.082234303110706564e-01,4.335699693050929643e-02,3.161975811073327591e-01,9.998091029812827824e-02,4.444581805450132928e-01,1.975430742533836326e-01,-5.818786510120534938e-01,3.385827645036071365e-01
-1.628000000000000114e+00,1.321183673728000407e+01,1.681753266394293289e-01,2.828294049027874763e-02,-8.470303578857511784e-02,7.174604271800636909e-03,-2.123935580341386187e-01,4.511102349440100634e-02,3.219209177188698257e-01,1.036330772649593501e-01,4.512160450878399676e-01,2.035959193447116344e-01,-5.886161652243935283e-01,3.464689899634705306e-01
-1.624000000000000110e+00,1.299900082688000147e+01,1.719737639628201586e-01,2.957497549153978098e-02,-8.658558266817223403e-02,7.497063125986887580e-03,-2.166083397160146196e-01,4.691917283452839982e-02,3.276844393781058185e-01,1.073770918105435013e-01,4.579768421150525182e-01,2.097427879136757323e-01,-5.952798312492585397e-01,3.543580774921457066e-01
-1.620000000000000107e+00,1.278837680000000709e+01,1.758295830968140128e-01,3.091604229199942239e-02,-8.849547955264655541e-02,7.831449901252883830e-03,-2.208671862503889805e-01,4.878231396216401589e-02,3.334866338475092618e-01,1.112133349549427053e-01,4.647374965772405608e-01,2.159809407248806934e-01,-6.018647590761629917e-01,3.622411882178077080e-01
-1.616000000000000103e+00,1.257995219968000633e+01,1.797428855181815444e-01,3.230750489440211565e-02,-9.043273327409796780e-02,8.178079247424144965e-03,-2.251694754187741065e-01,5.070129266036591670e-02,3.393259382908361266e-01,1.151420923969563304e-01,4.714948742342149890e-01,2.223074164291382049e-01,-6.083660214841624114e-01,3.701092160964683520e-01
-1.612000000000000099e+00,1.237371459968000487e+01,1.837137517847643731e-01,3.375074259483401562e-02,-9.239733955735773829e-02,8.537268357277664685e-03,-2.295145516958839449e-01,5.267692944016258427e-02,3.452007394244822613e-01,1.191635504992093059e-01,4.782457829484574319e-01,2.287190289079830685e-01,-6.147786575072458071e-01,3.779527977264114380e-01
-1.608000000000000096e+00,1.216965160448000738e+01,1.877422411638321742e-01,3.524714911721851807e-02,-9.438928284366564225e-02,8.909336715741513271e-03,-2.339017260773361417e-01,5.471001746195718746e-02,3.511093737125326464e-01,1.232777923088069078e-01,4.849869740521072226e-01,2.352123650002193311e-01,-6.210976759918415135e-01,3.857623231224665550e-01
-1.604000000000000092e+00,1.196775084928000510e+01,1.918283912698478810e-01,3.679813169717784799e-02,-9.640853611967081793e-02,9.294605836737872620e-03,-2.383302759301468565e-01,5.680132042493993977e-02,3.570501276059585005e-01,1.274847936234312362e-01,4.917151437871923325e-01,2.417837826296592441e-01,-6.273180592438902803e-01,3.935279474535210431e-01
-1.600000000000000089e+00,1.176800000000000779e+01,1.959722177120674924e-01,3.840511011498597832e-02,-9.845506075197045515e-02,9.693398987674193071e-03,-2.427994448664682892e-01,5.895157042746517612e-02,3.630212378263721340e-01,1.317844191129914355e-01,4.984269348187205795e-01,2.484294093527851244e-01,-6.334347667627888701e-01,4.012396037438287211e-01
-1.596000000000000085e+00,1.157038675328000110e+01,2.001737137523950938e-01,4.006951567742580989e-02,-1.005288063273974269e-01,1.010604090161138120e-02,-2.473084426410034065e-01,6.116146580151847478e-02,3.690208916947035345e-01,1.361764185071541178e-01,5.051189378201532687e-01,2.551451413445598448e-01,-6.394427390593602212e-01,4.088870165357370579e-01
-1.592000000000000082e+00,1.137489883648000344e+01,2.044328499739090643e-01,4.179279014845481421e-02,-1.026297104992647952e-01,1.053285747716290258e-02,-2.518564450725082060e-01,6.343166892456134076e-02,3.750472275051192073e-01,1.406604228592766570e-01,5.117876931306970523e-01,2.619266428400405244e-01,-6.453369015548586773e-01,4.164597165084253372e-01
-1.588000000000000078e+00,1.118152400768000554e+01,2.087495739604688372e-01,4.357638462867725188e-02,-1.047576988397712627e-01,1.097417546620421333e-02,-2.564425939897741480e-01,6.576280401220414851e-02,3.810983349444552748e-01,1.452359408974362165e-01,5.184296924837518139e-01,2.687693460487974861e-01,-6.511121685578780127e-01,4.239470560441425673e-01
-1.584000000000000075e+00,1.099025005568000246e+01,2.131238099878050574e-01,4.542175838371803609e-02,-1.069126846987676765e-01,1.143032214949811151e-02,-2.610659972024613196e-01,6.815545489531554813e-02,3.871722555573935409e-01,1.499023554733996400e-01,5.250413808057639020e-01,2.756684515584231776e-01,-6.567634473158855402e-01,4.313382257302459388e-01
-1.580000000000000071e+00,1.080106480000000602e+01,2.175554587264890982e-01,4.733037762169309964e-02,-1.090945690690805631e-01,1.190162500036839009e-02,-2.657257284971298872e-01,7.061016278533038815e-02,3.932669832575569902e-01,1.546589201204996156e-01,5.316191580846409970e-01,2.826189292426224964e-01,-6.622856421379714753e-01,4.386222717821052219e-01
-1.576000000000000068e+00,1.061395609088000214e+01,2.220443969571701814e-01,4.930371422007336774e-02,-1.113032404585842100e-01,1.238841133658141747e-02,-2.704208276587964366e-01,7.312742403166848371e-02,3.993804648846557281e-01,1.595047557314837328e-01,5.381593813067903076e-01,2.896155196885073502e-01,-6.676736585852658390e-01,4.457881143686341363e-01
-1.572000000000000064e+00,1.042891180927999883e+01,2.265904772984602689e-01,5.134324440234403625e-02,-1.135385747692078950e-01,1.289100796062301116e-02,-2.751503005183170147e-01,7.570768787532015931e-02,4.055106008077664081e-01,1.644388473674756879e-01,5.446583664617541398e-01,2.966527361567864451e-01,-6.729224077253436187e-01,4.528245668188736195e-01
-1.568000000000000060e+00,1.024591986688000667e+01,2.311935279478378180e-01,5.345044736496766535e-02,-1.158004351830600881e-01,1.340974078858610079e-02,-2.799131190258754565e-01,7.835135420279391860e-02,4.116552455747725103e-01,1.694600412092262531e-01,5.511123906133200689e-01,3.037248670875286605e-01,-6.780268104468130108e-01,4.597203556846785055e-01
-1.564000000000000057e+00,1.006496820608000498e+01,2.358533524359327505e-01,5.562680385526830307e-02,-1.180886720558460834e-01,1.394493446791316392e-02,-2.847082213508319026e-01,8.105877130475429293e-02,4.178122086079499309e-01,1.745670416618530785e-01,5.575176940358954614e-01,3.108259791631023394e-01,-6.829818018301545557e-01,4.664641416311645084e-01
-1.560000000000000053e+00,9.886044800000004074e+00,2.405697293945457393e-01,5.787379470096496586e-02,-1.204031228177497442e-01,1.449691198426612988e-02,-2.895345120081594392e-01,8.383023364380302878e-02,4.239792549456262161e-01,1.797584086242483004e-01,5.638704824148438322e-01,3.179499209387486869e-01,-6.877823355707628483e-01,4.730445411231734565e-01
-1.556000000000000050e+00,9.709137652480002600e+00,2.453424123387430711e-01,6.019289929219382579e-02,-1.227436118819449223e-01,1.506599425782553098e-02,-2.943908620116738595e-01,8.666597963597640064e-02,4.301541060297931485e-01,1.850325549342905218e-01,5.701669291093918179e-01,3.250903270500342113e-01,-6.924233884500238245e-01,4.794501488726126137e-01
-1.552000000000000046e+00,9.534234798080003515e+00,2.501711294633606752e-01,6.258559401697356972e-02,-1.251099505608954665e-01,1.565249972934970937e-02,-2.992761090542332414e-01,8.956618945064130644e-02,4.363344405394991021e-01,1.903877440009176802e-01,5.764031774766233962e-01,3.322406230051477838e-01,-6.968999648501524868e-01,4.856695610081437908e-01
-1.548000000000000043e+00,9.361324302080001658e+00,2.550555834542364564e-01,6.505335065118098004e-02,-1.275019369905966982e-01,1.625674393635409207e-02,-3.041890577150595520e-01,9.253098283357583109e-02,4.425178952697987889e-01,1.958220876340125982e-01,5.825753432549956035e-01,3.393940305686759529e-01,-7.012071013084071325e-01,4.916913989253387518e-01
-1.544000000000000039e+00,9.190394260480005073e+00,2.599954513144808188e-01,6.759763470422056053e-02,-1.299193560629053334e-01,1.687903907979997759e-02,-3.091284796943054025e-01,9.556041695811258452e-02,4.487020660559807861e-01,2.013335440829057410e-01,5.886795170057169679e-01,3.465435737420842210e-01,-7.053398711061962256e-01,4.975043337721055114e-01
-1.540000000000000036e+00,9.021432799999999474e+00,2.649903842060832293e-01,7.021990372168759875e-02,-1.323619793660968658e-01,1.751969358171105370e-02,-3.140931140749654293e-01,9.865448430930924550e-02,4.548845087427474398e-01,2.069199162941306736e-01,5.947117666102500477e-01,3.536820853446845381e-01,-7.092933888884989102e-01,5.030971115209313949e-01
-1.536000000000000032e+00,8.854428078080001541e+00,2.700400073071379525e-01,7.292160554643911663e-02,-1.348295651337844125e-01,1.817901163416541302e-02,-3.190816676122005813e-01,1.018131106061828522e-01,4.610627401979641160e-01,2.125788503988553513e-01,6.006681398221116464e-01,3.608022141973558639e-01,-7.130628153089261234e-01,5.084585785762917309e-01
-1.532000000000000028e+00,8.689368282880003846e+00,2.751439196849634894e-01,7.570417653960563598e-02,-1.373218582023235657e-01,1.885729274013905887e-02,-3.240928150501168337e-01,1.050361527671092310e-01,4.672342393705457009e-01,2.183078344401724047e-01,6.065446668710637868e-01,3.678964329097297314e-01,-7.166433616956697783e-01,5.135777078624705894e-01
-1.528000000000000025e+00,8.526241633279999732e+00,2.803016941853718746e-01,7.856903976318974081e-02,-1.398385899768231355e-01,1.955483124670606004e-02,-3.291251994660138736e-01,1.083233969235434246e-01,4.733964483919949062e-01,2.241041973501546880e-01,6.123373631177062570e-01,3.749570462699456375e-01,-7.200302947335004422e-01,5.184436253340115597e-01
-1.524000000000000021e+00,8.365036378880002843e+00,2.855128773383351359e-01,8.151760312601520619e-02,-1.423794784058719787e-01,2.027191587112816412e-02,-3.341774326420877128e-01,1.116745564872570762e-01,4.795467737210554748e-01,2.299651081862731927e-01,6.180422317564059354e-01,3.819762002344390117e-01,-7.232189411569074355e-01,5.230456368481183338e-01
-1.520000000000000018e+00,8.205740799999999169e+00,2.907769892802785638e-01,8.455125749490323417e-02,-1.449442279650855481e-01,2.100882922039468831e-02,-3.392480954645450408e-01,1.150892702763210707e-01,4.856825873308910912e-01,2.358875756364286480e-01,6.236552665644168325e-01,3.889458915135338146e-01,-7.262046924494035549e-01,5.273732553355328090e-01
-1.516000000000000014e+00,8.048343207679998557e+00,2.960935236932188408e-01,8.767137477306674587e-02,-1.475325296495682281e-01,2.176584730480072769e-02,-3.443357383500565416e-01,1.185671007050786013e-01,4.918012279381505647e-01,2.418684478014727357e-01,6.291724546949738484e-01,3.958579777468989036e-01,-7.289830095439572277e-01,5.314162282037652174e-01
-1.512000000000000011e+00,7.892831943680002738e+00,3.014619477609487008e-01,9.087930594782496485e-02,-1.501440609753783573e-01,2.254323904617813387e-02,-3.494388816994498659e-01,1.221075320433621242e-01,4.979000022732270603e-01,2.479044122636795133e-01,6.345897795120682972e-01,4.027041882611754331e-01,-7.315494275194575069e-01,5.351645649040459585e-01
-1.508000000000000007e+00,7.739195380480000885e+00,3.068817021424549707e-01,9.417637910985045269e-02,-1.527784859900757908e-01,2.334126578141978298e-02,-3.545560163785113628e-01,1.257099687501992136e-01,5.039761863909700823e-01,2.539919964491857973e-01,6.399032234645449790e-01,4.094761354003154108e-01,-7.338995602880721281e-01,5.386085645910255737e-01
-1.504000000000000004e+00,7.587421921279999815e+00,3.123522009627424656e-01,9.756389744626944860e-02,-1.554354552924236132e-01,2.416018076196302031e-02,-3.596856042257381425e-01,1.293737338872343323e-01,5.100270270210580659e-01,2.601275682919391152e-01,6.451087709970911854e-01,4.161653264173774125e-01,-7.360291052683147761e-01,5.417388438020760422e-01
-1.500000000000000000e+00,7.437500000000000000e+00,3.178728318212200032e-01,1.010431372100416142e-01,-1.581146060613059789e-01,2.500022864992197669e-02,-3.648260785868537859e-01,1.330980676170612220e-01,5.160497429571915262e-01,2.663073372061834365e-01,6.502024114956240775e-01,4.227631759147248425e-01,-7.379338480386024024e-01,5.445463640810591643e-01
-1.495999999999999996e+00,7.289418081280000017e+00,3.234429558177886466e-01,1.046153456681479799e-01,-1.608155620939172303e-01,2.586164501158254997e-02,-3.699758448758701523e-01,1.368821257916139345e-01,5.220415264842139802e-01,2.725273553739682719e-01,6.551801422645195938e-01,4.292610188177561348e-01,-7.396096669660556788e-01,5.470224594696397880e-01
-1.491999999999999993e+00,7.143164660480000094e+00,3.290619075967565754e-01,1.082817390312163647e-01,-1.635379338532670646e-01,2.674465580899555370e-02,-3.751332811624498165e-01,1.407249786357056276e-01,5.279995448422252213e-01,2.787835193535970202e-01,6.600379715330679797e-01,4.356501238654870711e-01,-7.410525378052746914e-01,5.491588637876381185e-01
-1.487999999999999989e+00,6.998728263680001227e+00,3.347289954086885566e-01,1.120435003673098395e-01,-1.662813185250394954e-01,2.764947689042564216e-02,-3.802967387852958514e-01,1.446256095307315581e-01,5.339209417267007929e-01,2.850715720143270349e-01,6.647719214884824090e-01,4.419217075994890109e-01,-7.422585382618069882e-01,5.509477376225543344e-01
-1.483999999999999986e+00,6.856097447679998069e+00,3.404435011902821606e-01,1.159017775026976449e-01,-1.690453000838329778e-01,2.857631348043314021e-02,-3.854645429912642030e-01,1.485829139034641755e-01,5.398028388235850406e-01,2.913871048020013066e-01,6.693780313327338805e-01,4.480669488308864357e-01,-7.432238525150153263e-01,5.523816949472613036e-01
-1.479999999999999982e+00,6.715260799999998476e+00,3.462046806623444994e-01,1.198576809125159320e-01,-1.718294493688012070e-01,2.952535967038541834e-02,-3.906349935998691958e-01,1.525956982247698435e-01,5.456423373782821606e-01,2.977255603396350980e-01,6.738523603604372747e-01,4.540770035633326374e-01,-7.439447756950577917e-01,5.534538292839698004e-01
-1.475999999999999979e+00,6.576206938880001296e+00,3.520117634459276057e-01,1.239122816043116970e-01,-1.746333241687047511e-01,3.049679791021191883e-02,-3.958063656928206830e-01,1.566626791229588922e-01,5.514365197974229194e-01,3.040822353662935851e-01,6.781909910549608345e-01,4.599430203481099655e-01,-7.444177183086932992e-01,5.541577393319210287e-01
-1.471999999999999975e+00,6.438924513279998152e+00,3.578639531966636977e-01,1.280666089975439070e-01,-1.774564693163745432e-01,3.149079850223338028e-02,-4.009769103282064817e-01,1.607824826163545551e-01,5.571824512822418640e-01,3.104522840168878473e-01,6.823900321998955798e-01,4.656561560457745386e-01,-7.446392106086442420e-01,5.544875539758647998e-01
-1.467999999999999972e+00,6.303402202880000083e+00,3.637604277573233680e-01,1.323216488021908832e-01,-1.802984167925793246e-01,3.250751909791065042e-02,-4.061448552789037048e-01,1.649536434695216269e-01,5.628771814923607675e-01,3.168307214447840248e-01,6.864456220029693245e-01,4.712075919670434265e-01,-7.446059069012658238e-01,5.544379565922565867e-01
-1.463999999999999968e+00,6.169628718079999352e+00,3.697003393286035222e-01,1.366783408996845861e-01,-1.831586858392800221e-01,3.354710419837207691e-02,-4.113084057947771766e-01,1.691746046774410817e-01,5.685177462387273062e-01,3.232124277883619556e-01,6.903539312294635355e-01,4.765885503639748499e-01,-7.443145897873049144e-01,5.540042085702440167e-01
-1.459999999999999964e+00,6.037592799999996096e+00,3.756828146581336347e-01,1.411375772294575781e-01,-1.860367830822448332e-01,3.460968465959021745e-02,-4.164657453881942528e-01,1.734437170817442475e-01,5.741011692044233339e-01,3.295921524818858916e-01,6.941111663421495326e-01,4.817903112408591926e-01,-7.437621743305590227e-01,5.531821719649209212e-01
-1.455999999999999961e+00,5.907283220480000985e+00,3.817069552476721195e-01,1.457001996844483616e-01,-1.889322026629898510e-01,3.569537720308906675e-02,-4.216150366423604412e-01,1.777592391229389501e-01,5.796244636920179216e-01,3.359645189102594132e-01,6.977135726447341035e-01,4.868042294526786495e-01,-7.429457121492987204e-01,5.519683312010286169e-01
-1.451999999999999957e+00,5.778688782079999697e+00,3.877718375784465765e-01,1.503669980189651645e-01,-1.918444263800001270e-01,3.680428393307128704e-02,-4.267544220419528522e-01,1.821193367323612200e-01,5.850846343960992568e-01,3.423240294064171518e-01,7.011574374257776299e-01,4.916217520574832633e-01,-7.418623954253580344e-01,5.503598137462503148e-01
-1.447999999999999954e+00,5.651798318079999106e+00,3.938765133545754082e-01,1.551387077723570262e-01,-1.947729238391785189e-01,3.793649186086243269e-02,-4.318820248255038630e-01,1.865220833673771339e-01,5.904786791995928485e-01,3.486650705892956892e-01,7.044390931000217293e-01,4.962344358875810935e-01,-7.405095608258602802e-01,5.483544096745084362e-01
-1.443999999999999950e+00,5.526600692479998855e+00,4.000200097644887598e-01,1.600160082119816696e-01,-1.977171526134587354e-01,3.909207243757373273e-02,-4.369959498589611746e-01,1.909654601931357054e-01,5.958035909924268569e-01,3.549819190394710722e-01,7.075549203440500978e-01,5.006339653030750236e-01,-7.388846933326088662e-01,5.459505900412234825e-01
-1.439999999999999947e+00,5.403084799999998467e+00,4.062013297602514172e-01,1.649995202989965049e-01,-2.006765584115112189e-01,4.027108109588867224e-02,-4.420942845298275747e-01,1.954473564139401487e-01,6.010563595110870461e-01,3.612687473087211054e-01,7.105013512231844741e-01,5.048121700899709241e-01,-7.369854299742446546e-01,5.431475239943223121e-01
-1.435999999999999943e+00,5.281239566080000003e+00,4.124194523546717561e-01,1.700898046805273678e-01,-2.036505752554609860e-01,4.147355680188017507e-02,-4.471750996612570694e-01,1.999655697570552060e-01,6.062339731975615598e-01,3.675196302589017749e-01,7.132748723065084340e-01,5.087610434638658585e-01,-7.348095634563488465e-01,5.399450945469099761e-01
-1.431999999999999940e+00,5.161053946880000964e+00,4.186733329360630140e-01,1.752873597117914628e-01,-2.066386256675274147e-01,4.269952161776451732e-02,-4.522364504454633449e-01,2.045178071115120177e-01,6.113334210761510734e-01,3.737285517246706212e-01,7.158720277669075038e-01,5.124727601391040333e-01,-7.323550456847571777e-01,5.363439129399227845e-01
-1.427999999999999936e+00,5.042516929279996063e+00,4.249619036005077843e-01,1.805926195117672772e-01,-2.096401208654876669e-01,4.394898027649627587e-02,-4.572763773957730371e-01,2.091016853242014528e-01,6.163516946465961155e-01,3.798894114937308442e-01,7.182894224630018698e-01,5.159396944222327530e-01,-7.296199911774419178e-01,5.323453315257704599e-01
-1.423999999999999932e+00,4.925617530879998540e+00,4.312840735014576987e-01,1.860059520560107538e-01,-2.126544609668560293e-01,4.522191976910409222e-02,-4.622929073166324732e-01,2.137147321552645418e-01,6.212857897919390471e-01,3.859960325973934570e-01,7.205237249998563964e-01,5.191544382876687180e-01,-7.266026803604181961e-01,5.279514551069440786e-01
-1.419999999999999929e+00,4.810344799999999310e+00,4.376387292164835574e-01,1.915276573102186186e-01,-2.156810352016626797e-01,4.651830894566085645e-02,-4.672840542908585637e-01,2.183543873945020530e-01,6.261327086995220892e-01,3.920421689034006008e-01,7.225716707653513371e-01,5.221098193926312359e-01,-7.233015627432343164e-01,5.231651506668049123e-01
-1.415999999999999925e+00,4.696687815679997158e+00,4.440247351309755119e-01,1.971579654081329624e-01,-2.187192221337075082e-01,4.783809813077408851e-02,-4.722478206834002101e-01,2.230180041402209101e-01,6.308894617934956983e-01,3.980215130020866576e-01,7.244300649391063329e-01,5.247989189876778315e-01,-7.197152599697207442e-01,5.179900554332826923e-01
-1.411999999999999922e+00,4.584635687679997851e+00,4.504409338385754746e-01,2.028970348773679322e-01,-2.217683898901553208e-01,4.918121875447194202e-02,-4.771821981608607155e-01,2.277028502416309497e-01,6.355530696771940491e-01,4.039277043761042574e-01,7.260957854708618431e-01,5.272150896785477991e-01,-7.158425687397872439e-01,5.124305832199770316e-01
-1.407999999999999918e+00,4.474177556479997264e+00,4.568861465581058878e-01,2.087449509167150219e-01,-2.248278963993309842e-01,5.054758299934830612e-02,-4.820851687260088725e-01,2.324061099055844404e-01,6.401205650837147321e-01,4.097543378430942851e-01,7.275657860252369158e-01,5.293519729945208585e-01,-7.116824635981836567e-01,5.064919289931799629e-01
-1.403999999999999915e+00,4.365302593279998256e+00,4.633591735667469402e-01,2.147017237284587210e-01,-2.278970896365639376e-01,5.193708346481605564e-02,-4.869547057664910805e-01,2.371248854681299034e-01,6.445889948330216779e-01,4.154949722598452744e-01,7.288370988898039693e-01,5.312035167181058393e-01,-7.072340995862710367e-01,5.001800716176035833e-01
-1.399999999999999911e+00,4.257999999999998231e+00,4.698587946491931677e-01,2.207672869091926726e-01,-2.309753078779250568e-01,5.334959284930226864e-02,-4.917887751169383592e-01,2.418561993310185676e-01,6.489554217938809932e-01,4.211431394756739999e-01,7.299068378434409032e-01,5.327639919306110805e-01,-7.024968147529816465e-01,4.935017747380849862e-01
-1.395999999999999908e+00,4.152259009279997137e+00,4.763837695625088853e-01,2.269414959025855549e-01,-2.340618799616885071e-01,5.478496365119987777e-02,-4.965853361336453053e-01,2.465969960629655067e-01,6.532169268489183001e-01,4.266923535219450669e-01,7.307722009819516140e-01,5.340280097280059035e-01,-6.974701325212950831e-01,4.864645857592729272e-01
-1.391999999999999904e+00,4.048068884479998353e+00,4.829328385163842441e-01,2.332241265174920530e-01,-2.371561255573460536e-01,5.624302788937168840e-02,-5.013423427809837740e-01,2.513441446651254463e-01,6.573706108610847254e-01,4.321361200238756917e-01,7.314304734979745204e-01,5.349905375614711911e-01,-6.921537639066962511e-01,4.790768328902066386e-01
-1.387999999999999901e+00,3.945418919679998471e+00,4.895047226684778874e-01,2.396148735147434483e-01,-2.402573554419918656e-01,5.772359684397961738e-02,-5.060577447286983555e-01,2.560944409998964222e-01,6.614135966398017041e-01,4.374679458199983162e-01,7.318790304122337886e-01,5.356469151571514598e-01,-6.865476095842419912e-01,4.713476202258367609e-01
-1.383999999999999897e+00,3.844298439679998403e+00,4.960981246345211315e-01,2.461133492658888755e-01,-2.433648717838888254e-01,5.922646081838865012e-02,-5.107294884592161743e-01,2.608446103818126138e-01,6.653430309050545333e-01,4.426813487739243436e-01,7.321153392532280257e-01,5.359928699698691679e-01,-6.806517618010136106e-01,4.632868208428237433e-01
-1.379999999999999893e+00,3.744696799999997161e+00,5.027117290128388927e-01,2.527190824870779728e-01,-2.464779684330210274e-01,6.075138892286931214e-02,-5.153555183840946574e-01,2.655913103289389010e-01,6.691560862476954030e-01,4.477698677623331847e-01,7.321369626824906218e-01,5.360245321259426987e-01,-6.744665061308996457e-01,4.549050678924229096e-01
-1.375999999999999890e+00,3.646603386879998077e+00,5.093442029229319212e-01,2.594315170511968249e-01,-2.495959312184287127e-01,6.229812888079459821e-02,-5.199337779687133176e-01,2.703311334728192850e-01,6.728499630842174062e-01,4.527270728224327412e-01,7.319415610626058832e-01,5.357384488107643783e-01,-6.679923230688170621e-01,4.462137436788748412e-01
-1.371999999999999886e+00,3.550007617279996808e+00,5.159941965577509171e-01,2.662500108812788646e-01,-2.527180382521163615e-01,6.386640685799814532e-02,-5.244622108643105518e-01,2.750606106246805682e-01,6.764218916042559204e-01,4.575465754414797526e-01,7.315268949652092845e-01,5.351315980574403719e-01,-6.612298894616530642e-01,4.372249667174699095e-01
-1.367999999999999883e+00,3.454898938879997772e+00,5.226603437492782778e-01,2.731738349281137568e-01,-2.558435602393174801e-01,6.545592731592926594e-02,-5.289387620464517381e-01,2.797762139952328919e-01,6.798691337090807529e-01,4.622220389703359245e-01,7.308908276162584539e-01,5.342014018935792308e-01,-6.541800797733814399e-01,4.279515767723077180e-01
-1.363999999999999879e+00,3.361266830079997270e+00,5.293412625470214072e-01,2.802021722348746469e-01,-2.589717607948930911e-01,6.706637288920733186e-02,-5.333613789590112564e-01,2.844743605650580376e-01,6.831889849393418812e-01,4.667471891424482822e-01,7.300313272759131333e-01,5.329457388042313504e-01,-6.468439671819918857e-01,4.184071178797377777e-01
-1.359999999999999876e+00,3.269100799999997697e+00,5.360355558090073025e-01,2.873341170914713860e-01,-2.621018967656356669e-01,6.869740428814394284e-02,-5.377280126627375090e-01,2.891514156022171878e-01,6.863787763903368422e-01,4.711158246790960180e-01,7.289464695504264125e-01,5.313629554700307622e-01,-6.392228245060473935e-01,4.086058193694890872e-01
-1.355999999999999872e+00,3.178390388479997331e+00,5.427418118048595863e-01,2.945686742812216319e-01,-2.652332185582427226e-01,7.034866022676454500e-02,-5.420366189874686880e-01,2.938036963233662813e-01,6.894358766130792571e-01,4.753218279612450581e-01,7.276344396335097109e-01,5.294518777407717369e-01,-6.313181249588795119e-01,3.985625749015954122e-01
-1.351999999999999869e+00,3.089125166079997875e+00,5.494586048305225567e-01,3.019047584223043534e-01,-2.683649704727215646e-01,7.201975737682471401e-02,-5.462851596870581528e-01,2.984274756943146034e-01,6.923576934994530863e-01,4.793591757478826154e-01,7.260935344747018183e-01,5.272118208059649591e-01,-6.231315427286100439e-01,3.882929195433375558e-01
-1.347999999999999865e+00,3.001294734079996473e+00,5.561844958341897183e-01,3.093411934063318158e-01,-2.714963910409772807e-01,7.371029034827525361e-02,-5.504716035960639520e-01,3.030189863656221894e-01,6.951416761497488661e-01,4.832219499202823343e-01,7.243221648723415784e-01,5.246425985253555524e-01,-6.146649533823912437e-01,3.778130049165772109e-01
-1.343999999999999861e+00,2.914888724479997695e+00,5.629180330529824916e-01,3.168767119362386753e-01,-2.746267133703354513e-01,7.541983169659238762e-02,-5.545939277872556916e-01,3.075744247384957775e-01,6.977853167208973861e-01,4.869043482312830906e-01,7.223188574888148583e-01,5.217445318839468715e-01,-6.059204340934444266e-01,3.671395724519881387e-01
-1.339999999999999858e+00,2.829896799999997103e+00,5.696577526599118091e-01,3.245099551655412640e-01,-2.777551654917418400e-01,7.714793195734490072e-02,-5.586501187289859560e-01,3.120899551559100926e-01,7.002861522537229266e-01,4.904006950383243968e-01,7.200822567858257139e-01,5.185184565377678467e-01,-5.969002636896743041e-01,3.562899247928026925e-01
-1.335999999999999854e+00,2.746308654079996803e+00,5.764021794206500848e-01,3.322394724408753164e-01,-2.808809707123810506e-01,7.889411970832946319e-02,-5.626381734414754865e-01,3.165617142135598305e-01,7.026417664775624905e-01,4.937054519987094658e-01,7.176111268775148266e-01,5.149657294184166734e-01,-5.876069225228420789e-01,3.452818953967653481e-01
-1.331999999999999851e+00,2.664114010879996108e+00,5.831498273596281701e-01,3.400637211495641243e-01,-2.840033479724480281e-01,8.065790165955939728e-02,-5.665561006510584363e-01,3.209858151849322438e-01,7.048497915906145606e-01,4.968132287053327878e-01,7.149043532993343275e-01,5.110882343663394334e-01,-5.780430921574729597e-01,3.341338163909727821e-01
-1.327999999999999847e+00,2.583302625279996878e+00,5.898992004349646878e-01,3.479810666738106240e-01,-2.871215122058050073e-01,8.243876277134823405e-02,-5.704019219414360187e-01,3.253583525544840871e-01,7.069079100143988992e-01,4.997187932409254962e-01,7.119609446906683958e-01,5.068883867648289465e-01,-5.682116548788822552e-01,3.228644847401980211e-01
-1.323999999999999844e+00,2.503864282879997294e+00,5.966487932217274803e-01,3.559897824529437149e-01,-2.902346747042516273e-01,8.423616640068276595e-02,-5.741736729009881968e-01,3.296754066526109694e-01,7.088138561207383281e-01,5.024170826287507330e-01,7.087800343892770583e-01,5.023691371488647750e-01,-5.581156930199063781e-01,3.114931267950903915e-01
-1.319999999999999840e+00,2.425788799999996304e+00,6.033970916030171328e-01,3.640880501549798587e-01,-2.933420434851324865e-01,8.604955447603335195e-02,-5.778694042651967289e-01,3.339330483858133913e-01,7.105654179296928552e-01,5.049032131575991178e-01,7.053608819357278792e-01,4.975339737651478522e-01,-5.477584881061285937e-01,3.000393612923118458e-01
-1.315999999999999837e+00,2.349066023679997173e+00,6.101425734683582069e-01,3.722739599585909165e-01,-2.964428236620037516e-01,8.787834770070185320e-02,-5.814871830532327701e-01,3.381273440551838538e-01,7.121604387769048250e-01,5.071724905589135579e-01,7.017028744860732692e-01,4.923869240620178944e-01,-5.371435198195961824e-01,2.885231608841848927e-01
-1.311999999999999833e+00,2.273685831679996827e+00,6.168837094188752701e-01,3.805455109463913299e-01,-2.995362178180773216e-01,8.972194578475865823e-02,-5.850250936977756666e-01,3.422543602560911835e-01,7.135968189488436364e-01,5.092204200139087700e-01,6.978055281311211777e-01,4.869325550903529365e-01,-5.262744647812309662e-01,2.769648122807711332e-01
-1.307999999999999829e+00,2.199638132479996511e+00,6.236189634787252523e-01,3.889006116102796673e-01,-3.026214263821594419e-01,9.157972770557275266e-02,-5.884812391671248033e-01,3.463101688516747600e-01,7.148725172844664355e-01,5.110427159686297127e-01,6.936684891207453019e-01,4.811759727990575497e-01,-5.151551951523396511e-01,2.653848750924451272e-01
-1.303999999999999826e+00,2.126912865279996456e+00,6.303467938122522263e-01,3.973370804693860392e-01,-3.056976480067959412e-01,9.345105199688691355e-02,-5.918537420786816883e-01,3.502908520125386782e-01,7.159855527418446108e-01,5.126353117350447297e-01,6.892915349917757561e-01,4.751228202113184085e-01,-5.037897770558376065e-01,2.538041394659705796e-01
-1.299999999999999822e+00,2.055499999999996774e+00,6.370656534463277065e-01,4.058526468009965305e-01,-3.087640799483377663e-01,9.533525706634352059e-02,-5.951407458028833419e-01,3.541925073148122216e-01,7.169340059283384470e-01,5.139943688564547752e-01,6.846745755981097359e-01,4.687792744704517012e-01,-4.921824688180028717e-01,2.422435826117843582e-01
-1.295999999999999819e+00,1.985389537279997008e+00,6.437739909973303476e-01,4.144449514846307858e-01,-3.118199184486366016e-01,9.723166154131437922e-02,-5.983404155566776073e-01,3.580112528885376344e-01,7.177160205929380421e-01,5.151162862157626643e-01,6.798176540417835145e-01,4.621520427468740477e-01,-4.803377190317815737e-01,2.307243243246547282e-01
-1.291999999999999815e+00,1.916571508479996133e+00,6.504702514022218107e-01,4.231115479592696405e-01,-3.148643591180799173e-01,9.913956464283919801e-02,-6.014509394856430990e-01,3.617432326081627125e-01,7.183298050794245659e-01,5.159977088654440491e-01,6.747209475038488113e-01,4.552483570004914881e-01,-4.682601644428713294e-01,2.192675816040648984e-01
-1.287999999999999812e+00,1.849035975679997001e+00,6.571528766531664623e-01,4.318499032935317894e-01,-3.178965973196732353e-01,1.010582465874264729e-01,-6.044705297338628380e-01,3.653846213167367685e-01,7.187736337390442376e-01,5.166355365584297532e-01,6.693847679739975964e-01,4.480759675956025867e-01,-4.559546276600054404e-01,2.078946224845741875e-01
-1.283999999999999808e+00,1.782773031679996789e+00,6.638203065351450105e-01,4.406573993684138602e-01,-3.209158285538775135e-01,1.029869690164217089e-01,-6.073974235006777134e-01,3.689316300752616407e-01,7.190458483014271485e-01,5.170269319595189872e-01,6.638095628779873136e-01,4.406431357682645822e-01,-4.434261146910654650e-01,1.966267191900139544e-01
-1.279999999999999805e+00,1.717772799999996547e+00,6.704709793660057482e-01,4.495313341720109102e-01,-3.239212488439084381e-01,1.049249754525972550e-01,-6.102298840834555760e-01,3.723805114285076434e-01,7.191448592025234676e-01,5.171693285174172594e-01,6.579959156020207534e-01,4.329586249489416061e-01,-4.306798123068448225e-01,1.854851007286590914e-01
-1.275999999999999801e+00,1.654025434879996315e+00,6.771033327383988443e-01,4.584689232054468544e-01,-3.269120551212058023e-01,1.068714917835703049e-01,-6.129662019055253097e-01,3.757275646784852263e-01,7.190691468683725329e-01,5.170604379780091575e-01,6.519445459133437204e-01,4.250316909461559489e-01,-4.177210852344829806e-01,1.744909050494742042e-01
-1.271999999999999797e+00,1.591521121279996454e+00,6.837158042630371302e-01,4.674673009990517047e-01,-3.298874456107784292e-01,1.088257267716042920e-01,-6.156046955284424360e-01,3.789691411566663004e-01,7.188172629535612979e-01,5.166982575200492755e-01,6.456563102764291129e-01,4.168720709997725260e-01,-4.045554731827821215e-01,1.636651308821447381e-01
-1.267999999999999794e+00,1.530250074879996980e+00,6.903068323127263817e-01,4.765235227376305449e-01,-3.328466202161348697e-01,1.107868725893039197e-01,-6.181437126477653532e-01,3.821016494859630908e-01,7.183878315332790088e-01,5.160810764950868323e-01,6.391322020642247193e-01,4.084899717154649723e-01,-3.911886877018078690e-01,1.530285893858625568e-01
-1.263999999999999790e+00,1.470202542079997343e+00,6.968748567666097626e-01,4.856345659934828696e-01,-3.357887809035066673e-01,1.127541053806632027e-01,-6.205816310715389639e-01,3.851215608234117016e-01,7.177795502479128453e-01,5.152074827540960023e-01,6.323733516640505092e-01,3.998960558948249089e-01,-3.776266088793652220e-01,1.426018557337290771e-01
-1.259999999999999787e+00,1.411368799999996870e+00,7.034183197540700982e-01,4.947973325656391808e-01,-3.387131320850756966e-01,1.147265858468819316e-01,-6.229168596807006519e-01,3.880254140744657243e-01,7.169911913991843244e-01,5.140763685440217223e-01,6.253810264778402184e-01,3.911014282784771035e-01,-3.638752818771219810e-01,1.324052207611549625e-01
-1.255999999999999783e+00,1.353739156479996542e+00,7.099356663977359760e-01,5.040086504235974374e-01,-3.416188810009160859e-01,1.167034598563180675e-01,-6.251478393706390024e-01,3.908098210697782404e-01,7.160216029968662355e-01,5.126869359582019170e-01,6.181566308165282742e-01,3.821176202224416119e-01,-3.499409133093354107e-01,1.224586428077718003e-01
-1.251999999999999780e+00,1.297303950079996326e+00,7.164253455550412264e-01,5.132652757536602106e-01,-3.445052380993643970e-01,1.186838590778997587e-01,-6.272730439731575292e-01,3.934714716953507940e-01,7.148697097551771629e-01,5.110387019254511998e-01,6.107017056884974648e-01,3.729565733308402020e-01,-3.358298674673109163e-01,1.127816998831116108e-01
-1.247999999999999776e+00,1.242053550079996516e+00,7.228858105577868898e-01,5.225638951057886006e-01,-3.473714174155330681e-01,1.206669016372765163e-01,-6.292909811581128832e-01,3.960071389669403974e-01,7.135345140379923956e-01,5.091315027234339929e-01,6.030179284821054475e-01,3.636306220708496184e-01,-3.215486623928989207e-01,1.033935422866624904e-01
-1.243999999999999773e+00,1.187978356479996611e+00,7.293155199491617724e-01,5.319011276387162201e-01,-3.502166369476851782e-01,1.226516927949467262e-01,-6.312001933140162224e-01,3.984136840396514390e-01,7.120150967520668672e-01,5.069654980028551750e-01,5.951071125424228780e-01,3.541524753985799689e-01,-3.071039658044992793e-01,9.431284581285105661e-02
-1.239999999999999769e+00,1.135068799999996880e+00,7.357129382176764709e-01,5.412735274608866387e-01,-3.530401190311900361e-01,1.246373256455568235e-01,-6.329992584069141781e-01,4.006880611437033113e-01,7.103106181875137315e-01,5.045411743099279533e-01,5.869712066424178643e-01,3.445351974272560236e-01,-2.925025908792117657e-01,8.555776567105154162e-02
-1.235999999999999766e+00,1.083315342079997468e+00,7.420765365274767378e-01,5.506775860646154763e-01,-3.558410907097831477e-01,1.266228818375281229e-01,-6.346867908168759564e-01,4.028273224374248618e-01,7.084203188048350253e-01,5.018593480955441111e-01,5.786122943489359072e-01,3.347921871717396414e-01,-2.777514918949262057e-01,7.714589124985725410e-02
-1.231999999999999762e+00,1.032708474879997063e+00,7.484047934444981731e-01,5.601097348507019236e-01,-3.586187841038572799e-01,1.286074323121290108e-01,-6.362614421514473095e-01,4.048286227686395122e-01,7.063435199678534948e-01,4.989211682005774695e-01,5.700325932839269694e-01,3.249371574059988776e-01,-2.628577597363032647e-01,6.909420185358813860e-02
-1.227999999999999758e+00,9.832387212799966747e-01,7.546961956579407715e-01,5.695663477405688013e-01,-3.613724367755136169e-01,1.305900380610725831e-01,-6.377219020354454315e-01,4.066892243357062564e-01,7.040796246219493959e-01,4.957281178077851957e-01,5.612344542814793336e-01,3.149841126726299345e-01,-2.478286172687450828e-01,6.141902353733813547e-02
-1.223999999999999755e+00,9.348966348799975234e-01,7.609492386965328592e-01,5.790437438728329722e-01,-3.641012920901064431e-01,1.325697509016850184e-01,-6.390668988764997005e-01,4.084065012396262961e-01,7.016281179170578142e-01,4.922820158518327882e-01,5.522203604413256084e-01,3.049473264859475785e-01,-2.326714145845990567e-01,5.413598716479837286e-02
-1.219999999999999751e+00,8.876727999999975971e-01,7.671624276390788255e-01,5.885381903810849025e-01,-3.668045995740193410e-01,1.345456142686566603e-01,-6.402952006057620604e-01,4.099779439187730690e-01,6.989885677749373416e-01,4.885850178800581478e-01,5.429929260795908208e-01,2.948413177724759637e-01,-2.173936241259770419e-01,4.725998781062658999e-02
-1.215999999999999748e+00,8.415578316799966485e-01,7.733342778187725086e-01,5.980459052494824235e-01,-3.694816152684145538e-01,1.365166640213567040e-01,-6.414056153932370385e-01,4.114011634579771148e-01,6.961606254002727923e-01,4.846396163576989213e-01,5.335548955776547864e-01,2.846808265948820860e-01,-2.020028356887055010e-01,4.080514562627815534e-02
-1.211999999999999744e+00,7.965423756799969723e-01,7.794633155207811859e-01,6.075630602426488336e-01,-3.721316020787002188e-01,1.384819292656600809e-01,-6.423969923372075952e-01,4.126738957638903527e-01,6.931440257352365908e-01,4.804486404124503340e-01,5.239091421301043106e-01,2.744807892075018518e-01,-1.865067513120495235e-01,3.478476828497468337e-02
-1.207999999999999741e+00,7.526171084799976319e-01,7.855480786726029008e-01,6.170857839062179329e-01,-3.747538301194681676e-01,1.404404331892112057e-01,-6.432682221272564282e-01,4.137940055987613386e-01,6.899385878571785424e-01,4.760152550143576522e-01,5.140586663928491395e-01,2.642563124935945473e-01,-1.709131800589744621e-01,2.921131511787142601e-02
-1.203999999999999737e+00,7.097727372799971235e-01,7.915871175267138460e-01,6.266101646342514542e-01,-3.773475770546567132e-01,1.423911939090200807e-01,-6.440182376804102216e-01,4.147594904649813397e-01,6.865442153191765318e-01,4.713429595882238088e-01,5.040065950325786082e-01,2.540226478363337148e-01,-1.552300326918252260e-01,2.409636304950512828e-02
-1.199999999999999734e+00,6.679999999999968185e-01,7.975789953350276296e-01,6.361322537996320081e-01,-3.799121284326990033e-01,1.443332253302635759e-01,-6.446460147499575299e-01,4.155684843330024747e-01,6.829608964332342103e-01,4.664355860568868417e-01,4.937561791788280807e-01,2.437951644772749782e-01,-1.394653162484119913e-01,1.945057443626957080e-02
-1.195999999999999730e+00,6.272896652799968553e-01,8.035222890147001307e-01,6.456480689434233033e-01,-3.824467780164241826e-01,1.462655380151440254e-01,-6.451505725065227459e-01,4.162192612054940732e-01,6.791887044959622477e-01,4.612972963149035155e-01,4.833107927800229797e-01,2.335893224176543159e-01,-1.236271285235938655e-01,1.528366690698919513e-02
-1.191999999999999726e+00,5.876325324799969163e-01,8.094155898048202014e-01,6.551535970190849323e-01,-3.849508281074826566e-01,1.481871400606366573e-01,-6.455309740909985772e-01,4.167102385108734652e-01,6.752277979566422283e-01,4.559325791333760369e-01,4.726739308649631210e-01,2.234206449193359423e-01,-1.077236524615485663e-01,1.160438529965649931e-02
-1.187999999999999723e+00,5.490194316799970053e-01,8.152575039135403490e-01,6.646447976873363084e-01,-3.874235898650715271e-01,1.500970379839391411e-01,-6.457863271389741033e-01,4.170399803196460642e-01,6.710784205276216774e-01,4.503462464978474356e-01,4.618492077112960614e-01,2.133046906635518991e-01,-9.176315046400695952e-02,8.420475783079981250e-03
-1.184000000000000163e+00,5.114412236800016665e-01,8.210466531552074176e-01,6.741176066573674186e-01,-3.898643836187465905e-01,1.519942376144252094e-01,-6.459157842763156854e-01,4.172072003772879789e-01,6.667409012370458798e-01,4.445434293823881666e-01,4.508403549226253637e-01,2.032570256267588193e-01,-7.575395861981297496e-02,5.738662246572336610e-03
-1.180000000000000160e+00,4.748888000000012211e-01,8.267816755770684978e-01,6.835679390700249991e-01,-3.922725391751074597e-01,1.538777449908862172e-01,-6.459185435855929747e-01,4.172107649477335700e-01,6.622156544239865550e-01,4.385295729641887630e-01,4.396512194159791775e-01,1.932931947339574796e-01,-5.970448086124765380e-02,3.564625034911087561e-03
-1.176000000000000156e+00,4.393530828800016330e-01,8.324612260751338422e-01,6.929916929185151453e-01,-3.946473961181534706e-01,1.557465672628387254e-01,-6.457938490430623624e-01,4.170496954618536090e-01,6.575031796760807401e-01,4.323104312841565267e-01,4.282857613214557935e-01,1.834286933506990014e-01,-4.362318305262512241e-02,1.902982099642839663e-03
-1.172000000000000153e+00,4.048250252800013049e-01,8.380839769987957766e-01,7.023847525021180704e-01,-3.969883041031122550e-01,1.575997135946651251e-01,-6.455409909259557377e-01,4.167231709656648575e-01,6.526040617098473051e-01,4.258920613601901994e-01,4.167480517959408215e-01,1.736789386757121856e-01,-2.751858701673133567e-02,7.572726313974144103e-04
-1.168000000000000149e+00,3.712956108800011812e-01,8.436486187438061446e-01,7.117429919083320122e-01,-3.992946231435499094e-01,1.594361960713495396e-01,-6.451593061898441839e-01,4.162305303633611064e-01,6.475189701939032538e-01,4.192808167609729519e-01,4.050422707528734678e-01,1.640592410966440484e-01,-1.139926450473306013e-02,1.299432312488670461e-04
-1.164000000000000146e+00,3.387558540800011952e-01,8.491538603332356994e-01,7.210622785188363082e-01,-4.015657238915784633e-01,1.612550306045674176e-01,-6.446481788158785475e-01,4.155712744506289136e-01,6.422486595153530375e-01,4.124833406492678933e-01,3.931727045101152118e-01,1.545847755717983663e-01,4.726168884766778280e-03,2.233667232733765363e-05
-1.160000000000000142e+00,3.071968000000011578e-01,8.545984299860464040e-01,7.303384765346154772e-01,-4.038009879109837885e-01,1.630552378378864742e-01,-6.440070401277346868e-01,4.147450677340856484e-01,6.367939684896753993e-01,4.055065583048296785e-01,3.811437433580490697e-01,1.452705531009863826e-01,2.084905983180842734e-02,4.346832958703276397e-04
-1.156000000000000139e+00,2.766095244800014230e-01,8.599810756729189265e-01,7.395674505155507283e-01,-4.059998079431031415e-01,1.648358440498366440e-01,-6.432353690781215105e-01,4.137517400330671946e-01,6.311558200144881114e-01,3.983576691381608970e-01,3.689598790501107950e-01,1.361313923486723865e-01,3.696072346053541624e-02,1.366095078726173046e-03
-1.152000000000000135e+00,2.469851340800008899e-01,8.653005656589961569e-01,7.487450689297787676e-01,-4.081615881652895794e-01,1.665958820536114493e-01,-6.423326925047359026e-01,4.125912878603836265e-01,6.253352206676170422e-01,3.910441382074172911e-01,3.566257022180202574e-01,1.271818914824960622e-01,5.305244953825292986e-02,2.814562402008873726e-03
-1.148000000000000131e+00,2.183147660800012213e-01,8.705556890332104558e-01,7.578672077080877978e-01,-4.102857444418072097e-01,1.683343920921679393e-01,-6.412985853555771554e-01,4.112638755790644640e-01,6.193332602499488360e-01,3.835736872518308305e-01,3.441458997140500187e-01,1.184364002899929713e-01,6.911550870228060084e-02,4.776953543175025373e-03
-1.144000000000000128e+00,1.905895884800010709e-01,8.757452562238792204e-01,7.669297537986278224e-01,-4.123717045670095005e-01,1.700504227275009550e-01,-6.401326708835635149e-01,4.097698363325246174e-01,6.131511112735945623e-01,3.759542852560439630e-01,3.315252518827286887e-01,1.099089926359066993e-01,8.514115870878147252e-02,7.249016906273914908e-03
-1.140000000000000124e+00,1.638008000000009123e-01,8.808680995002682312e-01,7.759286087172144741e-01,-4.144189085006588780e-01,1.717430317228774705e-01,-6.388346208104186408e-01,4.081096727459913587e-01,6.067900283959410945e-01,3.681941385607470085e-01,3.187686297644394262e-01,1.016134393218982579e-01,1.011206506977413849e-01,1.022538599753462438e-02
-1.136000000000000121e+00,1.379396300800008746e-01,8.859230734598309009e-01,7.848596920885129169e-01,-4.164268085952549936e-01,1.734112869168291382e-01,-6.374041554598258719e-01,4.062840573974538794e-01,6.002513478002134972e-01,3.603016805359728902e-01,3.058809922334286835e-01,9.356318140970686092e-02,1.170452354682721685e-01,1.369958714582327798e-02
-1.132000000000000117e+00,1.129973388800009082e-01,8.909090555008524204e-01,7.937189451734208978e-01,-4.183948698152450962e-01,1.750542670877159035e-01,-6.358410438598736114e-01,4.042938330568137117e-01,5.935364865232198861e-01,3.522855608343283818e-01,2.928673830727964722e-01,8.577130406790811623e-02,1.329061697584188184e-01,1.766404995985364212e-02
-1.128000000000000114e+00,8.896521728000045259e-02,8.958249462802354568e-01,8.025023343779867924e-01,-4.203225699479997690e-01,1.766710628076911538e-01,-6.341451038148431252e-01,4.021400126923381779e-01,5.866469417309921885e-01,3.441546342423261184e-01,2.797329279890883869e-01,7.825051100134851334e-02,1.486947225236629755e-01,2.211012050638912554e-02
-1.124000000000000110e+00,6.583458688000071168e-02,9.006696701561817120e-01,8.112058547392451135e-01,-4.222093998064423426e-01,1.782607772849162664e-01,-6.323162019464200201e-01,3.998237792439457983e-01,5.795842899430858619e-01,3.359179491488309965e-01,2.664828315691586402e-01,7.101309952111657664e-02,1.644021812083362455e-01,2.702807718605862788e-02
-1.120000000000000107e+00,4.359680000000043520e-02,9.054421756155403012e-01,8.198255333834029157e-01,-4.240548634232306768e-01,1.798225271928948210e-01,-6.303542537044313221e-01,3.973464851632705908e-01,5.723501862063393730e-01,3.275847356504313357e-01,2.531223741820171624e-01,6.407093631154110736e-02,1.800198580041814100e-01,3.240714927584564115e-02
-1.116000000000000103e+00,2.224323968000080365e-02,9.101414356856011301e-01,8.283574329518472723e-01,-4.258584782363964427e-01,1.813554434858193343e-01,-6.282592233472421572e-01,3.947096517208799060e-01,5.649463632189417606e-01,3.191643933143084588e-01,2.396569088284142002e-01,5.743543394919083805e-02,1.955390960903349573e-01,3.823553809982524476e-02
-1.112000000000000099e+00,1.765319680000709823e-03,9.147664483301345406e-01,8.367976549905287165e-01,-4.276197752663544183e-01,1.828586721988474662e-01,-6.260311238919711307e-01,3.919149680814444925e-01,5.573746304056931278e-01,3.106664786198830019e-01,2.260918579409552931e-01,5.111752822719310696e-02,2.109512758490414142e-01,4.450044078233836298e-02
-1.108000000000000096e+00,-1.784551551999929986e-02,9.193162368294875986e-01,8.451423432983304895e-01,-4.293382992842039170e-01,1.843313752322526533e-01,-6.236700170347060368e-01,3.889642901480704906e-01,5.496368729453847690e-01,3.021006921011810120e-01,2.124327101375720894e-01,4.512765633639372054e-02,2.262478210514581867e-01,5.118807653053264461e-02
-1.104000000000000092e+00,-3.659779071999977318e-02,9.237898501445647170e-01,8.533876872301173755e-01,-4.310136089712512941e-01,1.857727311184227126e-01,-6.211760130409303970e-01,3.858596391774261058e-01,5.417350507512644908e-01,2.934768652124751243e-01,1.986850169312070757e-01,3.947573595295403998e-02,2.414202050079605477e-01,5.828371538608569796e-02
-1.100000000000000089e+00,-5.449999999999963207e-02,9.281863632645326323e-01,8.615299249502389456e-01,-4.326452770696900263e-01,1.871819357707088516e-01,-6.185492706063956403e-01,3.826032001677040495e-01,5.336711974055898811e-01,2.848049469403161060e-01,1.848543893985969411e-01,3.417114527992810846e-02,2.564599566774152795e-01,6.577170937898171865e-02
-1.096000000000000085e+00,-7.156060671999944778e-02,9.325048775381079569e-01,8.695653466323617353e-01,-4.342328905243832415e-01,1.885582032131609964e-01,-6.157899966886960508e-01,3.791973200218642925e-01,5.254474190493049202e-01,2.760949901855758726e-01,1.709464948110646643e-01,2.922270408818935725e-02,2.713586667299556221e-01,7.363552600945912074e-02
-1.092000000000000082e+00,-8.778804351999966449e-02,9.367445209882979684e-01,8.774902976015958034e-01,-4.357760506157025149e-01,1.899007662902193194e-01,-6.128984463098318125e-01,3.756445054890057977e-01,5.170658932279148523e-01,2.673571379395814351e-01,1.569670532302501753e-01,2.463865579978819290e-02,2.861079935578618172e-01,8.185778397770550330e-02
-1.088000000000000078e+00,-1.031907123199997667e-01,9.409044486104800598e-01,8.853011814149914782e-01,-4.372743730833817399e-01,1.912088773554645182e-01,-6.098749223300640177e-01,3.719474208871016430e-01,5.085288676946638775e-01,2.586016092788169796e-01,1.429218340717288427e-01,2.042665065442679159e-02,3.006996692292261408e-01,9.042029107456600601e-02
-1.084000000000000075e+00,-1.177769843199998612e-01,9.449838426537219283e-01,8.929944628765942305e-01,-4.387274882413563226e-01,1.924818089385694486e-01,-6.067197751933937067e-01,3.681088856107221918e-01,4.998386591721520888e-01,2.498386852030148320e-01,1.288166526394793343e-01,1.659372999724027797e-02,3.151255053791644500e-01,9.930408414047380006e-02
-1.080000000000000071e+00,-1.315551999999998445e-01,9.489819128852566843e-01,9.005666709833609618e-01,-4.401350410835623284e-01,1.937188543896291026e-01,-6.034334026450147714e-01,3.641318714277405055e-01,4.909976520735602201e-01,2.410786943417488892e-01,1.146573666341751396e-01,1.314631172348365920e-02,3.293773990334233903e-01,1.084894709940230212e-01
-1.076000000000000068e+00,-1.445336691199997914e-01,9.528978968380442671e-01,9.080144017983680094e-01,-4.414966913806808169e-01,1.949193285000881126e-01,-6.000162494211166431e-01,3.600194995693836719e-01,4.820082971846774145e-01,2.323319985548722988e-01,1.004498726382807156e-01,1.009017691304681628e-02,3.434473383593245055e-01,1.179560742261043377e-01
-1.072000000000000064e+00,-1.567206707199997051e-01,9.567310600413639898e-01,9.153343212478720625e-01,-4.428121137678177610e-01,1.960825680995227915e-01,-5.964688069114303381e-01,3.557750376183451690e-01,4.728731103079555909e-01,2.236089784523199453e-01,8.620010258093749322e-02,7.430457684964146721e-03,3.573274083390859945e-01,1.276828767503279116e-01
-1.068000000000000060e+00,-1.681244531199999059e-01,9.604806962343966914e-01,9.225231678389114176e-01,-4.440809978231198829e-01,1.972079326275777977e-01,-5.927916127949371949e-01,3.514018962000227675e-01,4.635946708698388541e-01,2.149200188589142080e-01,7.191402018562695342e-02,5.171626299258761349e-03,3.710097963606637794e-01,1.376482689955812189e-01
-1.064000000000000057e+00,-1.787532339199997544e-01,9.641461275627707384e-01,9.295777552942865452e-01,-4.453030481373321803e-01,1.982948046803991726e-01,-5.889852506491727313e-01,3.469036254822688292e-01,4.541756204926421514e-01,2.062754942498765121e-01,5.759761740359448795e-02,3.317485530570850501e-03,3.844867977213639598e-01,1.478300976220290330e-01
-1.060000000000000053e+00,-1.886151999999998163e-01,9.677267047580607739e-01,9.364949751018949442e-01,-4.464779843743116317e-01,1.993425905309480495e-01,-5.850503495335855897e-01,3.422839114893706514e-01,4.446186615322740843e-01,1.976857541827508891e-01,4.325691083601380243e-02,1.871160335074848260e-03,3.977508210395879762e-01,1.582057156376663332e-01
-1.056000000000000050e+00,-1.977185075199998643e-01,9.712218073002396590e-01,9.432717989755438071e-01,-4.476055413225190627e-01,2.003507206226253223e-01,-5.809875835474243022e-01,3.375465722362753218e-01,4.349265555831217100e-01,1.891611087513982714e-01,2.889793814786156476e-02,8.350908291976326782e-04,4.107943935701914295e-01,1.687520337887013222e-01
-1.052000000000000046e+00,-2.060712819199998491e-01,9.746308435631027001e-01,9.499052812245252220e-01,-4.486854689375167071e-01,2.013186500356792807e-01,-5.767976713626454810e-01,3.326955536893703713e-01,4.251021219514334870e-01,1.807118140876114165e-01,1.452675447646154319e-02,2.110265956193954748e-04,4.236101664190582428e-01,1.794455730935822224e-01
-1.048000000000000043e+00,-2.136816179199998444e-01,9.779532509426894782e-01,9.563925610293749768e-01,-4.497175323755093213e-01,2.022458589259172879e-01,-5.724813757323560237e-01,3.277349255604110057e-01,4.151482360985547237e-01,1.723480579357413445e-01,1.494288376419410590e-04,2.232897751902158273e-08,4.361909196526161381e-01,1.902625183873950243e-01
-1.044000000000000039e+00,-2.205575795199999911e-01,9.811884959687534602e-01,9.627308646214245424e-01,-4.507015120179695966e-01,2.031318529352839908e-01,-5.680395029753145808e-01,3.226688769404424395e-01,4.050678280553876021e-01,1.640799453255090690e-01,-1.422795946756797401e-02,2.024348306107571561e-04,4.485295672981492454e-01,2.011787727406649795e-01
-1.040000000000000036e+00,-2.267071999999999143e-01,9.843360743993300188e-01,9.689175073638833791e-01,-4.516372034873993857e-01,2.039761635739185952e-01,-5.634729024370391803e-01,3.175017117808210942e-01,3.948638808094609431e-01,1.559174843679081712e-01,-2.859932444279670097e-02,8.179213585843488369e-04,4.606191622308976052e-01,2.121700126142939680e-01
-1.036000000000000032e+00,-2.321384819200000005e-01,9.873955112984793558e-01,9.749498957323854409e-01,-4.525244176542830288e-01,2.047783485733479791e-01,-5.587824659280778983e-01,3.122378442286635192e-01,3.845394286660085426e-01,1.478705721987802757e-01,-4.295857697986333462e-02,1.845439336134844068e-03,4.724529009440674443e-01,2.232117436104648078e-01
-1.032000000000000028e+00,-2.368593971200000370e-01,9.903663610972820441e-01,9.808255291930720876e-01,-4.533629806352959535e-01,2.055379922105197432e-01,-5.539691271400200012e-01,3.068817938242756616e-01,3.740975555844686107e-01,1.399489810942745882e-01,-5.729962843312963461e-02,3.283247418574718277e-03,4.840241281980192101e-01,2.342793566778525460e-01
-1.028000000000000025e+00,-2.408778867200000451e-01,9.932482076381893288e-01,9.865420019764756798e-01,-4.541527337828383803e-01,2.062547056024256753e-01,-5.490338610398334263e-01,3.014381805683071236e-01,3.635413934918248491e-01,1.321623447819778308e-01,-7.161639418184588546e-02,5.128907915609529425e-03,4.953263415450388507e-01,2.453481846283924739e-01
-1.024000000000000021e+00,-2.442018611200000300e-01,9.960406642028327706e-01,9.920970047456202368e-01,-4.548935336659712392e-01,2.069281269711140958e-01,-5.439776832431328923e-01,2.959117198665662252e-01,3.528741205742181308e-01,1.245201449710278407e-01,-8.590279717769751244e-02,7.379290562952636051e-03,5.063531957262485950e-01,2.563935588221846196e-01
-1.020000000000000018e+00,-2.468392000000000086e-01,9.987433735234172438e-01,9.974883261569361670e-01,-4.555852520428358976e-01,2.075579218789343205e-01,-5.388016493669912643e-01,2.903072173605901751e-01,3.420989595482674117e-01,1.170316981240070997e-01,-1.001527714747941361e-01,1.003057763408233757e-02,5.170985069373569276e-01,2.673908658768437974e-01
-1.016000000000000014e+00,-2.487977523199999819e-01,1.001356007777829182e+00,1.002713854312751840e+00,-4.562277758246474080e-01,2.081437834339047166e-01,-5.335068543629224447e-01,2.846295636522205297e-01,3.312191759135408864e-01,1.097061424928451462e-01,-1.143602657393804067e-01,1.307827037998170357e-02,5.275562569601025542e-01,2.783156042577537570e-01
-1.012000000000000011e+00,-2.500853363200000179e-01,1.003878268568607179e+00,1.007771578104304622e+00,-4.568210070313548088e-01,2.086854324651411241e-01,-5.280944318306720620e-01,2.788837289305603484e-01,3.202380761876251203e-01,1.025524254403511887e-01,-1.285192467365876834e-01,1.651719678173990333e-02,5.377205971563977505e-01,2.891434406062329820e-01
-1.008000000000000007e+00,-2.507097395199999745e-01,1.006309886885929039e+00,1.012659588444371206e+00,-4.573648627390701771e-01,2.091826176683284910e-01,-5.225655533134648811e-01,2.730747575098076974e-01,3.091590061252408317e-01,9.557929106834670008e-02,-1.426237027915887579e-01,2.034152059798344236e-02,5.475858523223301466e-01,2.998502656635727570e-01
-1.004000000000000004e+00,-2.506787187200000266e-01,1.008650623054787143e+00,1.017376079388810250e+00,-4.578592750193716254e-01,2.096351157212645866e-01,-5.169214275753661880e-01,2.672077622865545732e-01,2.979853489228550534e-01,8.879526817267567596e-02,-1.566676472225614902e-01,2.454475168625297812e-02,5.571465243993454219e-01,3.104122496502704220e-01
-1.000000000000000000e+00,-2.500000000000000000e-01,1.010900266666528102e+00,1.021919349146457545e+00,-4.583041908705923762e-01,2.100427313695483744e-01,-5.111632998614237255e-01,2.612879191252198141e-01,2.867205234102391809e-01,8.220865854464151634e-02,-1.706451217429164890e-01,2.911975757465478862e-02,5.663972960400815992e-01,3.208058969615158462e-01
-9.959999999999999964e-01,-2.486812787200000097e-01,1.013058636494948539e+00,1.026287800977004228e+00,-4.586995721412123750e-01,2.104052974825312838e-01,-5.052924511412654196e-01,2.553204611803481239e-01,2.753679822304220259e-01,7.582752563765401965e-02,-1.845501998302902791e-01,3.405877625740007242e-02,5.753330340264979359e-01,3.310081000421354336e-01
-9.919999999999999929e-01,-2.467302195199999881e-01,1.015125580397146621e+00,1.030479943976643886e+00,-4.590453954454747354e-01,2.107226750796922787e-01,-4.993101973368350155e-01,2.493106731645491347e-01,2.639312100094799995e-01,6.965968361706822987e-02,-1.983769900598603975e-01,3.935343018520995328e-02,5.839487925380897337e-01,3.409961923066929801e-01
-9.879999999999999893e-01,-2.441544563199999907e-01,1.017100975199338508e+00,1.034494393751445473e+00,-4.593416520713542450e-01,2.109947533276410603e-01,-4.932178885349526865e-01,2.432638855708770254e-01,2.524137215176056603e-01,6.371268681036738879e-02,-2.121196393995896101e-01,4.499474141901192714e-02,5.922398162681528078e-01,3.507479999733353893e-01
-9.839999999999999858e-01,-2.409615923200000009e-01,1.018984726567861321e+00,1.038329872978579038e+00,-4.595883478810086631e-01,2.112214495079950405e-01,-4.870169081853982784e-01,2.371854688584646431e-01,2.408190598228872881e-01,5.799381957397936604e-02,-2.257723364650634224e-01,5.097314791289380559e-02,6.002015433862192273e-01,3.602418926831996160e-01
-9.799999999999999822e-01,-2.371591999999999589e-01,1.020776768865591988e+00,1.041985211855678273e+00,-4.597855032038500878e-01,2.114027089564176343e-01,-4.807086722852144667e-01,2.310808276102137293e-01,2.291507944392249252e-01,5.251008659212791363e-02,-2.393293147316422342e-01,5.727852088991746554e-02,6.078296083449469256e-01,3.694568327807715713e-01
-9.759999999999999787e-01,-2.327548211199999828e-01,1.022477064994020246e+00,1.045459348438785963e+00,-4.599331527223768368e-01,2.115385049731452194e-01,-4.742946285499354819e-01,2.249553946713212793e-01,2.174125194698003916e-01,4.726820362220633676e-02,-2.527848557017085551e-01,6.390018327213362048e-02,6.151198445299183026e-01,3.783724231345108602e-01
-9.719999999999999751e-01,-2.277559667199999804e-01,1.024085606221223133e+00,1.048751328869490074e+00,-4.600313453509103367e-01,2.116288387053685272e-01,-4.677762555724483406e-01,2.188146252773805200e-01,2.056078517475073975e-01,4.227458870022498399e-02,-2.661332920248499212e-01,7.082692912398404206e-02,6.220682867509552683e-01,3.869689533812686877e-01
-9.679999999999999716e-01,-2.221701171199999825e-01,1.025602411995994334e+00,1.051860307492001212e+00,-4.600801441073865683e-01,2.116737390018735843e-01,-4.611550619701985654e-01,2.126639911807376715e-01,1.937404289737369167e-01,3.753535381892759981e-02,-2.793690105688825254e-01,7.804704406623640123e-02,6.286711735737314788e-01,3.952274444825727984e-01
-9.639999999999999680e-01,-2.160047219199999202e-01,1.027027529748397505e+00,1.054785546861095602e+00,-4.600796259783543896e-01,2.116732622403824648e-01,-4.544325855214515486e-01,2.065089747837113854e-01,1.818139078568999922e-01,3.305629709019732021e-02,-2.924864554396818250e-01,8.554832661566898200e-02,6.349249494906190616e-01,4.031296914856651870e-01
-9.599999999999999645e-01,-2.092671999999999866e-01,1.028361034677010233e+00,1.057526417641970973e+00,-4.600298817773373350e-01,2.116274921280709709e-01,-4.476103922913262090e-01,2.003550632871949344e-01,1.698319622520566285e-01,2.884289540238398758e-02,-3.054801309478542004e-01,9.331811040391814471e-02,6.408262669298766534e-01,4.106583043872815142e-01
-9.559999999999999609e-01,-2.019649395199999697e-01,1.029603029523137758e+00,1.060082398403223269e+00,-4.599310159967183731e-01,2.115365394757736106e-01,-4.406900757483150355e-01,1.942077428630556435e-01,1.577982813030032738e-01,2.490029758218175251e-02,-3.183446045203491837e-01,1.013432872272175267e-01,6.463719881024405645e-01,4.177967470035015563e-01
-9.519999999999999574e-01,-1.941052979199998640e-01,1.030753644332286889e+00,1.062453075304290673e+00,-4.597831466533116029e-01,2.114005419464206337e-01,-4.336732558720061137e-01,1.880724928586264832e-01,1.457165675881560429e-01,2.123331806967364982e-02,-3.310745095551795303e-01,1.096103308772026635e-01,6.515591866857491921e-01,4.245293737545949853e-01
-9.479999999999999538e-01,-1.856956019199999530e-01,1.031813036203184986e+00,1.064638141678835082e+00,-4.595864051277856466e-01,2.112196637782811082e-01,-4.265615782527221178e-01,1.819547800414531846e-01,1.335905352715483496e-01,1.784643111413880198e-02,-3.436645482174863209e-01,1.181053217015289869e-01,6.563851493441854590e-01,4.308414642795886373e-01
-9.439999999999999503e-01,-1.767431475199999213e-01,1.032781389024651997e+00,1.066637397515689534e+00,-4.593409359981095452e-01,2.109940954836193594e-01,-4.193567131837895312e-01,1.758600528923111028e-01,1.214239082602438513e-01,1.474376549719211456e-02,-3.561094941752555587e-01,1.268139718417563844e-01,6.608473770858869223e-01,4.367192558012964465e-01
-9.399999999999999467e-01,-1.672551999999999095e-01,1.033658913200620422e+00,1.068450748839087749e+00,-4.590468968671906902e-01,2.107240535233972090e-01,-4.120603547471501926e-01,1.697937359543472691e-01,1.092204183694454461e-01,1.192909978879669666e-02,-3.684041952730641722e-01,1.357216510947940047e-01,6.649435864558247422e-01,4.421499731687348889e-01
-9.359999999999999432e-01,-1.572389939199998476e-01,1.034445845363621608e+00,1.070078206990057845e+00,-4.587044581848811475e-01,2.104097799586853723e-01,-4.046742198930240453e-01,1.637612242460275702e-01,9.698380349656048061e-02,9.405858140659457620e-03,-3.805435761423049956e-01,1.448134133431742687e-01,6.686717105652145721e-01,4.471218565102100806e-01
-9.319999999999999396e-01,-1.467017331199997610e-01,1.035142448077048583e+00,1.071519887810945315e+00,-4.583138030645266814e-01,2.100515420794697441e-01,-3.972000475143278031e-01,1.577678777453842551e-01,8.471780580546084405e-02,7.177106620491775085e-03,-3.925226407464123546e-01,1.540740234985371049e-01,6.720298999574733090e-01,4.516241864368515935e-01
-9.279999999999999361e-01,-1.356505907199997696e-01,1.035749009526517384e+00,1.072776010735161822e+00,-4.578751270942392204e-01,2.096496320115657230e-01,-3.896395975165535264e-01,1.518190159528618188e-01,7.242616992215356042e-02,5.245550089592661280e-03,-4.043364748596846026e-01,1.634879849019563458e-01,6.750165233110891894e-01,4.556473067429901991e-01
-9.239999999999999325e-01,-1.240927091199997834e-01,1.036265843200653514e+00,1.073846897784361376e+00,-4.573886381430710135e-01,2.092043663023731570e-01,-3.819946498838022730e-01,1.459199125398486785e-01,6.011264114305447936e-02,3.613529625193646292e-03,-4.159802484783716725e-01,1.730395671241278244e-01,6.776301679799240363e-01,4.591826445565000414e-01
-9.199999999999999289e-01,-1.120351999999997100e-01,1.036693287561628374e+00,1.074732972475337167e+00,-4.568545561622738282e-01,2.087160854862282200e-01,-3.742670037416661599e-01,1.400757900897643404e-01,4.778096365703289605e-02,2.283020487994698224e-03,-4.274492181627717047e-01,1.827128341079647944e-01,6.798696403716127934e-01,4.622227278990261312e-01
-9.159999999999999254e-01,-9.948514431999982977e-02,1.037031705705782070e+00,1.075434758639043809e+00,-4.562731129818266007e-01,2.081851536301267125e-01,-3.664584764176465059e-01,1.342918149383427739e-01,3.543487878236988020e-02,1.255630634321247205e-03,-4.387387293091547513e-01,1.924916725958117636e-01,6.817339661648754712e-01,4.647612006228915571e-01
-9.119999999999999218e-01,-8.644959231999968519e-02,1.037281485014664995e+00,1.075952879154228770e+00,-4.556445521024162781e-01,2.076119578606115401e-01,-3.585709024997860705e-01,1.285730921195110954e-01,2.307812321974709105e-02,5.325997713458297932e-04,-4.498442183504056113e-01,2.023598207832874030e-01,6.832223903666919673e-01,4.667928346983764021e-01
-9.079999999999999183e-01,-7.293556351999974652e-02,1.037443036796842133e+00,1.076288054598253829e+00,-4.549691284830577609e-01,2.069969078726331124e-01,-3.506061328941911248e-01,1.229246604230192080e-01,1.071442732235590965e-02,1.147989528460468232e-04,-4.607612148843550637e-01,2.123008971417068291e-01,6.843343772104421019e-01,4.683135398320036336e-01
-9.039999999999999147e-01,-5.895004671999967694e-02,1.037516795920795154e+00,1.076441101817752877e+00,-4.542471083245404606e-01,2.063404354212068081e-01,-3.425660338821079343e-01,1.173514875697175275e-01,-1.652486615810540467e-03,2.730712015432972778e-06,-4.714853437288417659e-01,2.222984293511040821e-01,6.850696098962404390e-01,4.693203704033870327e-01
-8.999999999999999112e-01,-4.449999999999965095e-02,1.037503220439272678e+00,1.076412932421862090e+00,-4.534787688488883806e-01,2.056429937967035326e-01,-3.344524861772137370e-01,1.118584655101193398e-01,-1.401890605244815804e-02,1.965297269073676065e-04,-4.820123269026226343e-01,2.323358832860807355e-01,6.854279901748369097e-01,4.698115297151163050e-01
-8.959999999999999076e-01,-2.959235071999971600e-02,1.037402791205431107e+00,1.076204551200819370e+00,-4.526643980750231222e-01,2.049050572846229934e-01,-3.262673839837701983e-01,1.064504058516129448e-01,-2.638112986920986003e-02,6.959640131761166441e-04,-4.923379855313265163e-01,2.423966919970446665e-01,6.854096377765849235e-01,4.697863715570293475e-01
-8.919999999999999041e-01,-1.423399551999959822e-02,1.037216011481116196e+00,1.075817054472794965e+00,-4.518042945908172792e-01,2.041271206107060088e-01,-3.180126340562821063e-01,1.011320354194148036e-01,-3.873547002277457491e-02,1.500436637885267785e-03,-5.024582416777183536e-01,2.524642846298644216e-01,6.850148896871063320e-01,4.692453990930384733e-01
-8.879999999999999005e-01,1.568199680000437191e-03,1.036943406537629730e+00,1.075251628361864054e+00,-4.508987673217281222e-01,2.033096983722539053e-01,-3.096901547612920802e-01,9.590799195607303818e-02,-5.107825317377089058e-02,2.608987947283836119e-03,-5.123691200956180802e-01,2.625221152275579173e-01,6.842442992714081740e-01,4.681902610854203894e-01
-8.839999999999998970e-01,1.780739968000041862e-02,1.036585523249337726e+00,1.074509547010103372e+00,-4.499481352962005354e-01,2.024533244565279722e-01,-3.013018751419336283e-01,9.078281996404535814e-02,-6.340582229263945491e-02,4.020298300605774054e-03,-5.220667499068898376e-01,2.725536913583430643e-01,6.830986352483312540e-01,4.666237454781326788e-01
-8.799999999999998934e-01,3.447680000000036271e-02,1.036142929680466063e+00,1.073592170726819228e+00,-4.489527274080271635e-01,2.015585514471063544e-01,-2.928497339858541215e-01,8.576096669558552765e-02,-7.571453824154900092e-02,5.732691301130986294e-03,-5.315473662009952971e-01,2.825426025152150133e-01,6.815788805173234044e-01,4.645497703672478162e-01
-8.759999999999998899e-01,5.156962688000044093e-02,1.035616214665436186e+00,1.072500944077966700e+00,-4.479128821758552870e-01,2.006259500190816225e-01,-2.843356788971081461e-01,8.084677829387938719e-02,-8.800078133151234550e-02,7.744137514956651869e-03,-5.408073115566746081e-01,2.924725482331581028e-01,6.796862308396520724e-01,4.619733723930127822e-01
-8.719999999999998863e-01,6.907913728000042441e-02,1.035005987383092130e+00,1.071237393918849534e+00,-4.468289475000282729e-01,1.996561083239830336e-01,-2.757616653726126521e-01,7.604449608907679070e-02,-1.002609528538799949e-01,1.005225866716794730e-02,-5.498430374853936486e-01,3.023273658711639889e-01,6.774220933762796770e-01,4.589006925943009962e-01
-8.679999999999998828e-01,8.699861888000059995e-02,1.034312876925168601e+00,1.069803127373218921e+00,-4.457012804169482867e-01,1.986496313653071666e-01,-2.671296558837404356e-01,7.135825305256558726e-02,-1.124914765854214960e-01,1.265433230436843227e-02,-5.586511057962664228e-01,3.120910580073912866e-01,6.747880850847285394e-01,4.553389597723148663e-01
-8.639999999999998792e-01,1.053213900800004654e-01,1.033537531859350489e+00,1.068199829761917963e+00,-4.445302468511485028e-01,1.976071403655430270e-01,-2.584416189636205563e-01,6.679207041253723554e-02,-1.246888002662364381e-01,1.554729691183340430e-02,-5.672281898822368884e-01,3.217478193970789713e-01,6.717860309773764360e-01,4.512964714163365532e-01
-8.599999999999998757e-01,1.240408000000005617e-01,1.032680619787274878e+00,1.066429262484230200e+00,-4.433162213652590555e-01,1.965292721255713637e-01,-2.496995283006987199e-01,6.234985443359144369e-02,-1.368493970497699774e-01,1.872775747288559292e-02,-5.755710759273713339e-01,3.312820634441918655e-01,6.684179622437126378e-01,4.467825722500372576e-01
-8.559999999999998721e-01,1.431502284800004743e-01,1.031742826897819043e+00,1.064493260855102985e+00,-4.420595869080524709e-01,1.954166783773179927e-01,-2.409053618391003015e-01,5.803539336282784178e-02,-1.489697669242404099e-01,2.219199145746251350e-02,-5.836766640351822577e-01,3.406784481392390318e-01,6.646861142391888855e-01,4.418076304623920758e-01
-8.519999999999998685e-01,1.626430860800006650e-01,1.030724857516026383e+00,1.062393731901432936e+00,-4.407607345607516547e-01,1.942700251305333747e-01,-2.320611008863254499e-01,5.385235454457331511e-02,-1.610464381048191396e-01,2.593595522624934230e-02,-5.915419692779809724e-01,3.499219014172718079e-01,6.605929243433877884e-01,4.363830116925488389e-01
-8.479999999999998650e-01,1.825128140800007515e-01,1.029627433648010681e+00,1.060132652120588714e+00,-4.394200632817819585e-01,1.930899920145652537e-01,-2.231687292287915514e-01,4.980428170559367956e-02,-1.730759683959367246e-01,2.995529083619128882e-02,-5.991641226673116716e-01,3.589976458916893098e-01,6.561410296903201766e-01,4.305210508430736271e-01
-8.439999999999998614e-01,2.027528844800007279e-01,1.028451294522181758e+00,1.057712065204351459e+00,-4.380379796501491230e-01,1.918772716159844460e-01,-2.142302322557269878e-01,4.589459241234272735e-02,-1.850549465231214608e-01,3.424533323267534707e-02,-6.065403720456009617e-01,3.678912229212160101e-01,6.513332647737491987e-01,4.242350218008308915e-01
-8.399999999999998579e-01,2.233568000000006881e-01,1.027197196127136225e+00,1.055134079731450347e+00,-4.366148976076209554e-01,1.906325688129133222e-01,-2.052475960919039610e-01,4.212657570150535324e-02,-1.969799934338108960e-01,3.880111781318418274e-02,-6.136680828992090442e-01,3.765885159691905182e-01,6.461726589305140100e-01,4.175391051493304029e-01
-8.359999999999998543e-01,2.443180940800008250e-01,1.025865910746545318e+00,1.052400866831838977e+00,-4.351512381998896561e-01,1.893566001068971161e-01,-1.962228067396871445e-01,3.850338988480061370e-02,-2.088477635666096399e-01,4.361738834677448412e-02,-6.205447390931470020e-01,3.850757732161818603e-01,6.406624337049088291e-01,4.104483539606966769e-01
-8.319999999999998508e-01,2.656303308800008756e-01,1.024458226491380852e+00,1.049514657825865394e+00,-4.336474293168918748e-01,1.880500929531487286e-01,-1.871578492308579311e-01,3.502806052872054626e-02,-2.206549460884994762e-01,4.868860523331861034e-02,-6.271679435277754955e-01,3.933396293888589690e-01,6.348060000972381989e-01,4.029786577594547947e-01
-8.279999999999998472e-01,2.872871052800008429e-01,1.022974946829805276e+00,1.046477741841442821e+00,-4.321039054324570805e-01,1.867137850899818208e-01,-1.780547067886624202e-01,3.170347860959654707e-02,-2.323982660995425609e-01,5.400895408607379183e-02,-6.335354187178743324e-01,4.013671267700323342e-01,6.286069556997405661e-01,3.951467047540955790e-01
-8.239999999999998437e-01,3.092820428800010513e-01,1.021416890115057763e+00,1.043292463412315962e+00,-4.305211073434571101e-01,1.853484238682365226e-01,-1.689153600005147415e-01,2.853239884410349592e-02,-2.440744858046496879e-01,5.957235462080414518e-02,-6.396450072945217835e-01,4.091457353568088151e-01,6.220690817231365743e-01,3.869699424358663542e-01
-8.199999999999998401e-01,3.316088000000007030e-01,1.019784889111660542e+00,1.039961220060481750e+00,-4.288994819086251464e-01,1.839547655814870730e-01,-1.597417860017743829e-01,2.551743819503668118e-02,-2.556804056520208257e-01,6.537246983438192716e-02,-6.454946724302945693e-01,4.166633721358932729e-01,6.151963399171127556e-01,3.784665366474117554e-01
-8.159999999999998366e-01,3.542610636800007651e-01,1.018079790520264982e+00,1.036486459865786580e+00,-4.272394817872102180e-01,1.825335747978039380e-01,-1.505359576709999203e-01,2.266107455192507836e-02,-2.672128654378960744e-01,7.140271545553115995e-02,-6.510824981883465146e-01,4.239084194471782197e-01,6.079928693881133661e-01,3.696553292267914514e-01
-8.119999999999998330e-01,3.772325516800010270e-01,1.016302454501456065e+00,1.032870679025684080e+00,-4.255415651776315866e-01,1.810856236938284680e-01,-1.412998428370680348e-01,1.996564558578012641e-02,-2.786687453772893064e-01,7.765626965015250127e-02,-6.564066897959880409e-01,4.308697424089264483e-01,6.004629833178567466e-01,3.605557943349806949e-01
-8.079999999999998295e-01,4.005170124800008224e-01,1.014453754198826552e+00,1.029116419408093286e+00,-4.238061955562940075e-01,1.796116913918997249e-01,-1.320354034985307956e-01,1.743334777701983918e-02,-2.900449671404084495e-01,8.412608296348061954e-02,-6.614655738434416232e-01,4.375367053800335304e-01,5.926111655860438754e-01,3.511879935772495021e-01
-8.039999999999998259e-01,4.241082252800009167e-01,1.012534575261631042e+00,1.025226266100251582e+00,-4.220338414167227326e-01,1.781125633009554843e-01,-1.227445950555695192e-01,1.506623561535574106e-02,-3.013384948544993169e-01,9.080488848117511391e-02,-6.662575984085017389e-01,4.438991874370643576e-01,5.844420673007690858e-01,3.415725300307966839e-01
-7.999999999999998224e-01,4.480000000000012861e-01,1.010545815367321465e+00,1.021202844956404565e+00,-4.202249760091739117e-01,1.765890304619107953e-01,-1.134293655548881258e-01,1.286622097018444086e-02,-3.125463360708815030e-01,9.768521219133240174e-02,-6.707813331078813501e-01,4.499475968459865083e-01,5.759605032401765579e-01,3.317305012926774488e-01
-7.959999999999998188e-01,4.721861772800010071e-01,1.008488383744265082e+00,1.017048820147120169e+00,-4.183800770808738800e-01,1.750418888981979670e-01,-1.040916549478739933e-01,1.083507262978725995e-02,-3.236655426969761162e-01,1.047593835293280651e-01,-6.750354690760781429e-01,4.556728845107608783e-01,5.671714482089479370e-01,3.216834516634353158e-01
-7.919999999999998153e-01,4.966606284800011428e-01,1.006363200694935678e+00,1.012766891712955308e+00,-4.164996266170368222e-01,1.734719389721310900e-01,-9.473339436233917110e-02,8.974416007410475696e-03,-3.346932118931580935e-01,1.120195460873584237e-01,-6.790188188726394847e-01,4.610665563831943814e-01,5.580800333132291957e-01,3.114533235828950142e-01
-7.879999999999998117e-01,5.214172556800010794e-01,1.004171197119871461e+00,1.008359793125155779e+00,-4.145841105828079742e-01,1.718799847477379406e-01,-8.535650538813882582e-02,7.285733012075372786e-03,-3.456264869342950963e-01,1.194576684705424552e-01,-6.827303163187578017e-01,4.661206848207110620e-01,5.486915421576348262e-01,3.010624084353235586e-01
-7.839999999999998082e-01,5.464499916800014123e-01,1.001913314042679914e+00,1.003830288855985797e+00,-4.126340186662769693e-01,1.702668333606814077e-01,-7.596289937694949979e-02,5.770362081752554613e-03,-3.564625580358664614e-01,1.270655552814734524e-01,-6.861690162641710389e-01,4.708279188809402216e-01,5.390114069679885489e-01,2.905332968416105555e-01
-7.799999999999998046e-01,5.717528000000011712e-01,9.995905021363675758e-01,9.991811719612354592e-01,-4.106498440227014379e-01,1.686332943958690211e-01,-6.655447675647363504e-02,4.429498376327989199e-03,-3.671986631445862681e-01,1.348348582151713271e-01,-6.893340942853856124e-01,4.751814935442528753e-01,5.290452046434780398e-01,2.798888285562595724e-01
-7.759999999999998010e-01,5.973196748800011502e-01,9.972037212512693261e-01,9.944152616773792586e-01,-4.086320830200787513e-01,1.669801792733285328e-01,-5.713312635932255718e-02,3.264194127590317861e-03,-3.778320886934836143e-01,1.427570872464804796e-01,-6.922248463162861132e-01,4.791752378576059068e-01,5.187986527419120586e-01,2.691520420868230290e-01
-7.719999999999997975e-01,6.231446412800011325e-01,9.947539399448408481e-01,9.895354010357840790e-01,-4.065812349861999686e-01,1.653083006429035551e-01,-4.770072476681355006e-02,2.275359143279299685e-03,-3.883601703214230039e-01,1.508236218920846750e-01,-6.948406882122321049e-01,4.828035819952483654e-01,5.082776054017850154e-01,2.583461241529727004e-01
-7.679999999999997939e-01,6.492217548800014448e-01,9.922421350135802731e-01,9.845444544963080080e-01,-4.044978019573176042e-01,1.636184717883013284e-01,-3.825913566790310749e-02,1.463761462055015831e-03,-3.987802935570771146e-01,1.590257225294685883e-01,-6.971811552487852115e-01,4.860615632340307690e-01,4.974880492048530667e-01,2.474943591016502964e-01
-7.639999999999997904e-01,6.755451020800014028e-01,9.896692910273269250e-01,9.794453056025319571e-01,-4.023822884285538914e-01,1.619115060409999363e-01,-2.881020923346206894e-02,8.300281560758630784e-04,-4.090898944673913573e-01,1.673545417553413961e-01,-6.992459015562451086e-01,4.889448308432060020e-01,4.864360989829332738e-01,2.366200783937340568e-01
-7.599999999999997868e-01,7.021088000000015317e-01,9.870363998661939586e-01,9.742408546608171127e-01,-4.002352011061743875e-01,1.601882162044998559e-01,-1.935578150608411457e-02,3.746462777112678452e-04,-4.192864602706088406e-01,1.758011357662568330e-01,-7.010346994912091123e-01,4.914496498907298672e-01,4.751279935726328563e-01,2.257466102763558413e-01
-7.559999999999997833e-01,7.289069964800013457e-01,9.843444602603697025e-01,9.689340164452785453e-01,-3.980570486618473236e-01,1.584494139893802833e-01,-9.897673805603966410e-03,9.796394676213889886e-05,-4.293675299139505519e-01,1.843564757444072222e-01,-7.025474389464030356e-01,4.935729039701499121e-01,4.635700915217140228e-01,2.148972297534503251e-01
-7.519999999999997797e-01,7.559338700800014577e-01,9.815944773330316231e-01,9.635277179307075723e-01,-3.958483414890055507e-01,1.566959094595963553e-01,-4.376921504867843258e-04,1.915744185977458566e-07,-4.393306946160738802e-01,1.930114592318419586e-01,-7.037841266000651741e-01,4.953120968542165659e-01,4.517688667507879785e-01,2.040951089652912331e-01
-7.479999999999997762e-01,7.831836300800015804e-01,9.787874621465959546e-01,9.580248960553739979e-01,-3.936095914614252123e-01,1.549285104904300492e-01,9.022373304764186308e-03,8.140322005052143077e-05,-4.491735983744566951e-01,2.017569214766577190e-01,-7.047448851061934860e-01,4.966653530833418650e-01,4.397309041740219415e-01,1.933632680857028663e-01
-7.439999999999997726e-01,8.106505164800013041e-01,9.759244312525340304e-01,9.524284955155820631e-01,-3.913413116941311665e-01,1.531480222384831169e-01,1.848074881604939643e-02,3.415380768019111936e-04,-4.588939384378812880e-01,2.105836467350299945e-01,-7.054299522269955602e-01,4.976314174989812655e-01,4.274628952825264561e-01,1.827245268433201897e-01
-7.399999999999997691e-01,8.383288000000016504e-01,9.730064062449648166e-01,9.467414665937414764e-01,-3.890440163067342971e-01,1.513552466240745409e-01,2.793567757984607644e-02,7.804020818451146970e-04,-4.684894657442181254e-01,2.194823795133029332e-01,-7.058396799089073914e-01,4.982096537339088527e-01,4.149716336940733608e-01,1.722014567707282062e-01
-7.359999999999997655e-01,8.662127820800018529e-01,9.700344133182416950e-01,9.409667630216653755e-01,-3.867182201893059612e-01,1.495509818263845159e-01,3.738542024700885341e-02,1.397669647045459568e-03,-4.779579853237321263e-01,2.284438357347209347e-01,-7.059745333035740700e-01,4.984000416731992344e-01,4.022640106727685128e-01,1.618163342825412188e-01
-7.319999999999997620e-01,8.942967948800019107e-01,9.670094828287313371e-01,9.351073398806903914e-01,-3.843644387708857191e-01,1.477360217916579566e-01,4.682825542010803088e-02,2.192885505690877080e-03,-4.872973566681574331e-01,2.374587138157734367e-01,-7.058350897352025921e-01,4.982031739015014837e-01,3.893470106222838845e-01,1.515910946805088533e-01
-7.279999999999997584e-01,9.225752012800016999e-01,9.639326488609856192e-01,9.291661515401562488e-01,-3.819831877907201023e-01,1.459111557547605464e-01,5.626248013422967265e-02,3.165466670854588487e-03,-4.965054940658141791e-01,2.465177056375382481e-01,-7.054220376157285255e-01,4.976202511539263296e-01,3.762277065562203426e-01,1.415472871805534549e-01
-7.239999999999997549e-01,9.510423948800016403e-01,9.608049487984975379e-01,9.231461496356834218e-01,-3.795749830723235685e-01,1.440771677743547252e-01,6.568641032117519818e-02,4.314704500881791707e-03,-5.055803669030562997e-01,2.556115073978290075e-01,-7.047361753092480363e-01,4.966530767895072085e-01,3.629132555491434431e-01,1.317060310532778833e-01
-7.199999999999997513e-01,9.796928000000018066e-01,9.576274228992213144e-01,9.170502810886040912e-01,-3.771403403004489618e-01,1.422348362819384482e-01,7.509838125701155664e-02,5.639766867423464704e-03,-5.145199999323677442e-01,2.647308303304036770e-01,-7.037784099471916521e-01,4.953040503077973389e-01,3.494108941717999905e-01,1.220879729659368057e-01
-7.159999999999997478e-01,1.008520871680001818e+00,9.544011138760398749e-01,9.108814861678256047e-01,-3.746797748010531337e-01,1.403849336449679019e-01,8.449674799293667438e-02,7.139700421381847510e-03,-5.233224735074413214e-01,2.738664112779466420e-01,-7.025497561957289028e-01,4.935761599306781044e-01,3.357279339139858099e-01,1.127132456101536256e-01
-7.119999999999997442e-01,1.037521095680002059e+00,9.511270664823434640e-01,9.046426965953081600e-01,-3.721938013243378807e-01,1.385282257442606857e-01,9.387988576943745445e-02,8.813432952082625796e-03,-5.319859237855976142e-01,2.830090231060156669e-01,-7.010513349769098568e-01,4.914729742729074813e-01,3.218717565984943185e-01,1.036014276958003716e-01
-7.079999999999997407e-01,1.066687988480002236e+00,9.478063271028887016e-01,8.983368336962680445e-01,-3.696829338309434165e-01,1.366654715658536801e-01,1.032461904137306624e-01,1.065977583494832903e-02,-5.405085428979187201e-01,2.921494849456312548e-01,-6.992843721450612282e-01,4.889986331263124764e-01,3.078498097895348562e-01,9.477150538745278407e-02
-7.039999999999997371e-01,1.096016097280002155e+00,9.444399433500916263e-01,8.919668065951242841e-01,-3.671476852813675418e-01,1.347974228074661218e-01,1.125940787204897653e-01,1.267742656291584620e-02,-5.488885790874917792e-01,3.012786722526857308e-01,-6.972501971199652759e-01,4.861578373838304490e-01,2.936696021989632088e-01,8.624183525569729947e-02
-6.999999999999997335e-01,1.125500000000002387e+00,9.410289636659056045e-01,8.855355104581282832e-01,-3.645885674286806766e-01,1.329248234996976419e-01,1.219219888158726145e-01,1.486497135681776743e-02,-5.571243368161776788e-01,3.103875266728657878e-01,-6.949502414783628179e-01,4.829558381308348136e-01,2.793386990936191361e-01,7.803010881131550169e-02
-6.959999999999997300e-01,1.155134305280002049e+00,9.375744369294287672e-01,8.790458247835354344e-01,-3.620060906146031487e-01,1.310484096420682643e-01,1.312283805048774510e-01,1.722088784993289906e-02,-5.652141768403325939e-01,3.194670657012947390e-01,-6.923860375053263461e-01,4.793984249323272051e-01,2.648647177070166947e-01,7.015331868601763776e-02
-6.919999999999997264e-01,1.184913652480001911e+00,9.340774120703758676e-01,8.725006117400907479e-01,-3.594007635690067426e-01,1.291689088539850760e-01,1.405117356020663677e-01,1.974354784190500423e-02,-5.731565162559336679e-01,3.285083921266383489e-01,-6.895592167070555556e-01,4.754919133456479985e-01,2.502553226585803592e-01,6.262772651895016918e-02
-6.879999999999997229e-01,1.214832711680002619e+00,9.305389376885451203e-01,8.659027145545260540e-01,-3.567730932128996835e-01,1.272870400407004055e-01,1.497705582457067586e-01,2.243122011723064010e-02,-5.809498285135711315e-01,3.375027032499476887e-01,-6.864715082866568174e-01,4.712431316893575528e-01,2.355182213835655403e-01,5.546883260367818647e-02
-6.839999999999997193e-01,1.244886183680002034e+00,9.269600616794030357e-01,8.592549559486827304e-01,-3.541235844649510134e-01,1.254035130743053061e-01,1.590033751953926766e-01,2.528207332352681511e-02,-5.885926434037863642e-01,3.464412998690568068e-01,-6.831247375844654579e-01,4.666594070998447696e-01,2.206611595767460909e-01,4.869134734575420592e-02
-6.799999999999997158e-01,1.275068800000002334e+00,9.233418308659043783e-01,8.525601366268004133e-01,-3.514527400516051503e-01,1.235190284897811491e-01,1.682087361132192371e-01,2.829417890480662515e-02,-5.960835470132529457e-01,3.553155950199009538e-01,-6.795208244844771484e-01,4.617485509080636041e-01,2.056919166528925480e-01,4.230916457634049249e-02
-6.759999999999997122e-01,1.305375322880002020e+00,9.196852906366567160e-01,8.458210338134317663e-01,-3.487610603208354809e-01,1.216342771961134439e-01,1.773852138285937630e-01,3.146551408501593178e-02,-6.034211816523052940e-01,3.641171224666644446e-01,-6.756617817884493782e-01,4.565188433695421821e-01,1.906183012270048494e-01,3.633533676266915979e-02
-6.719999999999997087e-01,1.335800545280002583e+00,9.159914845905324787e-01,8.390403998423676679e-01,-3.460490430595830058e-01,1.197499402024531368e-01,1.865314045867776105e-01,3.479396489711612112e-02,-6.106042457543404689e-01,3.728375449332270164e-01,-6.715497135592408684e-01,4.509790177814984591e-01,1.754481466172019832e-01,3.078205215141120374e-02
-6.680000000000001492e-01,1.366339290879998947e+00,9.122614541878255601e-01,8.322209607968861222e-01,-3.433171833149195051e-01,1.178666883592900394e-01,1.956459282812630651e-01,3.827732925303713174e-02,-6.176314937476267142e-01,3.814686620689246577e-01,-6.671868134349430157e-01,4.451382440214734504e-01,1.601893063731057998e-01,2.566061387629675269e-02
-6.640000000000001457e-01,1.396986414079998795e+00,9.084962384080428333e-01,8.253654152015633683e-01,-3.405659732189746380e-01,1.159851821145873457e-01,2.047274286700996593e-01,4.191332004987074339e-02,-6.245017359000639701e-01,3.900024181421932745e-01,-6.625753629153656732e-01,4.390061115424285232e-01,1.448496498324929882e-01,2.098142105659583576e-02
-6.600000000000001421e-01,1.427736799999998807e+00,9.046968734144146262e-01,8.184764327658173855e-01,-3.377959018176611705e-01,1.141060712848069869e-01,2.137745735762935362e-01,4.569956830772613915e-02,-6.312138381374567953e-01,3.984309094562195064e-01,-6.577177296224245850e-01,4.325926118596767900e-01,1.294370577089206109e-01,1.675395190834244596e-02
-6.560000000000001386e-01,1.458585364479998869e+00,9.008643922252013159e-01,8.115566531792813842e-01,-3.350074549032304172e-01,1.122299948407399633e-01,2.227860550724126976e-01,4.963362633472810648e-02,-6.377667218358653578e-01,4.067463914812660675e-01,-6.526163655359769056e-01,4.259081205653878488e-01,1.139594177129646529e-01,1.298674888547796114e-02
-6.520000000000001350e-01,1.489527054079999191e+00,8.969998243918675396e-01,8.046086849590412537e-01,-3.322011148506846534e-01,1.103575807080377780e-01,2.317605896495404660e-01,5.371297091470268043e-02,-6.441593635886158076e-01,4.149412856988905496e-01,-6.472738052066406844e-01,4.189633789066842251e-01,9.842462020963993474e-02,9.687405863411862467e-03
-6.480000000000001315e-01,1.520556846079998969e+00,8.931041956841889728e-01,7.976351043487021064e-01,-3.293773604580730319e-01,1.084894455823273707e-01,2.406969183707278748e-01,5.793500651316484118e-02,-6.503907949485531192e-01,4.230081861538108612e-01,-6.416926639471254301e-01,4.117694749635584239e-01,8.284055391450070860e-02,6.862557372861298292e-03
-6.440000000000001279e-01,1.551669748479998834e+00,8.891785277823502920e-01,7.906384542691878847e-01,-3.265366667906913767e-01,1.066261947587750086e-01,2.495938070091034411e-01,6.229706849729757523e-02,-6.564601021461379249e-01,4.309398657097178176e-01,-6.358756360035920929e-01,4.043378244629727281e-01,6.721510163084934431e-02,4.517869887245406363e-03
-6.400000000000001243e-01,1.582860799999998846e+00,8.852238379760879461e-01,7.836212433211151573e-01,-3.236795050292052278e-01,1.047684219759512925e-01,2.584500461708081898e-01,6.679642636569288472e-02,-6.623664257839864122e-01,4.387292820058532050e-01,-6.298254927085440436e-01,3.966801512655602768e-01,5.155613603040799797e-02,2.658035162385933691e-03
-6.360000000000001208e-01,1.614125070079998947e+00,8.812411388709231463e-01,7.765859448385216135e-01,-3.208063423217117904e-01,1.029167092738353245e-01,2.672644514029301477e-01,7.143028698370920693e-02,-6.681089605084652439e-01,4.463695831117019952e-01,-6.235450806167474047e-01,3.888084675613460162e-01,3.587151547973522342e-02,1.286765622812883775e-03
-6.320000000000001172e-01,1.645457658879998508e+00,8.772314381015279272e-01,7.695349959936748085e-01,-3.179176416397527793e-01,1.010716268657822769e-01,2.760358632866214967e-01,7.619579782039039018e-02,-6.736869546589597801e-01,4.538541128776633071e-01,-6.170373196256526693e-01,3.807350538108098537e-01,2.016907991459529481e-02,4.067917846013313220e-04
-6.280000000000001137e-01,1.676853697279999444e+00,8.731957380522580303e-01,7.624707969526276496e-01,-3.150138616382878731e-01,9.923373302426637121e-02,2.847631475155861236e-01,8.109005018298345857e-02,-6.790997098954378863e-01,4.611764159800679219e-01,-6.103052010817855422e-01,3.724724384674786837e-01,4.456646764413562702e-03,1.986170038275787833e-05
-6.240000000000001101e-01,1.708308346879999107e+00,8.691350355848825870e-01,7.553957100811351522e-01,-3.120954565196362718e-01,9.740357398020017821e-02,2.934451949601362131e-01,8.611008244519234578e-02,-6.843465808049365995e-01,4.683302426594075918e-01,-6.033517858745535145e-01,3.640333775180130682e-01,-1.125799307112417165e-02,1.267424079894798473e-04
-6.200000000000001066e-01,1.739816799999999608e+00,8.650503217735352468e-01,7.483120592004968152e-01,-3.091628759013889671e-01,9.558168383561763126e-02,3.020809217170186689e-01,9.125288326540356709e-02,-6.894269744876053707e-01,4.753095531511332683e-01,-5.961802025188968068e-01,3.554308338754728069e-01,-2.696707919134604114e-02,7.272233601123286690e-04
-6.160000000000001030e-01,1.771374279679998942e+00,8.609425816469036263e-01,7.412221288928353413e-01,-3.062165646882940573e-01,9.376858448950017855e-02,3.106692691452213051e-01,9.651539479122595022e-02,-6.943403501229415964e-01,4.821085218088491109e-01,-5.887936452281984367e-01,3.466779566611096208e-01,-4.266288560783589728e-02,1.820121808387291417e-03
-6.120000000000000995e-01,1.802976039679999420e+00,8.568127939376718460e-01,7.341281638552793476e-01,-3.032569629481123297e-01,9.196478557651277530e-02,3.192092038879735805e-01,1.018945158467938900e-01,-6.990862185168589260e-01,4.887215409202014249e-01,-5.811953719788448547e-01,3.377880604096278327e-01,-5.833772459981270003e-02,3.403290111483591677e-03
-6.080000000000000959e-01,1.834617364479999235e+00,8.526619308392229257e-01,7.270323683024717543e-01,-3.002845057914400040e-01,9.017078441840936653e-02,3.276997178811627554e-01,1.073871050993936566e-01,-7.036641416302285013e-01,4.951432242162062680e-01,-5.733887025678111593e-01,3.287746042323977935e-01,-7.398395050989417521e-02,5.473624933050470938e-03
-6.040000000000000924e-01,1.866293569279999565e+00,8.484909577696033711e-01,7.199369054167789050e-01,-2.972996232554908635e-01,8.838706598785679713e-02,3.361398283483903460e-01,1.129899842020853223e-01,-7.080737320895411635e-01,5.013684100752112682e-01,-5.653770166646244766e-01,3.196511709725910477e-01,-8.959396347856821152e-02,8.027078291799013762e-03
-6.000000000000000888e-01,1.897999999999999243e+00,8.443008331427490631e-01,7.128438968455401703e-01,-2.943027401918290042e-01,8.661410288441920291e-02,3.445285777829008023e-01,1.186999409091083341e-01,-7.123146526803307843e-01,5.073921644231003114e-01,-5.571637518590347726e-01,3.104314463856360784e-01,-1.051602131157720610e-01,1.105867042255459856e-02
-5.960000000000000853e-01,1.929732033279999204e+00,8.400925081469627909e-01,7.057554222446547065e-01,-2.912942761580403217e-01,8.485235532243666501e-02,3.528650339166178318e-01,1.245137321609758596e-01,-7.163866158240123072e-01,5.132097833317810220e-01,-5.487524017057046066e-01,3.011291983777790171e-01,-1.206752021080563370e-01,1.456250440382024502e-02
-5.920000000000000817e-01,1.961485076479999368e+00,8.358669265306343243e-01,6.986735188677688502e-01,-2.882746453133282483e-01,8.310227113052520709e-02,3.611482896765272899e-01,1.304280871362808736e-01,-7.202893830387737673e-01,5.188167953183773218e-01,-5.401465137672012418e-01,2.917582563348612990e-01,-1.361314897598872309e-01,1.853178250424628373e-02
-5.880000000000000782e-01,1.993254567679999534e+00,8.316250243951812671e-01,6.916001812002858795e-01,-2.852442563180178636e-01,8.136428576241908073e-02,3.693774631286524390e-01,1.364397102673589879e-01,-7.240227643851748773e-01,5.242089633479504185e-01,-5.313496876565545479e-01,2.823324905727180867e-01,-1.515216954677165162e-01,2.295882419741142322e-02
-5.840000000000000746e-01,2.025035975679999822e+00,8.273677299951958108e-01,6.845373606374032249e-01,-2.822035122369483950e-01,7.963882231886948437e-02,3.775516974098677148e-01,1.425452842170722989e-01,-7.275866178970942233e-01,5.293822865429321789e-01,-5.223655730806191499e-01,2.728657919398436715e-01,-1.668385021255255896e-01,2.783508579148900527e-02
-5.800000000000000711e-01,2.056824799999999787e+00,8.230959635457646417e-01,6.774869652053306934e-01,-2.791528104467351223e-01,7.792629158031083580e-02,3.856701606478042388e-01,1.487414728141031317e-01,-7.309808489986714397e-01,5.343330016028184914e-01,-5.131978678854502984e-01,2.633720516021720859e-01,-1.820746594606250379e-01,3.315118161770257144e-02
-5.760000000000000675e-01,2.088616570879999301e+00,8.188106370369366838e-01,6.704508593248340587e-01,-2.760925425468760963e-01,7.622709204999858490e-02,3.937320458691002112e-01,1.550249239442672289e-01,-7.342054099078859641e-01,5.390575839380068457e-01,-5.038503161048856205e-01,2.538651410389931584e-01,-1.972229872985666876e-01,3.889690671897060026e-02
-5.720000000000000639e-01,2.120406849279999228e+00,8.145126540553013772e-01,6.634308636162110639e-01,-2.730230942746789680e-01,7.454161000732023590e-02,4.017365708962549742e-01,1.613922723954817062e-01,-7.372602990274128576e-01,5.435527485219902033e-01,-4.943267060134884372e-01,2.443588922781458339e-01,-2.122763787560998094e-01,4.506126097780314282e-02
-5.680000000000000604e-01,2.152191226879999864e+00,8.102029096126397434e-01,6.564287547447872351e-01,-2.699448454239812833e-01,7.287021957097715441e-02,4.096829782333468728e-01,1.678401426541449581e-01,-7.401455603233924041e-01,5.478154504664285440e-01,-4.846308681849906264e-01,2.348670783977377663e-01,-2.272278033611778436e-01,5.163247462034610546e-02
-5.640000000000000568e-01,2.183965326079999603e+00,8.058822899816060481e-01,6.494462653059973611e-01,-2.668581697676353226e-01,7.121328277173206989e-02,4.175705349408777578e-01,1.743651516508108179e-01,-7.428612826927493140e-01,5.518428853239167875e-01,-4.747666735573410901e-01,2.254033943207028878e-01,-2.420703100990948542e-01,5.859803503147194281e-02
-5.600000000000000533e-01,2.215724799999998940e+00,8.015516725383912133e-01,6.424850837490923006e-01,-2.637634349837263970e-01,6.957114963441446420e-02,4.253985325000090301e-01,1.809639114531612358e-01,-7.454075993196890293e-01,5.556324891235420171e-01,-4.647380315054387423e-01,2.159814379275501739e-01,-2.567970303839047785e-01,6.594471481399211132e-02
-5.560000000000000497e-01,2.247465332479999134e+00,7.972119256123221254e-01,6.355468543385066615e-01,-2.606610025854922408e-01,6.794415826887399701e-02,4.331662866664563460e-01,1.876330319044066386e-01,-7.477846870220001829e-01,5.591819381445907178e-01,-4.545488879226030066e-01,2.066146915116751082e-01,-2.714011809543478426e-01,7.365860102341466320e-02
-5.520000000000000462e-01,2.279182638079999546e+00,7.928639083423382194e-01,6.286331771518877121e-01,-2.575512278549095257e-01,6.633263496957152172e-02,4.408731373143118804e-01,1.943691232053640916e-01,-7.499927655877810517e-01,5.624891484340083236e-01,-4.442032233118044515e-01,1.973165036005968265e-01,-2.858760666935803996e-01,8.172512550819242827e-02
-5.480000000000000426e-01,2.310872462079998968e+00,7.885084705402910510e-01,6.217456081137890944e-01,-2.544344597799114704e-01,6.473689432349538642e-02,4.485184482700630970e-01,2.011687984385852612e-01,-7.520320971032105062e-01,5.655522750734526261e-01,-4.337050508876505450e-01,1.881000711654595425e-01,-3.002150833720748646e-01,9.012909628410185892e-02
-5.440000000000000391e-01,2.342530580480000069e+00,7.841464525610053471e-01,6.148856590640090491e-01,-2.513110409951991864e-01,6.315723932609068614e-02,4.561016071370807001e-01,2.080286760330279094e-01,-7.539029852719716374e-01,5.683697112019906461e-01,-4.230584146900925324e-01,1.789784222400943037e-01,-3.144117203131261973e-01,9.885472987025949176e-02
-5.400000000000000355e-01,2.374152800000000063e+00,7.797786851790362572e-01,6.080547978595465253e-01,-2.481813077266085410e-01,6.159396150488956334e-02,4.636220251108466583e-01,2.149453821678825316e-01,-7.556057747269314673e-01,5.709400868006863083e-01,-4.122673877107896900e-01,1.699643989698785829e-01,-3.284595629804687444e-01,1.078856845133205206e-01
-5.360000000000000320e-01,2.405734958080000041e+00,7.754059894720588542e-01,6.012544485091426694e-01,-2.450455897389912652e-01,6.004734105053002174e-02,4.710791367851950295e-01,2.219155531142844862e-01,-7.571408503346812591e-01,5.732622672455242041e-01,-4.013360700330395603e-01,1.610706411095648438e-01,-3.423522954875768964e-01,1.172050942256131628e-01
-5.320000000000000284e-01,2.437272922879999637e+00,7.710291767108156114e-01,5.944859913393580886e-01,-2.419042102875700040e-01,5.851764695485289075e-02,4.784723999498398106e-01,2.289358375137594548e-01,-7.585086364935230696e-01,5.753353516352635033e-01,-3.902685869861501899e-01,1.523095699881662768e-01,-3.560837030282878457e-01,1.267956035623378774e-01
-5.280000000000000249e-01,2.468762593279999695e+00,7.666490482555542441e-01,5.877507631911471631e-01,-2.387574860727234294e-01,5.700513715576672330e-02,4.858012953794619282e-01,2.360028985923632305e-01,-7.597095964254918510e-01,5.771586709009837168e-01,-3.790690873151047469e-01,1.436933729579065178e-01,-3.696476742284500183e-01,1.366394030625023015e-01
-5.240000000000000213e-01,2.500199898879999161e+00,7.622663954588736468e-01,5.810500576458639266e-01,-2.356057271981581158e-01,5.551005868857290110e-02,4.930653266146293734e-01,2.431134163095911294e-01,-7.607442314629900837e-01,5.787317857042154623e-01,-3.677417413663340295e-01,1.352339883431437073e-01,-3.830382034183672513e-01,1.467182652779704943e-01
-5.200000000000000178e-01,2.531580800000000409e+00,7.578819995749070948e-01,5.743851252796594586e-01,-2.324492371324218265e-01,5.403264784344487259e-02,5.002640197348239282e-01,2.502640894412442862e-01,-7.616130803306050412e-01,5.800544841306726207e-01,-3.562907392903884030e-01,1.269430909040915323e-01,-3.962493928258678522e-01,1.570135813148689219e-01
-5.160000000000000142e-01,2.562901287679999474e+00,7.534966316747550019e-01,5.677571739452014210e-01,-2.292883126737117194e-01,5.257313032875778752e-02,5.073969231238460997e-01,2.574516375955461789e-01,-7.623167184226713466e-01,5.811267791867104071e-01,-3.447202892622645565e-01,1.188320778290593432e-01,-4.092754546898936252e-01,1.675063978116191621e-01
-5.120000000000000107e-01,2.594157383680000706e+00,7.491110525680890753e-01,5.611673690796703529e-01,-2.261232439179308995e-01,5.113172143996807389e-02,5.144636072278712113e-01,2.646728031619133281e-01,-7.628557570771336005e-01,5.819489061057266932e-01,-3.330346157201181656e-01,1.109120552678467819e-01,-4.221107132945606244e-01,1.781774542780427684e-01
-5.080000000000000071e-01,2.625345140479999451e+00,7.447260127308407140e-01,5.546168340379763473e-01,-2.229543142299446890e-01,4.970862623374491807e-02,5.214636643064283206e-01,2.719243531918873469e-01,-7.632308428462554195e-01,5.825213194718054099e-01,-3.212379576230585676e-01,1.031938254178339787e-01,-4.347496069237068439e-01,1.890072207203176147e-01
-5.040000000000000036e-01,2.656460641279999813e+00,7.403422522388847238e-01,5.481066504501443948e-01,-2.197818002179880159e-01,4.830403970705959837e-02,5.283967081765704732e-01,2.792030812118357908e-01,-7.634426567647096817e-01,5.828446901679583680e-01,-3.093345667286963030e-01,9.568787417323026956e-02,-4.471866897359944026e-01,1.999759354770365150e-01
-5.000000000000000000e-01,2.687500000000000000e+00,7.359605007076320815e-01,5.416378586018285590e-01,-2.166059717111736560e-01,4.691814698094175923e-02,5.352623739505071310e-01,2.865058089671325137e-01,-7.634919136155819963e-01,5.829199021563833405e-01,-2.973287058910803471e-01,8.840435934686455277e-02,-4.594166335606961749e-01,2.110636431922429945e-01
-4.959999999999999964e-01,2.718459361279999431e+00,7.315814772374366060e-01,5.352114578369099318e-01,-2.134270917400511169e-01,4.555112348861619503e-02,5.420603177669651718e-01,2.938293880976232675e-01,-7.633793611948042068e-01,5.827480490981873373e-01,-2.852246473796344328e-01,8.135309947283680954e-02,-4.714342296143460564e-01,2.222502328520719606e-01
-4.919999999999999929e-01,2.749334900480000066e+00,7.272058903647252714e-01,5.288284069811528543e-01,-2.102454165201652903e-01,4.420313516773779344e-02,5.487902165165446933e-01,3.011707017442760148e-01,-7.631057795745284089e-01,5.823304308200487611e-01,-2.730266712196720569e-01,7.454356319729489588e-02,-4.832343901384917317e-01,2.335154758125200236e-01
-4.879999999999999893e-01,2.780122823680000188e+00,7.228344380187563534e-01,5.224896247858913378e-01,-2.070611954385621900e-01,4.287433865644645070e-02,5.554517675613340755e-01,3.085266660870102928e-01,-7.626719803659406383e-01,5.816685496353057871e-01,-2.607390635550392299e-01,6.798485926355878062e-02,-4.948121499588349903e-01,2.448390637468846054e-01
-4.839999999999999858e-01,2.810819367679999736e+00,7.184678074839067063e-01,5.161959903907320513e-01,-2.038746710431903197e-01,4.156488149296906631e-02,5.620446884490475359e-01,3.158942318137868965e-01,-7.620788059820070570e-01,5.807641065269615321e-01,-2.483661150334053602e-01,6.168572709678674104e-02,-5.061626679661004324e-01,2.562006464425608532e-01
-4.799999999999999822e-01,2.841420800000000302e+00,7.141066753673950274e-01,5.099483438042741179e-01,-2.006860790351443213e-01,4.027490231850019281e-02,5.685687166219425270e-01,3.232703855211228050e-01,-7.613271289006311449e-01,5.796189972000782564e-01,-2.359121192146936274e-01,5.565452799236781517e-02,-5.172812285190185877e-01,2.675798693781451520e-01
-4.759999999999999787e-01,2.871923418879999801e+00,7.097517075723368540e-01,5.037474864018479659e-01,-1.974956482636976152e-01,3.900453108309816924e-02,5.750236091207799882e-01,3.306521510462875901e-01,-7.604178509286925181e-01,5.782353080110111954e-01,-2.233813710031125332e-01,4.989923691123020200e-02,-5.281632427698610410e-01,2.789564110131751984e-01
-4.719999999999999751e-01,2.902323553280000024e+00,7.054035592760340423e-01,4.975941814392972895e-01,-1.943036007240706575e-01,3.775388925433906945e-02,5.814091422840773626e-01,3.380365907315064922e-01,-7.593519024674293405e-01,5.766153117809043049e-01,-2.107781651032225034e-01,4.442743488428132353e-02,-5.388042499130071272e-01,2.903100197243182468e-01
-4.679999999999999716e-01,2.932617562879999973e+00,7.010628749133958060e-01,4.914891545818356744e-01,-1.911101515578805810e-01,3.652309002847608371e-02,5.877251114429131729e-01,3.454208066205847194e-01,-7.581302417796103033e-01,5.747614635008103656e-01,-1.981067945004416353e-01,3.924630202724021383e-02,-5.491999183570707155e-01,3.016205503234131169e-01
-4.639999999999999680e-01,2.962801838080000305e+00,6.967302881653891777e-01,4.854330944470262588e-01,-1.879155090562179831e-01,3.531223854385754507e-02,5.939713306115301794e-01,3.528019415884317000e-01,-7.567538542589401507e-01,5.726763959357612510e-01,-1.853715489663685378e-01,3.436261116619077072e-02,-5.593460468211564063e-01,3.128680000944553119e-01
-4.599999999999999645e-01,2.992872799999999778e+00,6.924064219524144193e-01,4.794266531609449600e-01,-1.847198746652967127e-01,3.412143209636292474e-02,6.001476321739860342e-01,3.601771804040420633e-01,-7.552237517021236357e-01,5.703629151350309012e-01,-1.725767135892698478e-01,2.978272207327287494e-02,-5.692385653558548197e-01,3.240325442883917884e-01
-4.559999999999999609e-01,3.022826900480001022e+00,6.880918884325024631e-01,4.734704469266073912e-01,-1.815234429946215589e-01,3.295076035662162367e-02,6.062538665670968996e-01,3.675437507275553517e-01,-7.535409715840076794e-01,5.678239958557702582e-01,-1.597265673300543865e-01,2.551257631104239879e-02,-5.788735362896312298e-01,3.350945710164630054e-01
-4.519999999999999574e-01,3.052660622080000330e+00,6.837872890042276941e-01,4.675650566037511946e-01,-1.783264018276192464e-01,3.180030558878552821e-02,6.122899019599160608e-01,3.748989240420836366e-01,-7.517065763362086317e-01,5.650627769071042694e-01,-1.468253816040279158e-01,2.155769268316841750e-02,-5.882471551012956601e-01,3.460347154847677742e-01
-4.479999999999999538e-01,3.082370478080000087e+00,6.794932143142309311e-01,4.617110282990853909e-01,-1.751289321346787276e-01,3.067014287063290698e-02,6.182556239299857870e-01,3.822400165210559919e-01,-7.497216526296197614e-01,5.620825564216882508e-01,-1.338774188886954764e-01,1.792316328829923755e-02,-5.973557512192807506e-01,3.568338935147512547e-01
-4.439999999999999503e-01,3.111953012480000780e+00,6.752102442692476947e-01,4.559088739661371625e-01,-1.719312080885446459e-01,2.956034031478644089e-02,6.241509351365991387e-01,3.895643898318911780e-01,-7.475873106611857777e-01,5.588867870616243128e-01,-1.208869313578522786e-01,1.461365017311808817e-02,-6.061957887484923369e-01,3.674733342964067728e-01
-4.399999999999999467e-01,3.141404800000000108e+00,6.709389480525318472e-01,4.501590720138380353e-01,-1.687333970820103501e-01,2.847095929083538063e-02,6.299757549913036492e-01,3.968694518768630664e-01,-7.453046834453174174e-01,5.554790711655247515e-01,-1.078581595421771594e-01,1.163338257982574238e-02,-6.147638671255264420e-01,3.779346123231319132e-01
-4.359999999999999432e-01,3.170722446080000534e+00,6.666798841445704671e-01,4.444620679230179006e-01,-1.655356597478553904e-01,2.740205464815775177e-02,6.357300193258758059e-01,4.041526574720784026e-01,-7.428749261103096968e-01,5.518631558433980677e-01,-9.479533101651799187e-02,8.986154782531218313e-03,-6.230567217030819060e-01,3.881996784593916283e-01
-4.319999999999999396e-01,3.199902586880000843e+00,6.624336003479810442e-01,4.388182748699886448e-01,-1.623381499809730122e-01,2.635367493924488727e-02,6.414136800579935960e-01,4.114115089655381863e-01,-7.402992152001168780e-01,5.480429280259089264e-01,-8.170265911403234993e-02,6.675324506303773053e-03,-6.310712242644297421e-01,3.982508900946061803e-01
-4.279999999999999361e-01,3.228941889279999700e+00,6.582006338164845261e-01,4.332280743564219661e-01,-1.591410149626333037e-01,2.532586264333707565e-02,6.470267048548262734e-01,4.186435567952944692e-01,-7.375787479818224357e-01,5.440224094744326999e-01,-6.858434166732196857e-02,4.703811921939956252e-03,-6.388043834688250655e-01,4.080710403389857244e-01
-4.239999999999999325e-01,3.257837050880000529e+00,6.539815110878447468e-01,4.276918168447407798e-01,-1.559443951868280664e-01,2.431865439018560462e-02,6.525690767947631699e-01,4.258463999887694973e-01,-7.347147417591379792e-01,5.398057517581967835e-01,-5.544455977667556851e-02,3.074099208829350355e-03,-6.462533452287795299e-01,4.176433862193881241e-01
-4.199999999999999289e-01,3.286584800000000861e+00,6.497767481206691009e-01,4.222098223982714282e-01,-1.527484244886434250e-01,2.333208118376280116e-02,6.580407940274939360e-01,4.330176866043347061e-01,-7.317084331922449891e-01,5.353972312046501036e-01,-4.228747660551017418e-02,1.788230677661570333e-03,-6.534153930201361815e-01,4.269516758356590169e-01
-4.159999999999999254e-01,3.315181895680000768e+00,6.455868503349589949e-01,4.167823813254127319e-01,-1.495532300746069132e-01,2.236616862574830958e-02,6.634418694326529309e-01,4.401551141162933223e-01,-7.285610776242927855e-01,5.308012438290707902e-01,-2.911723620307783006e-02,8.478134441058262196e-04,-6.602879481259140704e-01,4.359801744403297707e-01
-4.119999999999999218e-01,3.343625127680001086e+00,6.414123126563082700e-01,4.114097548271137272e-01,-1.463589325549553566e-01,2.142093713862596935e-02,6.687723302772334844e-01,4.472564297444410752e-01,-7.252739484148430504e-01,5.260223002492564470e-01,-1.593796235448145457e-02,2.540186440128680513e-04,-6.668685698149128260e-01,4.447136894069872448e-01
-4.079999999999999183e-01,3.371911316480000753e+00,6.372536195636357981e-01,4.060921756469550448e-01,-1.431656459777716495e-01,2.049640218823264512e-02,6.740322178719768687e-01,4.543194307294161072e-01,-7.218483362805520054e-01,5.210650205910009047e-01,-2.753757458021257112e-03,7.583180137607695245e-06,-6.731549554560888327e-01,4.531375940550889658e-01
-4.039999999999999147e-01,3.400037313280000362e+00,6.331112451403511088e-01,4.008298487231657381e-01,-1.399734778649368017e-01,1.959257450560595443e-02,6.792215872269358190e-01,4.613419645550779769e-01,-7.182855486433601389e-01,5.159341293898929148e-01,1.043129857012909702e-02,1.088119898591773441e-04,-6.791449405697350672e-01,4.612378503014689657e-01
-3.999999999999999112e-01,3.428000000000000380e+00,6.289856531288413599e-01,3.956229518419151492e-01,-1.367825292498469347e-01,1.870946030798523174e-02,6.843405067064050051e-01,4.683219291191791367e-01,-7.145869089864574919e-01,5.106344504948197027e-01,2.361314936393875408e-02,5.575808228836812369e-04,-6.848364988165166478e-01,4.690010301112648161e-01
-3.959999999999999076e-01,3.455796289280000266e+00,6.248772969881777328e-01,3.904716362912512562e-01,-1.335928947168423808e-01,1.784706151882533426e-02,6.893890576834158512e-01,4.752572728536280655e-01,-7.107537562182717483e-01,5.051709019783824361e-01,3.678776314827161831e-02,1.353339517453331330e-03,-6.902277419254283508e-01,4.764143357234757459e-01
-3.919999999999999041e-01,3.483423124480001132e+00,6.207866199549320063e-01,3.853760275150691639e-01,-1.304046624422990630e-01,1.700537598668996550e-02,6.943673341939768928e-01,4.821459947956500125e-01,-7.067874440447262652e-01,4.995484910592770667e-01,4.995113375243766252e-02,2.495115763153917237e-03,-6.953169195617603382e-01,4.834656186288555091e-01
-3.879999999999999005e-01,3.510877479680000857e+00,6.167140551070002807e-01,3.803362257665201529e-01,-1.272179142373310590e-01,1.618439770289692090e-02,6.992754425912476313e-01,4.889861446111852805e-01,-7.026893403499938628e-01,4.937723090415095384e-01,6.309928159662728242e-02,3.981519338010466175e-03,-7.001024191361678861e-01,4.901433972803144745e-01
-3.839999999999998970e-01,3.538156359680000751e+00,6.126600254303292692e-01,3.753523067602916874e-01,-1.240327255920554844e-01,1.538411701779413519e-02,7.041135011998242987e-01,4.957758225718749689e-01,-6.984608265859701959e-01,4.878475262751567065e-01,7.622825465133171996e-02,5.810746807188275735e-03,-7.045827655559601110e-01,4.964368735184850334e-01
-3.799999999999998934e-01,3.565256800000001114e+00,6.086249438884389074e-01,3.704243223232054349e-01,-1.208491657213696252e-01,1.460452085555105986e-02,7.088816399703112836e-01,5.025131794869980295e-01,-6.941032971706742050e-01,4.817793871432012875e-01,8.933412936987157604e-02,7.980586670272951308e-03,-7.087566209197284639e-01,5.023359476975516325e-01
-3.759999999999998899e-01,3.592175866880000346e+00,6.046092134946405849e-01,3.655523010426078856e-01,-1.176672976121928976e-01,1.384559292735637603e-02,7.135800001343526322e-01,5.091964165917427509e-01,-6.896181588957754904e-01,4.755732050787990772e-01,1.024130115941735697e-01,1.048842494378833014e-02,-7.126227841564496401e-01,5.078312324988898396e-01
-3.719999999999998863e-01,3.618910657280000276e+00,6.006132273868474147e-01,3.607362489120448656e-01,-1.144871780721248844e-01,1.310731394291843321e-02,7.182087338602883841e-01,5.158237853931985084e-01,-6.850068303434351247e-01,4.692343576171597030e-01,1.154610374339537643e-01,1.333125116532487241e-02,-7.161801906102064352e-01,5.129140654224716434e-01
-3.679999999999998828e-01,3.645458298880000836e+00,5.966373689048745099e-01,3.559761499737313373e-01,-1.113088577794732054e-01,1.238966182017099335e-02,7.227680039095987219e-01,5.223935874754657149e-01,-6.802707413126395375e-01,4.627682814860481497e-01,1.284743741194825373e-01,1.650566480539276265e-02,-7.194279115716749606e-01,5.175765199483817192e-01
-3.639999999999998792e-01,3.671815950080000945e+00,5.926820116701301266e-01,3.512719669573522441e-01,-1.081323813346043022e-01,1.169261189309228101e-02,7.272579832942969169e-01,5.289041742652879075e-01,-6.754113322551960064e-01,4.561804677387387708e-01,1.414492208281231123e-01,2.000788207288313816e-02,-7.223651537575394022e-01,5.218114153631535634e-01
-3.599999999999998757e-01,3.697980800000000734e+00,5.887475196675953093e-01,3.466236419147455394e-01,-1.049577873125719513e-01,1.101613711755108915e-02,7.316788549354242832e-01,5.353539467596136747e-01,-6.704300537215435174e-01,4.494764569330716997e-01,1.543818094848519173e-01,2.383374309981711389e-02,-7.249912587389925056e-01,5.256123252479487640e-01
-3.559999999999998721e-01,3.723950068480000652e+00,5.848342473299958932e-01,3.420310968500427928e-01,-1.017851083169783039e-01,1.036020827509900530e-02,7.360308113227986837e-01,5.417413552164972446e-01,-6.653283658165302095e-01,4.426618343600946526e-01,1.672684055369846323e-01,2.797871949088515109e-02,-7.273057023204915206e-01,5.289735846279034481e-01
-3.519999999999998685e-01,3.749721006080001029e+00,5.809425396240673889e-01,3.374942343448610882e-01,-9.861437103502372625e-02,9.724794174633327043e-03,7.403140541761623616e-01,5.480648988107458264e-01,-6.601077376652930706e-01,4.357422253255913702e-01,1.801053087033464284e-01,3.243792222312771173e-02,-7.293080938699372240e-01,5.318902957842012169e-01
-3.479999999999998650e-01,3.775290894080001181e+00,5.770727321388153808e-01,3.330129381781569697e-01,-9.544559629370212572e-02,9.109861851860365581e-03,7.445287941078730931e-01,5.543231252557236921e-01,-6.547696468893676736e-01,4.287232904876272510e-01,1.928888536981394064e-01,3.720610988098222577e-02,-7.309981756014476417e-01,5.343583327326448806e-01
-3.439999999999998614e-01,3.800657044480000746e+00,5.732251511756774054e-01,3.285870739403782270e-01,-9.227879911709940819e-02,8.515376766493986185e-03,7.486752502872752180e-01,5.605146303927142082e-01,-6.493155790931461890e-01,4.216107212530678106e-01,2.056154109297748944e-01,4.227769721182019630e-02,-7.323758218118988639e-01,5.363743443746542550e-01
-3.399999999999998579e-01,3.825816800000000573e+00,5.694001138404908291e-01,3.242164896415639097e-01,-8.911398878475340624e-02,7.941302997129156063e-03,7.527536501068875507e-01,5.666380577492424742e-01,-6.437470273607909244e-01,4.144102352358549068e-01,2.182813871749505474e-01,4.764676398702066829e-02,-7.334410380724030176e-01,5.379357563287241462e-01
-3.359999999999998543e-01,3.850767534080000942e+00,5.655979281371729117e-01,3.199010163130626139e-01,-8.595116889103461555e-02,7.387603433735156697e-03,7.567642288505361803e-01,5.726920980677466799e-01,-6.380654917637037515e-01,4.071275717796570826e-01,2.308832262282657088e-01,5.330706415357252398e-02,-7.341939603758945720e-01,5.390407714524406702e-01
-3.319999999999998508e-01,3.875506650880001125e+00,5.618188930630217959e-01,3.156404686025591211e-01,-8.279033740550821585e-02,6.854239967717892616e-03,7.607072293635599447e-01,5.786754888059838509e-01,-6.322724788786410199e-01,3.997684875473415667e-01,2.434174095276803729e-01,5.925203526116645802e-02,-7.346348542419897099e-01,5.396883690671494538e-01
-3.279999999999998472e-01,3.900031585280001156e+00,5.580632987055469396e-01,3.114346453621165134e-01,-7.963148673423801893e-02,6.341173679505125206e-03,7.645829017252109283e-01,5.845870136105435488e-01,-6.263695013165523351e-01,3.923387521795464461e-01,2.558804567561354659e-01,6.547480814972851670e-02,-7.347641137802852773e-01,5.398783028993280331e-01
-3.239999999999998437e-01,3.924339802880000061e+00,5.543314263407381759e-01,3.072833302289572077e-01,-7.647460378199488762e-02,5.848365023613106596e-03,7.683915029233673311e-01,5.904255017648312176e-01,-6.203580772622182549e-01,3.848441440244763645e-01,2.682689264196616019e-01,7.196821688235781334e-02,-7.345822607132524995e-01,5.396110977545928167e-01
-3.199999999999998401e-01,3.948428800000000294e+00,5.506235485326872459e-01,3.031862921987286130e-01,-7.331967001533190587e-02,5.375774011157160963e-03,7.721332965316751729e-01,5.961898276128718699e-01,-6.142397300247453007e-01,3.772904459408720212e-01,2.805794164023167614e-01,7.872480890866466463e-02,-7.340899433598818691e-01,5.388880449421146190e-01
-3.159999999999998366e-01,3.972296103680000634e+00,5.469399292344727659e-01,2.991432861910100494e-01,-7.016666152649077282e-02,4.923360389773120786e-03,7.758085523892291890e-01,6.018789099602713799e-01,-6.080159875989761264e-01,3.696834411759583050e-01,2.928085644983005609e-01,8.573685544355544308e-02,-7.332879355812232935e-01,5.377111964689722523e-01
-3.119999999999998330e-01,3.995939271680001514e+00,5.432808238902228082e-01,2.951540536068392728e-01,-6.701554909810378269e-02,4.491083820920358481e-03,7.794175462828978329e-01,6.074917114536532159e-01,-6.016883822378574775e-01,3.620289093200100838e-01,3.049530489216045193e-01,9.299636204658251470e-02,-7.321771356889614779e-01,5.360833580256919584e-01
-3.079999999999998295e-01,4.019355892480001913e+00,5.396464795382727164e-01,2.912183228780513833e-01,-6.386629826865730664e-02,4.078904054541099451e-03,7.829605596323986338e-01,6.130272379398788996e-01,-5.952584500358032438e-01,3.543326223390268481e-01,3.170095887935654444e-01,1.004950793870654502e-01,-7.307585653181591923e-01,5.340080807858543777e-01
-3.039999999999998259e-01,4.042543585280000684e+00,5.360371349153322251e-01,2.873358100082381017e-01,-6.071886939868338662e-02,3.686781101054369819e-03,7.864378791782211664e-01,6.184845378063383858e-01,-5.887277305230834701e-01,3.466003406868604086e-01,3.289749446086980278e-01,1.082245141802959387e-01,-7.290333682652866409e-01,5.314896520442290440e-01
-2.999999999999998224e-01,4.065500000000001002e+00,5.324530205615815026e-01,2.835062191051519465e-01,-5.757321773764722400e-02,3.314675400666536841e-03,7.898497966724937758e-01,6.238627013035797919e-01,-5.820977662712571998e-01,3.388378094979871968e-01,3.408459186791901185e-01,1.161759402802610835e-01,-7.270028092926530405e-01,5.285330847194096293e-01
-2.959999999999998188e-01,4.088222817280001031e+00,5.288943589266168477e-01,2.797292429043969908e-01,-5.442929349149897705e-02,2.962547989983732848e-03,7.931966085728863192e-01,6.291608598515285866e-01,-5.753701025096630284e-01,3.310507548619801566e-01,3.526193555584527517e-01,1.243404099144585218e-01,-7.246682729003375290e-01,5.251441057483580144e-01
-2.919999999999998153e-01,4.110709748480001480e+00,5.253613644761653267e-01,2.760045632842582086e-01,-5.128704189085959292e-02,2.630360665914786844e-03,7.964786157396390731e-01,6.343781853305315854e-01,-5.685462867529723630e-01,3.232448801805930527e-01,3.642921424441223910e-01,1.327087650465287594e-01,-7.220312620667119763e-01,5.213291434016489312e-01
-2.879999999999998117e-01,4.132958535680000267e+00,5.218542437994918570e-01,2.723318517715395126e-01,-4.814640325981121155e-02,2.318076146856359616e-03,7.996961231357985200e-01,6.395138893584262352e-01,-5.616278684398031684e-01,3.154258626082368511e-01,3.758612095609208947e-01,1.412716488525984915e-01,-7.190933969586331687e-01,5.170953135495063302e-01
-2.839999999999998082e-01,4.154966951680001408e+00,5.183731957174226856e-01,2.687107700382934117e-01,-4.500731308526374763e-02,2.025658231154953311e-03,8.028494395307462783e-01,6.445672225548334522e-01,-5.546163985823828746e-01,3.075993495764925978e-01,3.873235305237821002e-01,1.500195172974071733e-01,-7.158564136123677368e-01,5.124504049099612990e-01
-2.799999999999998046e-01,4.176732800000000800e+00,5.149184113909117677e-01,2.651409703893402581e-01,-4.186970208686992961e-02,1.753071952843240217e-03,8.059388772070966711e-01,6.495374737938356402e-01,-5.475134294272431257e-01,2.997709554031807166e-01,3.986761226816631365e-01,1.589426507964845081e-01,-7.123221625863028761e-01,5.074028633116273168e-01
-2.759999999999998010e-01,4.198253914880001325e+00,5.114900744300737712e-01,2.616220962404823824e-01,-3.873349628746264317e-02,1.500283734650882271e-03,8.089647516710375408e-01,6.544239694461834178e-01,-5.403205141269240563e-01,2.919462579863835172e-01,4.099160474424594081e-01,1.680311659508486322e-01,-7.084926075864784734e-01,5.019617750046877491e-01
-2.719999999999997975e-01,4.219528161280002188e+00,5.080883610036164288e-01,2.581537825873412295e-01,-3.559861708398880803e-02,1.267261538292459864e-03,8.119273813661870287e-01,6.592260726121537129e-01,-5.330392064226532334e-01,2.841307955836919197e-01,4.210404105794491869e-01,1.772750273409111343e-01,-7.043698240659663767e-01,4.961368490547204413e-01
-2.679999999999997939e-01,4.240553434880000694e+00,5.047134399485989631e-01,2.547356564647479948e-01,-3.246498131891536326e-02,1.053975012037523503e-03,8.148270873910335999e-01,6.639431823461551252e-01,-5.256710603379637359e-01,2.763300636768390994e-01,4.320463625196969693e-01,1.866640593665014058e-01,-6.999559977991004489e-01,4.899383988549342872e-01
-2.639999999999997904e-01,4.261327662080001133e+00,5.013654728804493033e-01,2.513673373966365254e-01,-2.933250135208380696e-02,8.603956355699983417e-04,8.176641932200242602e-01,6.685747328741531437e-01,-5.182176298832049666e-01,2.685495119217664040e-01,4.429310986148488061e-01,1.961879581201569078e-01,-6.952534234315528305e-01,4.833773227932940952e-01
-2.599999999999997868e-01,4.281848800000000566e+00,4.980446143031725392e-01,2.480484378363959075e-01,-2.620108513299070768e-02,6.864968621462266786e-04,8.204390244283622513e-01,6.731201928049628247e-01,-5.106804687708961232e-01,2.607945411840622008e-01,4.536918593947534828e-01,2.058363032810687776e-01,-6.902645030072300791e-01,4.764650841118183155e-01
-2.559999999999997833e-01,4.302114836480000370e+00,4.947510117196859958e-01,2.447785635976528762e-01,-2.307063627347256257e-02,5.322542580628679670e-04,8.231519084205758396e-01,6.775790643364361099e-01,-5.030611301418628223e-01,2.530705006596082329e-01,4.643259308043498623e-01,2.155985700173259079e-01,-6.849917444729480831e-01,4.692136899960925867e-01
-2.519999999999997797e-01,4.322123790080001804e+00,4.914848057422149252e-01,2.415573142754627312e-01,-1.994105412077443878e-02,3.976456394476552184e-04,8.258031741629091593e-01,6.819508824575361006e-01,-4.953611663020945355e-01,2.453826850801713588e-01,4.748306444242596513e-01,2.254641408843577055e-01,-6.794377601618298845e-01,4.616356699337242908e-01
-2.479999999999997762e-01,4.341873710080000670e+00,4.882461302026884220e-01,2.383842836579005697e-01,-1.681223383098267438e-02,2.826512063876383449e-04,8.283931519195937287e-01,6.862352141472790601e-01,-4.875821284702533398e-01,2.377363320035826288e-01,4.852033776755275141e-01,2.354223177077405804e-01,-6.736052652563476739e-01,4.537440533810744858e-01
-2.439999999999997726e-01,4.361362676480000644e+00,4.850351122630723322e-01,2.352590601280511728e-01,-1.368406644280299733e-02,1.872536744110470726e-04,8.309221729930450495e-01,6.904316575714838367e-01,-4.797255665357570420e-01,2.301366191880530598e-01,4.954415540089519565e-01,2.454623334388052469e-01,-6.674970762319187845e-01,4.455523467781600244e-01
-2.399999999999997691e-01,4.380588800000001726e+00,4.818518725255814816e-01,2.321812270564092284e-01,-1.055643895166630264e-02,1.114384033402575412e-04,8.333905694680360243e-01,6.945398412782574082e-01,-4.717930288273561312e-01,2.225886620500904800e-01,5.055426430794517367e-01,2.555733639717579497e-01,-6.611161092819415330e-01,4.370745099520920718e-01
-2.359999999999997655e-01,4.399550222080001127e+00,4.786965251427113266e-01,2.291503631837064625e-01,-7.429234384145279660e-03,5.519352353456649332e-05,8.357986739598887160e-01,6.985594233931083918e-01,-4.637860618921179068e-01,2.150975112053994109e-01,5.155041609059111130e-01,2.657445399113074758e-01,-6.544653787251428767e-01,4.283249319498447227e-01
-2.319999999999997620e-01,4.418245114880001267e+00,4.755691779270332931e-01,2.261660429941942385e-01,-4.302331872666105561e-03,1.851005954255863857e-05,8.381468193667277466e-01,7.024900908145621514e-01,-4.557062102847262985e-01,2.076681500920671830e-01,5.253236700169485740e-01,2.759649582800758894e-01,-6.475479953960880941e-01,4.193184063414921448e-01
-2.279999999999997584e-01,4.436671681280001778e+00,4.724699324606990714e-01,2.232278370794175404e-01,-1.175606730500218739e-03,1.382051184797413993e-06,8.404353386258353042e-01,7.063315584111224954e-01,-4.475550163669981263e-01,2.003054926752639575e-01,5.349987795830549731e-01,2.862236941553582548e-01,-6.403671650196841592e-01,4.100701060353473815e-01
-2.239999999999997549e-01,4.454828154880001279e+00,4.693988842045990206e-01,2.203353124925225559e-01,1.951069472977748484e-03,3.806672088385669225e-06,8.426645644741419527e-01,7.100835682203953114e-01,-4.393340201175157667e-01,1.930143812326177433e-01,5.445271455355411572e-01,2.965098122250844348e-01,-6.329261865704912671e-01,4.005955576466643242e-01
-2.199999999999997513e-01,4.472712800000001820e+00,4.663561226071229471e-01,2.174880330931499017e-01,5.077828836778976347e-03,2.578434569562413034e-05,8.448348292128899928e-01,7.137458886511730549e-01,-4.310447589512676481e-01,1.857995842193564395e-01,5.539064706727403475e-01,3.068123782531313459e-01,-6.252284506176346568e-01,3.909106154617280060e-01
-2.159999999999997478e-01,4.490323911680000002e+00,4.633417312124725740e-01,2.146855598829711942e-01,8.204807052548545102e-03,6.731885876955033933e-05,8.469464644765005712e-01,7.173183136892442580e-01,-4.226887675491851626e-01,1.786657942122490961e-01,5.631345047539035864e-01,3.171204704444242628e-01,-6.172774376560907772e-01,3.810314350392690619e-01
-2.119999999999997442e-01,4.507659815680001181e+00,4.603557877684764654e-01,2.119274513319345521e-01,1.133214332858387650e-02,1.284174724195680651e-04,8.489998010056739597e-01,7.208006621076740172e-01,-4.142675776974591995e-01,1.716176259313204056e-01,5.722090445812278992e-01,3.274231907005616393e-01,-6.090767164251031929e-01,3.709744464911855499e-01
-2.079999999999997407e-01,4.524718868480001710e+00,4.573983643338588867e-01,2.092132636952895031e-01,1.445998031363388177e-02,2.090910306706794100e-04,8.509951684247499815e-01,7.241927766822685575e-01,-4.057827181365157854e-01,1.646596143382590138e-01,5.811279340704541552e-01,3.377096757569941210e-01,-6.006299422144607547e-01,3.607563274845464463e-01
-2.039999999999997371e-01,4.541499457280000485e+00,4.544695273849170269e-01,2.065425513214698416e-01,1.758846402048832788e-02,3.093540666000124174e-04,8.529328950233556750e-01,7.274945234129226446e-01,-3.972357144195246548e-01,1.577962128103901351e-01,5.898890643104669484e-01,3.479691081930781915e-01,-5.919408551593525747e-01,3.503939760067856235e-01
-1.999999999999997335e-01,4.558000000000000718e+00,4.515693379215600101e-01,2.039148669509160683e-01,2.071774374936604171e-02,4.292249060643956804e-04,8.548133075423599569e-01,7.307057907515093209e-01,-3.886280887803133521e-01,1.510317913890391051e-01,5.984903736123280416e-01,3.581907273066239905e-01,-5.830132785244968030e-01,3.399044829358824904e-01
-1.959999999999997300e-01,4.574218945280001947e+00,4.486978515726685601e-01,2.013297620059285031e-01,2.384797201110976442e-02,5.687257690426746623e-04,8.566367309641613748e-01,7.338264888369649963e-01,-3.799613600105505862e-01,1.443706351010672351e-01,6.069298475481716970e-01,3.683638398448469409e-01,-5.738511169782118948e-01,3.293051044571414510e-01
-1.919999999999997264e-01,4.590154772480000922e+00,4.458551187007298577e-01,1.987867868716419184e-01,2.697930445019454046e-02,7.278828686162869786e-04,8.584034883073217159e-01,7.368565487381781853e-01,-3.712370433460647212e-01,1.378169423523279424e-01,6.152055189803841140e-01,3.784778305839237578e-01,-5.644583548570909493e-01,3.186132343679736190e-01
-1.879999999999997229e-01,4.605805991680001377e+00,4.430411845057092290e-01,1.962854911682218872e-01,3.011189976755580811e-02,9.067265076113274888e-04,8.601139004255691223e-01,7.397959217052858527e-01,-3.624566503621540203e-01,1.313748233917527708e-01,6.233154680814885218e-01,3.885221727496451227e-01,-5.548390544219076181e-01,3.078463763117965657e-01
-1.839999999999997193e-01,4.621171143680000704e+00,4.402560891281180333e-01,1.938254240143854057e-01,3.324591964324249277e-02,1.105291172924936956e-03,8.617682858111812561e-01,7.426445784299418040e-01,-3.536216888777453105e-01,1.250482988447489119e-01,6.312578223451513759e-01,3.984864382719426890e-01,-5.449973541053712012e-01,2.970221159818553502e-01
-1.799999999999997158e-01,4.636248800000001502e+00,4.374998677512394463e-01,1.914061342823520084e-01,3.638152865889957704e-02,1.323615627558331247e-03,8.633669604027650601e-01,7.454025083151096798e-01,-3.447336628682525772e-01,1.188412983145620272e-01,6.390307565887194396e-01,4.083603078663511909e-01,-5.349374667523234539e-01,2.861580933353931600e-01
-1.759999999999997122e-01,4.651037562880001808e+00,4.347725507024754465e-01,1.890271708443365950e-01,3.951889422008393604e-02,1.561743000378183581e-03,8.649102373974444369e-01,7.480697187549036897e-01,-3.357940723869842214e-01,1.127576590502352011e-01,6.466324929476973127e-01,4.181335809357538125e-01,-5.246636778529516487e-01,2.752719748581858306e-01
-1.719999999999997087e-01,4.665536065280000422e+00,4.320741635537802550e-01,1.866880828106988466e-01,4.265818647841630729e-02,1.819720873627339889e-03,8.663984270674649490e-01,7.506462344249773544e-01,-3.268044134949449342e-01,1.068011246797749420e-01,6.540613008625627556e-01,4.277961852860278080e-01,-5.141803437695711132e-01,2.643814259189943283e-01
-1.679999999999997051e-01,4.679742970880001351e+00,4.294047272211440891e-01,1.843884197598651686e-01,4.579957825357168499e-02,2.097601368205036492e-03,8.678318365812264235e-01,7.531320965839445325e-01,-3.177661781988732614e-01,1.009753440071180786e-01,6.613154970583196013e-01,4.373381866494923109e-01,-5.034918899575144824e-01,2.535040832529898980e-01
-1.639999999999997016e-01,4.693656974080001376e+00,4.267642580630964244e-01,1.821277319601451727e-01,4.894324495510957856e-02,2.395441226735859144e-03,8.692107698287488970e-01,7.555273623862862609e-01,-3.086808543973562635e-01,9.528386987148185217e-02,6.683934455171758326e-01,4.467497980103218858e-01,-4.926028091806392006e-01,2.426575276126572422e-01
-1.600000000000001421e-01,4.707276799999998929e+00,4.241527679781957327e-01,1.799055705835651553e-01,5.208936450414491243e-02,2.713301894445672036e-03,8.705355272515790110e-01,7.578321042071846092e-01,-2.995499258348553462e-01,8.973015806766733438e-02,6.752935574447322953e-01,4.560213887263619426e-01,-4.815176597219524290e-01,2.318592566241059749e-01
-1.560000000000001386e-01,4.720601204479999424e+00,4.215702645014752226e-01,1.777214879118437785e-01,5.523811725485957419e-02,3.051249597861615051e-03,8.718064056771408499e-01,7.600464089796954426e-01,-2.903748720634798941e-01,8.431756632588231770e-02,6.820142912300608540e-01,4.651434934420422551e-01,-4.702410635898273128e-01,2.211266578860920096e-01
-1.520000000000001350e-01,4.733628974080000162e+00,4.190167508998161039e-01,1.755750375346385450e-01,5.838968591585399354e-02,3.409355421352078426e-03,8.730236981575352218e-01,7.621703775446592166e-01,-2.811571684123370662e-01,7.904935334964326155e-02,6.885541524000433622e-01,4.741068207873421203e-01,-4.587777047202700742e-01,2.104769823483993163e-01
-1.480000000000001315e-01,4.746358926080000096e+00,4.164922262662202890e-01,1.734657745401924356e-01,6.154425547133750979e-02,3.787695381521257072e-03,8.741876938127880470e-01,7.642041240137208424e-01,-2.718982859642892769e-01,7.392867791031842994e-02,6.949116935683367080e-01,4.829022618580138815e-01,-4.471323271756755258e-01,1.999273180055353427e-01
-1.440000000000001279e-01,4.758789908479998942e+00,4.139966856129544404e-01,1.713932556985114375e-01,6.470201310215552282e-02,4.186350499471505095e-03,8.752986776785492973e-01,7.661477751458168894e-01,-2.625996915399436693e-01,6.895859799687356628e-02,7.010855143793215394e-01,4.915208984725178420e-01,-4.353097333404911673e-01,1.894945639409695293e-01
-1.400000000000001243e-01,4.770920799999998962e+00,4.115301199635419405e-01,1.693570396372072184e-01,6.786314810665075581e-02,4.605406870945216377e-03,8.763569305582424862e-01,7.680014697374641930e-01,-2.532628476886991664e-01,6.414207001938923569e-02,7.070742614473898291e-01,4.999540112013717841e-01,-4.233147821141932110e-01,1.791954047563868724e-01
-1.360000000000001208e-01,4.782750510079999628e+00,4.090925164435759709e-01,1.673566870101374782e-01,7.102785182135566699e-02,5.044955734356457860e-03,8.773627288796636003e-01,7.697653580271700546e-01,-2.438892126866720189e-01,5.948194806492473896e-02,7.128766282919096753e-01,5.081930871648415726e-01,-4.111523871019570620e-01,1.690462854196375375e-01
-1.320000000000001172e-01,4.794277978879999402e+00,4.066838583703326626e-01,1.653917606589807854e-01,7.419631754151202740e-02,5.505093536720885583e-03,8.783163445560255855e-01,7.714396011142590215e-01,-2.344802405413201063e-01,5.498098320431533959e-02,7.184913552682091753e-01,5.162298275951480164e-01,-3.988275148033895712e-01,1.590633865642479272e-01
-1.280000000000001137e-01,4.805502177279999287e+00,4.043041253411603919e-01,1.634618257678807363e-01,7.736874044141330009e-02,5.985921997490781764e-03,8.792180448514473889e-01,7.730243703924017939e-01,-2.250373810025846910e-01,5.064182284850246574e-02,7.239172294949060005e-01,5.240561551595803724e-01,-3.863451827996716714e-01,1.492626002725117307e-01
-1.240000000000001101e-01,4.816422106880000165e+00,4.019532933206246827e-01,1.615664500112961310e-01,8.054531749456521339e-02,6.487548170300313014e-03,8.800680922508808957e-01,7.745198469981050549e-01,-2.155620795803644685e-01,4.646701015301138438e-02,7.291530847779040814e-01,5.316642210411334224e-01,-3.737104579394428527e-01,1.396595063733080955e-01
-1.200000000000001066e-01,4.827036799999999239e+00,3.996313347263892868e-01,1.597052036951953913e-01,8.372624739365838731e-02,7.010084502624087943e-03,8.808667443344729842e-01,7.759262212744137965e-01,-2.060557775681371162e-01,4.245898346920960048e-02,7.341978015313714856e-01,5.390464117734991012e-01,-3.609284545237442798e-01,1.302693492848985557e-01
-1.160000000000001030e-01,4.837345319679999811e+00,3.973382185138132905e-01,1.578776598917308316e-01,8.691173047034805865e-02,7.553648893350427100e-03,8.816142536563545962e-01,7.772436922500511880e-01,-1.965199120725409088e-01,3.862007584099921148e-02,7.390503066960032452e-01,5.461953558274564857e-01,-3.480043324903171476e-01,1.211070154320312009e-01
-1.120000000000000995e-01,4.847346759680000616e+00,3.950739102592482066e-01,1.560833945675325074e-01,9.010196861483334152e-02,8.118364748268411951e-03,8.823108676278527129e-01,7.784724671342142521e-01,-1.869559160487269944e-01,3.495251454561865839e-02,7.437095736548682279e-01,5.531039299459058478e-01,-3.349432955975409909e-01,1.121870112657417234e-01
-1.080000000000000959e-01,4.857040244480000268e+00,3.928383722420159541e-01,1.543219867057566974e-01,9.329716519522991691e-02,8.704361033466020622e-03,8.829568284051162452e-01,7.796127608272218623e-01,-1.773652183412929850e-01,3.145842067725453106e-02,7.481746221471241576e-01,5.597652652249920369e-01,-3.217505896082785699e-01,1.035234419132748940e-01
-1.040000000000000924e-01,4.866424929279999034e+00,3.906315635250539042e-01,1.525930184220282149e-01,9.649752497672837992e-02,9.311772326634317962e-03,8.835523727811481765e-01,7.806647954471970241e-01,-1.677492437306049855e-01,2.813980877218991497e-02,7.524445181798862237e-01,5.661727529389610769e-01,-3.084315004738786281e-01,9.512999048456818874e-02
-1.000000000000000888e-01,4.875499999999999723e+00,3.884534400342111726e-01,1.508960750744124946e-01,9.970325404053055618e-02,9.940738866270571947e-03,8.840977320822362984e-01,7.816287998729536390e-01,-1.581094129843154672e-01,2.499858647424482369e-02,7.565183739385124007e-01,5.723200501065708323e-01,-2.949913525185757224e-01,8.701989806073860689e-02
-9.600000000000008527e-02,4.884264673279999691e+00,3.863039546361817234e-01,1.492307453675531526e-01,1.029145597025553360e-01,1.059140659877082745e-02,8.845931320687729915e-01,7.825050093032416276e-01,-1.484471429138828902e-01,2.203655423929477136e-02,7.603953476955760404e-01,5.782010847970759926e-01,-2.814355066245078363e-01,7.920594438899339340e-02
-9.200000000000008171e-02,4.892718196479999726e+00,3.841830572150631840e-01,1.475966214511125196e-01,1.061316504319057830e-01,1.126392722340024619e-02,8.850387928404537252e-01,7.832936648324875240e-01,-1.387638464358971202e-01,1.925540507768523646e-02,7.640746437187702078e-01,5.838100611739656109e-01,-2.677693584175619423e-01,7.170042930735275044e-02
-8.800000000000007816e-02,4.900859847679999604e+00,3.820906947475273263e-01,1.459932990126480978e-01,1.093547357690881072e-01,1.195845823512707747e-02,8.854349287458475048e-01,7.839950130431641018e-01,-1.290609326380147137e-01,1.665672433339417113e-02,7.675555121779943368e-01,5.891414642748231678e-01,-2.539983364542434674e-01,6.451515492152307130e-02
-8.400000000000007461e-02,4.908688935679999865e+00,3.800268113765930544e-01,1.444203773650606371e-01,1.125840262439734563e-01,1.267516296530370352e-02,8.857817482963241673e-01,7.846093056148926159e-01,-1.193398068493057296e-01,1.424198949882959919e-02,7.708372490518521358e-01,5.941900645258271219e-01,-2.401279004097507386e-01,5.766140855519517189e-02
-8.000000000000007105e-02,4.916204800000000930e+00,3.779913484839896864e-01,1.428774595287449212e-01,1.158197332934929463e-01,1.341421062017583883e-02,8.860794540843319744e-01,7.851367989503877931e-01,-1.096018707148144755e-01,1.201257006418690772e-02,7.739191960337884479e-01,5.989509219895854386e-01,-2.261635392674255507e-01,5.114994649396834014e-02
-7.600000000000006750e-02,4.923406810879999540e+00,3.759842447611035920e-01,1.413641523085774621e-01,1.190620691790554020e-01,1.417577631719817502e-02,8.863282427060122926e-01,7.855777538183278397e-01,-9.984852227413440473e-02,9.969727400328315045e-03,7.768007404380805614e-01,6.034193903451502417e-01,-2.121107695097368961e-01,4.499097854201273422e-02
-7.200000000000006395e-02,4.930294369280000311e+00,3.740054362784979158e-01,1.398800663658695542e-01,1.223112469036783945e-01,1.496004111913257738e-02,8.865283046881404783e-01,7.859324350132284032e-01,-9.008115604379725305e-02,8.114614674186950219e-03,7.794813151058880285e-01,6.075911205992047259e-01,-1.979751333109442679e-01,3.919415340948615573e-02
-6.800000000000006040e-02,4.936866906880000627e+00,3.720548565539985031e-01,1.384248162854163910e-01,1.255674801288212961e-01,1.576719206590193254e-02,8.866798244193815348e-01,7.862011110323852137e-01,-8.030116310327563289e-02,6.448276795738876015e-03,7.819603983115586132e-01,6.114620645275713473e-01,-1.837621967315760108e-01,3.376854494761444281e-02
-6.400000000000005684e-02,4.943123886080000418e+00,3.701324366193390891e-01,1.369980206377690579e-01,1.288309830909102338e-01,1.659742220417039990e-02,8.867829800858489930e-01,7.863840537699392508e-01,-7.050993118439766172e-02,4.971650395628493709e-03,7.842375136693756632e-01,6.150284778463241953e-01,-1.694775479148466213e-01,2.872263924722913073e-02
-6.000000000000005329e-02,4.949064799999999487e+00,3.682381050853608673e-01,1.355993020368572721e-01,1.321019705175437708e-01,1.745093061461800224e-02,8.868379436109536940e-01,7.864815382281050704e-01,-6.070884476397184204e-02,3.685563832576031328e-03,7.863122300409248755e-01,6.182869231119323405e-01,-1.551267952851274612e-01,2.406432261543384188e-02
-5.600000000000004974e-02,4.954689172479999293e+00,3.663717882057593300e-01,1.342282871930857713e-01,1.353806575433680048e-01,1.832792243687468570e-02,8.868448805995320372e-01,7.864938422455982625e-01,-5.089928515941946618e-02,2.590737229739898621e-03,7.881841614432444354e-01,6.212342723499904018e-01,-1.407155657485762990e-01,1.980087044394189880e-02
-5.200000000000004619e-02,4.959996558079999396e+00,3.645334099393760519e-01,1.328846069620291948e-01,1.386672596256100509e-01,1.922860889207634455e-02,8.868039502862412604e-01,7.864212462432822459e-01,-4.108263062721183301e-02,1.687782539251923798e-03,7.898529669579167356e-01,6.238677094122239142e-01,-1.262495028960205490e-01,1.593893698149230140e-02
-4.800000000000004263e-02,4.964986542080000120e+00,3.627228920110304733e-01,1.315678963888456676e-01,1.419619924592586124e-01,2.015320730300259808e-02,8.867153054882076502e-01,7.862640329870453915e-01,-3.126025646390884899e-02,9.772036341893549499e-04,7.913183506412494461e-01,6.261847320615874235e-01,-1.117342652081819848e-01,1.248454602161234647e-02
-4.400000000000003908e-02,4.969658740479999004e+00,3.609401539708891882e-01,1.302777947485291854e-01,1.452650718918797046e-01,2.110194111175297746e-02,8.865790925619162488e-01,7.860224873679108049e-01,-2.143353510959561045e-02,4.593964272942677217e-04,7.925800614356789398e-01,6.281831537853845848e-01,-9.717552426332205784e-02,9.443082515851493677e-03
-4.000000000000003553e-02,4.974012799999999679e+00,3.591851132523707912e-01,1.290139455821184278e-01,1.485767138380560959e-01,2.207503989491560806e-02,8.863954513643312882e-01,7.856968961993765488e-01,-1.160383625351283851e-02,1.346490157983388787e-04,7.936378930825247480e-01,6.298611053364689960e-01,-8.257896294737925025e-02,6.819285121464634808e-03
-3.600000000000003197e-02,4.978048398079999437e+00,3.574576852285844542e-01,1.277759967289777698e-01,1.518971341934391706e-01,2.307273937617966564e-02,8.861645152182311413e-01,7.852875480319626567e-01,-1.772526941677325055e-03,3.141851758971971218e-06,7.944916840362107324e-01,6.312170360026940763e-01,-6.795027366666395174e-02,4.617239691374524883e-03
-3.200000000000002842e-02,4.981765242879999889e+00,3.557577832673026741e-01,1.265636003552650934e-01,1.552265487484006945e-01,2.409528143633961686e-02,8.858864108817477989e-01,7.847947329849448428e-01,8.059028313711946376e-03,6.494793736121081361e-05,7.951413173800572221e-01,6.322497146048928762e-01,-5.329515656316852895e-02,2.840373713092645466e-03
-2.800000000000002487e-02,4.985163073279999857e+00,3.540853187844658079e-01,1.253764129786967829e-01,1.585651731012734933e-01,2.514291412063682576e-02,8.855612585220996591e-01,7.842187425952450441e-01,1.788946742328629408e-02,3.200330446888215489e-04,7.955867207437415933e-01,6.329582302237802827e-01,-3.861931773254608652e-02,1.491451702127348641e-03
-2.400000000000002132e-02,4.988241658879999818e+00,3.524402012962216113e-01,1.242140954897212046e-01,1.619132225711688300e-01,2.621589164338085712e-02,8.851891716934996435e-01,7.835598696834239485e-01,2.771743060814275614e-02,7.682559595172088742e-04,7.958278662225117817e-01,6.333419926562761093e-01,-2.392846744480472618e-02,5.725715542570795945e-04
-2.000000000000001776e-02,4.991000800000001014e+00,3.508223384694992286e-01,1.230763131692078766e-01,1.652709121103590473e-01,2.731447438979002496e-02,8.847702573192341990e-01,7.828184082367438679e-01,3.754156028630675768e-02,1.409368748730404752e-03,7.958647702982263317e-01,6.334007326018485928e-01,-9.228318367760423788e-03,8.516185989674440607e-05
-1.600000000000001421e-02,4.993440327680000124e+00,3.492316361711204076e-01,1.219627357027578130e-01,1.686384562162138168e-01,2.843892891498786546e-02,8.843046156778927580e-01,7.819946533092255736e-01,4.736050095822633837e-02,2.243017051014158103e-03,7.956974937622883770e-01,6.331345015795869502e-01,5.475416206713026347e-03,2.998018263673566487e-05
-1.200000000000001066e-02,4.995560103679999919e+00,3.476679985154499941e-01,1.208730371917389329e-01,1.720160688426781159e-01,2.958952794008897630e-02,8.837923403937413269e-01,7.810889009386466908e-01,5.717289909150197191e-02,3.268740390527066862e-03,7.953261416405236206e-01,6.325436715768022466e-01,2.017702413360195762e-02,4.071123028879558201e-04
-8.000000000000007105e-03,4.997360020480000387e+00,3.461313279105888152e-01,1.198068961611475636e-01,1.754039633112810248e-01,3.076655034530521859e-02,8.832335184312245513e-01,7.801014480804002726e-01,6.697740300505602984e-02,4.485972513301688877e-03,7.947508631200502771e-01,6.316289344300648478e-01,3.487079618280652937e-02,1.215972426422834386e-03
-4.000000000000003553e-03,4.998840001279999612e+00,3.446215251031132243e-01,1.187639955643956940e-01,1.788023522216634631e-01,3.197028115999980130e-02,8.826282300935862635e-01,7.790325925581366162e-01,7.677266275294558628e-02,5.894041746177518248e-03,7.939718514781718417e-01,6.303913009396762135e-01,4.955102780430067216e-02,2.455304356462578372e-03
0.000000000000000000e+00,5.000000000000000000e+00,3.431384892213646953e-01,1.177440227851206112e-01,1.822114473616142927e-01,3.320101154961433571e-02,8.819765490255938589e-01,7.778826330310957271e-01,8.655733000802191823e-02,7.492171378117611601e-03,7.929893440133172211e-01,6.288320997186711558e-01,6.421202089037042482e-02,4.123183626825367536e-03
4.000000000000447642e-03,5.000840001280000280e+00,3.416821178172952389e-01,1.167466696361120215e-01,1.856314596166033781e-01,3.445903879939064829e-02,8.812785422203593955e-01,7.766518689780417262e-01,9.633005794564002133e-02,9.279480063810364651e-03,7.918036219780384410e-01,6.269529757775403889e-01,7.884808553490435523e-02,6.217020592519593471e-03
8.000000000000007105e-03,5.001360020479999946e+00,3.402523069068728589e-01,1.157716323554487947e-01,1.890625988788009748e-01,3.574466629480639590e-02,8.805342700302387637e-01,7.753406006976854004e-01,1.060895011276207361e-01,1.125498224950744093e-02,7.904150105140733684e-01,6.247558888459626703e-01,9.345354178971011783e-02,8.733564473041095094e-03
1.200000000000045475e-02,5.001560103680000147e+00,3.388489510084880529e-01,1.148186115995527418e-01,1.925050739554722279e-01,3.705820349860183133e-02,8.797437861757114730e-01,7.739491293147759965e-01,1.158343153529377140e-01,1.341758861328382242e-02,7.888238785928224361e-01,6.222431114382238615e-01,1.080227215288586257e-01,1.166890836650133663e-02
1.600000000000001421e-02,5.001440327679999243e+00,3.374719431812521764e-01,1.138873124345302912e-01,1.959590924768717379e-01,3.839996592435916678e-02,8.789071377851701561e-01,7.724777568497200875e-01,1.255631576447052422e-01,1.576610655770909961e-02,7.870306389457749630e-01,6.194172266393948023e-01,1.225499698637728674e-01,1.501849511361163722e-02
2.000000000000046185e-02,5.001000799999999025e+00,3.361211750628281814e-01,1.129774443256163913e-01,1.994248608045656457e-01,3.977027510692038303e-02,8.780243653983709207e-01,7.709267862332119803e-01,1.352746860664893191e-01,1.829924069038723830e-02,7.850357480083101080e-01,6.162811256509669322e-01,1.370296471188066634e-01,1.877712418950467851e-02
2.400000000000002132e-02,5.000241658880000273e+00,3.347965369001730807e-01,1.120887211203489553e-01,2.029025839369849871e-01,4.116945856830523526e-02,8.770955029888000132e-01,7.692965213631760557e-01,1.449675595439898490e-01,2.101559332014024326e-02,7.828397058736307201e-01,6.128380050923126765e-01,1.514561307912583588e-01,2.293895955425875877e-02
2.800000000000046896e-02,4.999163073280000091e+00,3.334979175854915767e-01,1.112208610338593362e-01,2.063924654163969141e-01,4.259784978065859345e-02,8.761205780106126051e-01,7.675872672136498931e-01,1.546404378537673263e-01,2.391366501960487390e-02,7.804430562263670046e-01,6.090913640119522965e-01,1.658238169613770463e-01,2.749753827164027817e-02
3.200000000000002842e-02,4.997765242879999903e+00,3.322252046875818765e-01,1.103735866297056722e-01,2.098947072345309639e-01,4.405578812506946718e-02,8.750996114276929916e-01,7.657993299208992743e-01,1.642919814792212774e-01,2.699185517836878712e-02,7.778463862928484129e-01,6.050450006688431470e-01,1.801271221412941437e-01,3.244578013090469726e-02
3.600000000000047606e-02,4.996048398079999231e+00,3.309782844823606629e-01,1.095466247988864661e-01,2.134095097377255446e-01,4.554361884649637399e-02,8.740326177528086049e-01,7.639330168958272660e-01,1.739208515019565471e-01,3.024846258716562195e-02,7.750503267898058990e-01,6.007030090569849268e-01,1.943604850097473691e-01,3.777599813322422839e-02
4.000000000000003553e-02,4.994012799999999253e+00,3.297570419820107790e-01,1.087397067367256165e-01,2.169370715314854203e-01,4.706169300465682520e-02,8.729196050907575000e-01,7.619886369518040770e-01,1.835257094950041856e-01,3.368168604564467095e-02,7.720555518747891366e-01,5.960697751806852684e-01,2.085183681435845982e-01,4.347990985326347785e-02
4.400000000000048317e-02,4.991658740479999246e+00,3.285613609627598963e-01,1.079525679177009978e-01,2.204775893844427848e-01,4.861036742077495809e-02,8.717605751854985430e-01,7.599665004477512698e-01,1.931052174180956094e-01,3.728962499408997738e-02,7.688627790982085486e-01,5.911499730826206278e-01,2.225952597460029991e-01,4.954864966139053972e-02
4.800000000000004263e-02,4.988986542080001030e+00,3.273911239913018800e-01,1.071849480682880024e-01,2.240312581317149276e-01,5.019000462007908864e-02,8.705555234712503143e-01,7.578669194463026892e-01,2.026580375151845193e-01,4.107028016950593774e-02,7.654727693569021163e-01,5.859485606269250191e-01,2.365856753714742078e-01,5.597278179097657513e-02
5.200000000000049027e-02,4.985996558079999197e+00,3.262462124498712313e-01,1.064365911378865187e-01,2.275982705776510295e-01,5.180097276993764904e-02,8.693044391275510652e-01,7.556902078868661388e-01,2.121828322144136136e-01,4.502155428652999947e-02,7.618863268491212759e-01,5.804707750396460586e-01,2.504841596473013077e-01,6.274231423421472442e-02
5.600000000000004974e-02,4.982689172479999762e+00,3.251265065599813209e-01,1.057072452678975705e-01,2.311788173979629768e-01,5.344364561352071136e-02,8.680073051382684035e-01,7.534366817733989530e-01,2.216782640307193575e-01,4.914125274367332069e-02,7.581042990308141105e-01,5.747221282090020367e-01,2.642852879917469977e-01,6.984671344888064570e-02
6.000000000000049738e-02,4.979064799999999735e+00,3.240318854048376829e-01,1.049966627590138563e-01,2.347730870412336468e-01,5.511840239887066950e-02,8.666640983545488286e-01,7.511066593767030675e-01,2.311429954712688195e-01,5.342708435543099682e-02,7.541275765730817149e-01,5.687084017479892006e-01,2.779836683286667776e-01,7.727491985746222369e-02
6.400000000000005684e-02,4.975123886080000446e+00,3.229622269504393017e-01,1.043046000367870568e-01,2.383812656297987498e-01,5.682562780326467361e-02,8.652747895616945684e-01,7.487004614510348599e-01,2.405756889439203405e-01,5.787666211084191437e-02,7.499570933206655132e-01,5.624356418219813580e-01,2.915739427985724053e-01,8.501536411910516622e-02
6.800000000000050449e-02,4.970866906879999547e+00,3.219174080653795511e-01,1.036308176155320976e-01,2.420035368599963987e-01,5.856571185274763586e-02,8.638393435499597262e-01,7.462184114648253708e-01,2.499750066688992134e-01,6.248750395911620292e-02,7.455938262513241988e-01,5.559101537440898078e-01,3.050507894660458019e-01,9.305598415385779587e-02
7.200000000000006395e-02,4.966294369279999898e+00,3.208973045393595513e-01,1.029750800606264727e-01,2.456400819017817705e-01,6.033904983671405792e-02,8.623577191892541904e-01,7.436608358452926337e-01,2.593396105938792218e-01,6.725703362298490751e-02,7.410387954359372031e-01,5.491384963411447551e-01,3.184089240234139195e-01,1.013842428977481808e-01
7.600000000000051159e-02,4.961406810879998908e+00,3.199017911004269910e-01,1.023371559492612243e-01,2.492910792977038881e-01,6.214604221741408530e-02,8.608298695077445384e-01,7.410280642367205184e-01,2.686681623126573326e-01,7.218258144046038605e-02,7.362930639991747128e-01,5.421274760932928150e-01,3.316431014905870112e-01,1.099871467662957986e-01
8.000000000000007105e-02,4.956204800000000077e+00,3.189307414309543454e-01,1.017168178296982556e-01,2.529567048612408886e-01,6.398709453425692473e-02,8.592557417743410531e-01,7.383204297721730480e-01,2.779593229876101135e-01,7.726138523573056194e-02,7.313577380805552641e-01,5.348841410503061278e-01,3.447481179109539995e-01,1.188512648031450486e-01
8.400000000000051870e-02,4.950688935679999680e+00,3.179840281823696491e-01,1.011138421790860609e-01,2.566371315744929715e-01,6.586261730278361592e-02,8.576352775850627497e-01,7.355382693584076037e-01,2.872117532761169767e-01,8.249059121994109511e-02,7.262339667957110612e-01,5.274157745278339471e-01,3.577188120432198692e-01,1.279627484896124767e-01
8.800000000000007816e-02,4.944859847680000087e+00,3.170615229886549757e-01,1.005280093598853869e-01,2.603325294852327221e-01,6.777302590817955996e-02,8.559684129532648678e-01,7.326819239737309974e-01,2.964241132611356022e-01,8.786725492265054505e-02,7.209229421976623975e-01,5.197298885869340301e-01,3.705500670490590176e-01,1.373073521900621263e-01
9.200000000000052580e-02,4.938718196479998213e+00,3.161630964786257270e-01,9.995910357495280119e-02,2.640430656033108114e-01,6.971874049319429223e-02,8.542550784037230560e-01,7.297517389785510566e-01,3.055950623861122817e-01,9.338834215477186118e-02,7.154258992379053383e-01,5.118342173003654905e-01,3.832368121764487268e-01,1.468704542071666286e-01
9.600000000000008527e-02,4.932264673279999734e+00,3.152886182870082155e-01,9.940691282133076734e-02,2.677689037964191554e-01,7.170018584033598097e-02,8.524951990705598170e-01,7.267480644383533805e-01,3.147232593944089274e-01,9.905073000384040371e-02,7.097441157270988343e-01,5.037367098092414563e-01,3.957740244385369310e-01,1.566370784202756328e-01
9.999999999999964473e-02,4.925500000000001322e+00,3.144379570643274779e-01,9.887122884278784496e-02,2.715102046852131967e-01,7.371779124820636298e-02,8.506886947990023318e-01,7.236712554588301538e-01,3.238073622734262136e-01,1.048512078624738858e-01,7.038789122951313315e-01,4.954455231737771581e-01,4.081567302878858494e-01,1.665919164792979967e-01
1.040000000000000924e-01,4.918424929279998636e+00,3.136109804856239691e-01,9.835184708115442265e-02,2.752671255377934223e-01,7.577199040183932310e-02,8.488354802509620045e-01,7.205216725328813521e-01,3.328460282036024287e-01,1.107864784909133038e-01,6.978316523503430568e-01,4.869690150220100655e-01,4.203800072859223969e-01,1.767193505257121655e-01
1.079999999999996518e-01,4.911040244480001427e+00,3.128075552580129592e-01,9.784856662649482617e-02,2.790398201635528319e-01,7.786322123690790631e-02,8.469354650144224061e-01,7.172996818991959067e-01,3.418379135124627877e-01,1.168531591145539894e-01,6.916037420376650591e-01,4.783157360005011460e-01,4.324389857674145743e-01,1.870034764115501846e-01
1.120000000000000995e-01,4.903346759679999778e+00,3.120275471271051204e-01,9.736119016615780997e-02,2.828284388063903032e-01,7.999192579766006839e-02,8.449885537166216265e-01,7.140056559121079616e-01,3.507816736338951746e-01,1.230477825573965539e-01,6.851966301954330874e-01,4.694944220311770833e-01,4.443288504997791044e-01,1.974281273864550434e-01
1.159999999999996589e-01,4.895345319680000529e+00,3.112708208823022349e-01,9.688952393274227748e-02,2.866331280372987900e-01,8.215855008844652474e-02,8.429946461410225966e-01,7.106399734224279063e-01,3.596759630728251778e-01,1.293667984123643144e-01,6.786118083106225107e-01,4.605139863786130716e-01,4.560448423370147553e-01,2.079768982221926465e-01
1.200000000000001066e-01,4.887036799999999737e+00,3.105372403609875098e-01,9.643337765101772652e-02,2.904540306463311294e-01,8.436354391869986535e-02,8.409536373480502869e-01,7.072030201689161188e-01,3.685194353754604468e-01,1.358065742494481698e-01,6.718508104722468177e-01,4.513835115322148983e-01,4.675822598680409170e-01,2.186331697433041565e-01
1.239999999999996660e-01,4.878422106880000442e+00,3.098266684516264857e-01,9.599256448383408635e-02,2.942912855339526179e-01,8.660736074122643569e-02,8.388654177995915617e-01,7.036951891800833359e-01,3.773107431052743488e-01,1.423633968626543400e-01,6.649152133226507999e-01,4.421122409079062399e-01,4.789364610592090621e-01,2.293801337319192890e-01
1.280000000000001137e-01,4.869502177279999344e+00,3.091389670957963576e-01,9.556690097705586306e-02,2.981450276017866274e-01,8.889045748367011002e-02,8.367298734872359312e-01,7.001168811859658225e-01,3.860485378248950106e-01,1.490334735567394042e-01,6.578066360064246387e-01,4.327095703740888588e-01,4.901028648907382879e-01,2.402008181741092652e-01
1.319999999999996732e-01,4.860277978880001015e+00,3.084739972891619719e-01,9.515620700355391370e-02,3.020153876427633666e-01,9.121329437300862431e-02,8.345468860642487607e-01,6.964685050395341692e-01,3.947314700840640622e-01,1.558129334747263561e-01,6.505267401166565655e-01,4.231850396068040365e-01,5.010769529868157601e-01,2.510781128145515573e-01
1.360000000000001208e-01,4.850750510079999245e+00,3.078316190814160969e-01,9.476030570628606042e-02,3.059024922306817218e-01,9.357633475294228897e-02,8.323163329812597322e-01,6.927504781473712292e-01,4.033581894138289492e-01,1.626978289672023070e-01,6.430772296382342157e-01,4.135483232791862251e-01,5.118542712390842242e-01,2.619947949856940017e-01
1.399999999999996803e-01,4.840920800000000135e+00,3.072116915752036714e-01,9.437902344049806103e-02,3.098064636091942825e-01,9.598004489403502704e-02,8.300380876256520102e-01,6.889632269092496042e-01,4.119273443271267987e-01,1.696841370043992714e-01,6.354598508879002461e-01,4.038092220904724305e-01,5.224304314232260937e-01,2.729335556770581261e-01
1.440000000000001279e-01,4.830789908479999895e+00,3.066140729240476315e-01,9.401218971507320499e-02,3.137274195802288723e-01,9.842489379646897352e-02,8.277120194646345741e-01,6.851071871662236523e-01,4.204375823259189349e-01,1.767677606320638695e-01,6.276763924507579029e-01,3.939776536399978712e-01,5.328011128083397496e-01,2.838770258098051724e-01
1.479999999999996874e-01,4.820358926080000828e+00,3.060386203292967400e-01,9.365963713305944238e-02,3.176654733918587437e-01,1.009113529852737196e-01,8.253379941919860574e-01,6.811828046568507711e-01,4.288875499150303083e-01,1.839445304721176178e-01,6.197286851129185647e-01,3.840636431517869820e-01,5.429620637587841969e-01,2.948078026811980501e-01
1.520000000000001350e-01,4.809628974080000674e+00,3.054851900361136852e-01,9.332120133140049678e-02,3.216207336256379223e-01,1.034398962978935466e-01,8.229158738784457805e-01,6.771905354811260658e-01,4.372758926228478837e-01,1.912102062691083959e-01,6.116186017899742922e-01,3.740773140555231357e-01,5.529091033281570144e-01,3.057084765431465900e-01
1.559999999999996945e-01,4.798601204480000604e+00,3.049536373285244850e-01,9.299672091989724665e-02,3.255933040834148584e-01,1.060109996639550523e-01,8.204455171257407642e-01,6.731308465717241729e-01,4.456012550290249785e-01,1.985604784834421599e-01,6.033480574509750838e-01,3.640288784298651437e-01,5.626381228450515470e-01,3.165616572786033034e-01
1.600000000000001421e-01,4.787276799999999000e+00,3.044438165235481830e-01,9.268603741942386953e-02,3.295832836736423688e-01,1.086251408771006233e-01,8.179267792242261859e-01,6.690042161721160285e-01,4.538622807993420993e-01,2.059909699323808630e-01,5.949190090375827689e-01,3.539286273142595030e-01,5.721450874902234141e-01,3.273500011391953790e-01
1.639999999999997016e-01,4.775656974080000339e+00,3.039555809644284290e-01,9.238899519942320171e-02,3.335907662972030230e-01,1.112827993587551245e-01,8.153595123141197387e-01,6.648111343211191571e-01,4.620576127278653300e-01,2.134972374797739769e-01,5.863334553780681357e-01,3.437869208955849909e-01,5.814260378647836403e-01,3.380562375071408110e-01
1.680000000000001492e-01,4.763742970879999206e+00,3.034887830129866515e-01,9.210544141470369817e-02,3.376158407327668476e-01,1.139844559136929947e-01,8.127435655503120193e-01,6.605521033434342826e-01,4.701858927865463778e-01,2.210747737754816811e-01,5.775934370958135666e-01,3.336141785761555512e-01,5.904770915490126226e-01,3.486631956441810232e-01
1.719999999999997087e-01,4.751536065280000720e+00,3.030432740411183601e-01,9.183522594156036389e-02,3.416585905217043861e-01,1.167305924772776698e-01,8.100787852707286296e-01,6.562276383456993045e-01,4.782457621824004468e-01,2.287190090454251368e-01,5.687010365119772315e-01,3.234208689297972672e-01,5.992944446513787105e-01,3.591538313900043966e-01
1.760000000000001563e-01,4.739037562880000110e+00,3.026189044214535606e-01,9.157820131324084789e-02,3.457190938525754875e-01,1.195216918542458956e-01,8.073650151682238985e-01,6.518382677175863504e-01,4.862358614223981634e-01,2.364253129331815861e-01,5.596583775419690099e-01,3.132174995529091177e-01,6.078743733473248589e-01,3.695112537724029034e-01
1.799999999999997158e-01,4.726248800000001360e+00,3.022155235172041543e-01,9.133422265477778024e-02,3.497974234452169151e-01,1.223582374489123881e-01,8.046020964659812424e-01,6.473845336374521864e-01,4.941548303862033364e-01,2.441889963940173935e-01,5.504676255853874212e-01,3.030146068176142737e-01,6.162132354073701634e-01,3.797187514912189754e-01
1.840000000000001634e-01,4.713171143679999453e+00,3.018329796712172497e-01,9.110314761720544885e-02,3.538936464344539790e-01,1.252407129866743296e-01,8.017898680963950753e-01,6.428669925820346132e-01,5.020013084068846165e-01,2.520053136422240603e-01,5.411309874090582950e-01,2.928227455343024310e-01,6.243074717140575380e-01,3.897598192379987392e-01
1.879999999999997229e-01,4.699805991680000794e+00,3.014711201942605889e-01,9.088483631118231265e-02,3.580078242534621702e-01,1.281696022266978485e-01,7.989281668834126160e-01,6.382862158396900298e-01,5.097739343597268435e-01,2.598694641525950977e-01,5.316507110228126942e-01,2.826524785310622900e-01,6.321536077672585963e-01,3.996181838131610542e-01
1.920000000000001705e-01,4.686154772480000119e+00,3.011297913525595726e-01,9.067915124003605998e-02,3.621400125168049433e-01,1.311453886656716306e-01,7.960168277283034000e-01,6.336427900266314861e-01,5.174713467592629845e-01,2.677765947168453953e-01,5.220290855476414915e-01,2.725143661577067999e-01,6.397482551773345794e-01,4.092778300024439986e-01
1.959999999999997300e-01,4.672218945280000924e+00,3.008088383546098643e-01,9.048595723224980847e-02,3.662902609031771228e-01,1.341685552325175557e-01,7.930556837988314012e-01,6.289373176056320958e-01,5.250921838646459561e-01,2.757218015557431623e-01,5.122684410758541196e-01,2.624189557222858515e-01,6.470881131456268642e-01,4.187230261743675741e-01
2.000000000000001776e-01,4.657999999999999474e+00,3.005081053372880007e-01,9.030512137340658552e-02,3.704586130378839659e-01,1.372395839739526391e-01,7.900445667218014556e-01,6.241704174066390332e-01,5.326350837934721305e-01,2.837001324876790576e-01,5.023711485228726792e-01,2.523767708681902144e-01,6.541699699317429229e-01,4.279383495604974219e-01
2.039999999999997371e-01,4.643499457280000797e+00,3.002274353512852656e-01,9.013651293761017202e-02,3.746451063750859678e-01,1.403589557307994840e-01,7.869833067789454573e-01,6.193427251487237939e-01,5.400986846441693245e-01,2.917065891543618728e-01,4.923396194702807094e-01,2.423983009001408062e-01,6.609907043070777366e-01,4.369087111803666712e-01
2.080000000000001847e-01,4.628718868480000026e+00,2.999666703458853112e-01,8.998000331839703381e-02,3.788497720798447155e-01,1.435271498049502936e-01,7.838717331061200166e-01,6.144548939627922923e-01,5.474816246270548525e-01,2.997361293042793973e-01,4.821763059997558609e-01,2.324939900675702109e-01,6.675472869939986786e-01,4.456193803730480463e-01
2.119999999999997442e-01,4.613659815680001053e+00,2.997256511531131151e-01,8.983546595915765931e-02,3.830726349100010419e-01,1.467446436168909352e-01,7.807096738957791660e-01,6.095075949144538319e-01,5.547825422041645638e-01,3.077836691345156583e-01,4.718837005174991717e-01,2.226742268140888548e-01,6.738367820901006722e-01,4.540560088975418296e-01
2.160000000000001918e-01,4.598323911680000542e+00,2.995042174712761462e-01,8.970277628308147289e-02,3.873137130979243392e-01,1.500119123537012600e-01,7.774969566026899148e-01,6.045015175264450979e-01,5.620000762379530057e-01,3.158440856914649930e-01,4.614643355687829129e-01,2.129493330019382735e-01,6.798563484769264420e-01,4.622046545643800353e-01
2.199999999999997513e-01,4.582712800000001252e+00,2.993022078479250503e-01,8.958181162264253206e-02,3.915730182321675579e-01,1.533294286074494139e-01,7.742334081528504663e-01,5.994373702999783449e-01,5.691328661489569729e-01,3.239122193309265652e-01,4.509207836422317039e-01,2.033295531205243367e-01,6.856032412125218078e-01,4.700518043611153773e-01
2.240000000000001990e-01,4.566828154879998714e+00,2.991194596622567814e-01,8.947245114864045556e-02,3.958505551390683608e-01,1.566976620039086110e-01,7.709188551555755664e-01,5.943158812343832809e-01,5.761795520825122585e-01,3.319828762380044318e-01,4.402556569634499817e-01,1.938250434883189433e-01,6.910748129071875301e-01,4.775843970347042333e-01
2.279999999999997584e-01,4.550671681280000769e+00,2.989558091069870471e-01,8.937457579881327718e-02,4.001463217643363435e-01,1.601170788215277863e-01,7.675531241187087961e-01,5.891377983443899513e-01,5.831387750846083184e-01,3.400508310071774232e-01,4.294716072776109672e-01,1.844458614576145183e-01,6.962685150817645718e-01,4.847898450941653947e-01
2.320000000000002061e-01,4.534245114879999150e+00,2.988110911697148819e-01,8.928806820603565897e-02,4.044603090546675106e-01,1.635881416005971478e-01,7.641360416669168432e-01,5.839038901743840437e-01,5.900091772869617834e-01,3.481108292828374862e-01,4.185713256206189947e-01,1.752019546318022425e-01,7.011818995077779837e-01,4.916560561973356558e-01
2.359999999999997655e-01,4.517550222080001454e+00,2.986851396138082704e-01,8.921281262612014429e-02,4.087925008394301396e-01,1.671113087425555033e-01,7.606674347630280053e-01,5.786149463089654832e-01,5.967894021013814276e-01,3.561575904605243093e-01,4.075575420784574021e-01,1.661031501050335701e-01,7.058126195287451887e-01,4.981714538860292363e-01
2.400000000000002132e-01,4.500588799999999168e+00,2.985777869588344124e-01,8.914869486523510633e-02,4.131428737124663852e-01,1.706870340993949520e-01,7.571471309323637433e-01,5.732717778791099894e-01,6.034780944234985345e-01,3.641858104490169890e-01,3.964330255343344600e-01,1.571591437343062836e-01,7.101584313619403455e-01,5.043249976344517105e-01
2.439999999999997726e-01,4.483362676480000530e+00,2.984888644605616093e-01,8.909560220695551813e-02,4.175113969140556991e-01,1.743157665531261669e-01,7.535749584900199860e-01,5.678752180632353763e-01,6.100739008459260537e-01,3.721901644933648390e-01,3.852005834032393716e-01,1.483794894541959619e-01,7.142171953798871487e-01,5.101062021763118626e-01
2.480000000000002203e-01,4.465873710079999448e+00,2.984182020905600252e-01,8.905342333896232310e-02,4.218980322130886362e-01,1.779979495852763716e-01,7.499507467710481157e-01,5.624261225824527255e-01,6.165754698809053913e-01,3.801653100588592848e-01,3.738630613535225411e-01,1.397735886446277720e-01,7.179868773708392160e-01,5.155051560767285324e-01
2.519999999999997797e-01,4.448123790080001250e+00,2.983656285154268062e-01,8.902204827940567167e-02,4.263027337895012314e-01,1.817340208364023602e-01,7.462743263634817881e-01,5.569253701892685759e-01,6.229814521924985637e-01,3.881058897758743464e-01,3.624233430151133639e-01,1.313506795622505219e-01,7.214655497774906667e-01,5.205125395157368384e-01
2.560000000000002274e-01,4.430114836479998708e+00,2.983309710756640865e-01,8.900136830294871904e-02,4.307254481170188498e-01,1.855244116556067080e-01,7.425455293441618476e-01,5.513738631490014974e-01,6.292905008383735677e-01,3.960065344454110625e-01,3.508843496739927903e-01,1.231198268461408396e-01,7.246513929131421783e-01,5.251196412509571143e-01
2.599999999999997868e-01,4.411848800000001347e+00,2.983140557642359747e-01,8.899127586650769361e-02,4.351661138462643574e-01,1.893695466400599214e-01,7.387641895172978312e-01,5.457725277131499908e-01,6.355012715212262631e-01,4.038618661050953351e-01,3.392490399525362466e-01,1.150899111087175380e-01,7.275426961545381488e-01,5.293183747278146223e-01
2.640000000000002345e-01,4.393327662079999030e+00,2.983147072048336068e-01,8.899166453470559734e-02,4.396246616882840130e-01,1.932698431645381854e-01,7.349301426557132144e-01,5.401223145839469941e-01,6.416124228498774063e-01,4.116665011552899101e-01,3.275204094753491613e-01,1.072696186229003812e-01,7.301378591105679439e-01,5.331012933065635284e-01
2.679999999999997939e-01,4.374553434880001035e+00,2.983327486298744113e-01,8.900242890505583038e-02,4.441010142985465925e-01,1.972257109009978859e-01,7.310432267447132260e-01,5.344241993693221726e-01,6.476226166100793602e-01,4.194150535448858408e-01,3.157014905202154553e-01,9.966743111668568966e-02,7.324353927660173236e-01,5.364616045763100916e-01
2.720000000000002416e-01,4.355528161279998756e+00,2.983680018582656190e-01,8.902346453289398942e-02,4.485950861614744212e-01,2.012375513282206596e-01,7.271032822285110608e-01,5.286791830274738535e-01,6.535305180450542428e-01,4.271021380162369763e-01,3.037953516537863496e-01,9.229161568644771163e-02,7.344339205995371600e-01,5.393931837272072372e-01
2.759999999999998010e-01,4.336253914880001226e+00,2.984202872729594946e-01,8.905466785607567270e-02,4.531067834755636015e-01,2.053057572315712676e-01,7.231101522591537600e-01,5.228882923002565741e-01,6.593347961457888262e-01,4.347223734086089197e-01,2.918050973516370661e-01,8.515021484039839161e-02,7.361321796749875634e-01,5.418905859530481761e-01
2.800000000000002487e-01,4.316732799999998704e+00,2.984894237983288789e-01,8.909593611945838820e-02,4.576360040391554418e-01,2.094307121929258886e-01,7.190636829478740388e-01,5.170525801345606798e-01,6.650341239510971780e-01,4.422703860194032721e-01,2.797338676023251591e-01,7.825103668375518740e-02,7.375290217052967723e-01,5.439490578575720825e-01
2.839999999999998082e-01,4.296966951680000868e+00,2.985752288773929064e-01,8.914716729918756299e-02,4.621826371369207598e-01,2.136127900708385541e-01,7.149637236188045586e-01,5.111731260908664032e-01,6.706271788574594828e-01,4.497408130223149447e-01,2.675848374950876019e-01,7.160164525727244489e-02,7.386234140879667232e-01,5.455645478389639091e-01
2.880000000000002558e-01,4.276958535679999507e+00,2.986775184489214863e-01,8.920826002680583289e-02,4.667465634271206198e-01,2.178523544710271320e-01,7.108101270649817005e-01,5.052510367381354284e-01,6.761126429386398184e-01,4.571283059414726346e-01,2.553612167908173580e-01,6.520935104088682044e-02,7.394144409113440064e-01,5.467337154282354561e-01
2.919999999999998153e-01,4.256709748480000499e+00,2.987961069244481904e-01,8.927911351320627631e-02,4.713276548297091750e-01,2.221497582072734789e-01,7.066027498065633461e-01,4.992874460341967802e-01,6.814892032750762274e-01,4.644275341804981472e-01,2.430662494759688042e-01,5.908120163431390681e-02,7.399013039307608119e-01,5.474539395584401280e-01
2.960000000000002629e-01,4.236222817279998054e+00,2.989308071652209686e-01,8.935962747245052018e-02,4.759257744153457259e-01,2.265053427528465613e-01,7.023414523511863905e-01,4.932835156907738328e-01,6.867555522930307577e-01,4.716331886053057310e-01,2.307032132990415041e-01,5.322397262650303829e-02,7.400833235136430321e-01,5.477233257429996449e-01
2.999999999999998224e-01,4.215500000000001357e+00,2.990814304591222217e-01,8.944970204547475490e-02,4.805407762953838313e-01,2.309194376825701167e-01,6.980260994563827204e-01,4.872404355222919037e-01,6.919103881134824885e-01,4.787399851793499583e-01,2.182754192893034406e-01,4.764415866592121990e-02,7.399599395526713641e-01,5.475407121427930957e-01
3.040000000000002700e-01,4.194543585279998155e+00,2.992477864975865987e-01,8.954923772370516899e-02,4.851725055129080255e-01,2.353923601056727710e-01,6.936565603939746083e-01,4.811594237775997374e-01,6.969524149107363398e-01,4.857426686499071722e-01,2.057862112574175284e-01,4.234796474368247854e-02,7.395307123460695964e-01,5.469056745030851374e-01
3.079999999999998295e-01,4.173355892480001827e+00,2.994296833525477153e-01,8.965813527260699245e-02,4.898207979348894736e-01,2.399244140895718247e-01,6.892327092163630375e-01,4.750417274537276358e-01,7.018803432807142473e-01,4.926360162838532841e-01,1.932389652776436428e-01,3.734129770157436357e-02,7.387953234440878258e-01,5.458185299428542914e-01
3.120000000000002771e-01,4.151939271679998988e+00,2.996269274534453242e-01,8.977629565519218424e-02,4.944854801455334514e-01,2.445158900747587682e-01,6.847544250246229147e-01,4.688886225908019401e-01,7.066928906188919557e-01,4.994148416512851907e-01,1.806370891512952548e-01,3.262975797705298941e-02,7.377535764607391355e-01,5.442803395806116162e-01
3.159999999999998366e-01,4.130296103680000108e+00,2.998393235643227461e-01,8.990361995551063301e-02,4.991663693408941449e-01,2.491670642809699354e-01,6.802215922383142432e-01,4.627014145472274631e-01,7.113887815078293597e-01,5.060739984551941850e-01,1.679840218511381156e-01,2.821863159728364712e-02,7.364053978498398267e-01,5.422929099823808885e-01
3.200000000000002842e-01,4.108428799999998660e+00,3.000666747610461482e-01,9.004000930215144693e-02,5.038632732248315982e-01,2.538781981048413017e-01,6.756341008669192183e-01,4.564814382542503601e-01,7.159667481142424350e-01,5.126083844052831129e-01,1.552832329464264027e-01,2.411288243429412712e-02,7.347508376443987466e-01,5.398587934191455551e-01
3.239999999999998437e-01,4.086339802879999539e+00,3.003087824086775326e-01,9.018536479178242138e-02,5.085759899063887479e-01,2.586495375092632276e-01,6.709918467828074329e-01,4.502300584490025459e-01,7.204255305955543642e-01,5.190129451338860722e-01,1.425382220082797302e-01,2.031714473328163906e-02,7.327900701583917042e-01,5.369812869227406082e-01
3.280000000000002913e-01,4.064031585279997749e+00,3.005654461390325216e-01,9.033958741275566195e-02,5.133043077986693126e-01,2.634813124046710420e-01,6.662947319956314951e-01,4.439486698851303759e-01,7.247638775158528057e-01,5.252826781518140642e-01,1.297525179951156127e-01,1.683571592607279940e-02,7.305233946499537501e-01,5.336644301308920424e-01
3.319999999999998508e-01,4.041506650880000606e+00,3.008364638284547476e-01,9.050257796880915862e-02,5.180480055192929756e-01,2.683737360225174062e-01,6.615426649280536919e-01,4.376386975201111418e-01,7.289805462711786976e-01,5.314126368418261581e-01,1.169296786178591480e-01,1.367254974167582751e-02,7.279512359450194259e-01,5.299130019138813541e-01
3.360000000000002984e-01,4.018767534079998427e+00,3.011216315758389328e-01,9.067423700289527211e-02,5.228068517925149594e-01,2.733270042812007139e-01,6.567355606926972289e-01,4.313015966783513844e-01,7.330743035240594452e-01,5.373979344872847896e-01,1.040732896846640332e-01,1.083124962578799720e-02,7.250741450204319927e-01,5.257325157771104429e-01
3.399999999999998579e-01,3.995816800000000502e+00,3.014207436809354101e-01,9.085446472116816274e-02,5.275806053530881501e-01,2.783412951447309380e-01,6.518733413702179069e-01,4.249388531891726273e-01,7.370439256471902345e-01,5.432337483334208628e-01,9.118696442488802290e-02,8.315062481025793650e-03,7.218927995455468594e-01,5.211292140357071112e-01
3.440000000000003055e-01,3.972657044479998234e+00,3.017335926229671728e-01,9.104316091716270487e-02,5.323690148519566456e-01,2.834167679744428181e-01,6.469559362883843256e-01,4.185519834987799781e-01,7.408881991761636643e-01,5.489153236784987122e-01,7.827434279207799717e-02,6.126872739531732948e-03,7.184080043813453331e-01,5.161100607591870837e-01
3.479999999999998650e-01,3.949290894080000669e+00,3.020599690395937564e-01,9.124022489620034482e-02,5.371718187638632180e-01,2.885535628740766856e-01,6.419832823020547030e-01,4.121425347553196450e-01,7.446059212711370057e-01,5.544379779920386442e-01,6.533909074573110431e-02,4.269196779478883624e-03,7.146206920360792525e-01,5.106827334861248069e-01
3.520000000000003126e-01,3.925721006079997633e+00,3.023996617062525427e-01,9.144555540005598615e-02,5.419887452969606167e-01,2.937518000285736508e-01,6.369553240739345146e-01,4.057120848661309176e-01,7.481959001873169646e-01,5.597971050571095564e-01,5.238489951161042629e-02,2.744177696841522407e-03,7.105319230764663985e-01,5.048556137107416131e-01
3.559999999999998721e-01,3.901950068480000589e+00,3.027524575159119546e-01,9.165905053192406615e-02,5.468195123045143102e-01,2.990115790369468618e-01,6.318720143559982683e-01,3.992622425263068764e-01,7.516569557541344926e-01,5.649881791335729098e-01,3.941548482040589663e-02,1.553580443627647573e-03,7.061428864934528038e-01,4.986377761453053559e-01
3.600000000000003197e-01,3.877980799999997785e+00,3.031181414592690193e-01,9.188060768172141846e-02,5.516638271987847064e-01,3.043329782396105854e-01,6.267333142714482941e-01,3.927946472176739867e-01,7.549879198629743104e-01,5.700067591390208799e-01,2.643458612454483922e-02,6.987873435759785158e-04,7.014549000215666297e-01,4.920389767642660561e-01
3.639999999999998792e-01,3.853815950080000441e+00,3.034964966054246593e-01,9.211012345176654292e-02,5.565213868671833319e-01,3.097160540405731188e-01,6.215391935970928650e-01,3.863109691773244925e-01,7.581876369633154811e-01,5.748484928440162900e-01,1.344596579296945642e-02,1.807939961057047310e-04,6.964694104108875017e-01,4.850696396380892450e-01
3.680000000000003268e-01,3.829458298879998335e+00,3.038873040830687988e-01,9.234749358287552834e-02,5.613918775907912329e-01,3.151608402249139185e-01,6.162896310460115323e-01,3.798129093348290297e-01,7.612549645671257137e-01,5.795091210780958235e-01,4.534082837125130976e-04,2.055790717391267568e-07,6.911879936506568622e-01,4.777408425668204783e-01
3.719999999999998863e-01,3.804910657280000219e+00,3.042903430622100336e-01,9.259261288091746867e-02,5.662749749653361864e-01,3.206673472719921425e-01,6.109846145503761150e-01,3.733021992172716463e-01,7.641887737613515252e-01,5.839844819428781086e-01,-1.253928070588267510e-02,1.572335606209215159e-04,6.856123551435686636e-01,4.700643015255109303e-01
3.760000000000003340e-01,3.780175866879997848e+00,3.047053907364826730e-01,9.284537514387257440e-02,5.711703438247204279e-01,3.262355616648493495e-01,6.056241415442982223e-01,3.667806008212681768e-01,7.669879497283300651e-01,5.882705150284673890e-01,-2.552827511143739708e-02,6.516928301652340216e-04,6.797443298297740633e-01,4.620523539357286880e-01
3.799999999999998934e-01,3.755256800000001505e+00,3.051322223060643490e-01,9.310567308943747122e-02,5.760776381671962598e-01,3.318654451962950724e-01,6.002082192465624244e-01,3.602499064511295312e-01,7.696513922739424141e-01,5.923632656292180387e-01,-3.850972939643171333e-02,1.482999258186396777e-03,6.735858822596509921e-01,4.537179407795123853e-01
3.840000000000003411e-01,3.730156359679998257e+00,3.055706109612386090e-01,9.337339828322463453e-02,5.809965010842840227e-01,3.375569342721804200e-01,5.947368649431064025e-01,3.537119385223547741e-01,7.721780163633213956e-01,5.962588889547938420e-01,-5.147977946982562614e-02,2.650167694261879904e-03,6.671391066143931292e-01,4.450745875742506130e-01
3.879999999999999005e-01,3.704877479680000807e+00,3.060203278666348559e-01,9.364844106760270015e-02,5.859265646925305715e-01,3.433099392123902249e-01,5.892101062691067481e-01,3.471685493296520764e-01,7.745667526639105072e-01,5.999536543323155113e-01,-6.443454362649911338e-02,4.151810412355217382e-03,6.604062266734820330e-01,4.361363842291065551e-01
3.920000000000003482e-01,3.679423124479997753e+00,3.064811421461807739e-01,9.393069049122745873e-02,5.908674500682075115e-01,3.491243435501056869e-01,5.836279814905216412e-01,3.406216207787006733e-01,7.768165480956710223e-01,6.034439493952740152e-01,-7.737012351058593362e-02,5.986136012043322477e-03,6.533895957281198319e-01,4.269179638057558623e-01
3.959999999999999076e-01,3.653796289280000664e+00,3.069528208687993809e-01,9.422003423931324395e-02,5.958187671850457834e-01,3.550000033299077762e-01,5.779905397849456339e-01,3.340730640808928231e-01,7.789263663882174393e-01,6.067262842547515023e-01,-9.028260510175908915e-02,8.150948783960176164e-03,6.460916964397083184e-01,4.174344802083401751e-01
4.000000000000003553e-01,3.627999999999997893e+00,3.074351290348854016e-01,9.451635856469663144e-02,6.007801148551071835e-01,3.609367464053157559e-01,5.722978415216204429e-01,3.275248194103058119e-01,7.808951886446551249e-01,6.097972956483714846e-01,-1.031680597245080017e-01,1.064364854731965002e-02,6.385151406424780518e-01,4.077015848296835498e-01
4.039999999999999147e-01,3.602037313280000319e+00,3.079278295635946572e-01,9.481954821974619696e-02,6.057510806728957364e-01,3.669343717363810486e-01,5.665499585404509819e-01,3.209788555221867457e-01,7.827220139118842290e-01,6.126537510622759308e-01,-1.160225450804293901e-01,1.346123096694027028e-02,6.306626690893786247e-01,3.977354021829390684e-01
4.080000000000003624e-01,3.575911316479998270e+00,3.084306832809795007e-01,9.512948638917188837e-02,6.107312409628060657e-01,3.729926486879691083e-01,5.607469744298669845e-01,3.144371693322499106e-01,7.844058597571246239e-01,6.152925528213138984e-01,-1.288421063035352365e-01,1.660028835673147546e-02,6.225371511403640090e-01,3.875525045499604304e-01
4.119999999999999218e-01,3.549625127680000602e+00,3.089434489090039926e-01,9.544605462379035510e-02,6.157201607300122337e-01,3.791113163293921007e-01,5.548889848033692340e-01,3.079017854561137413e-01,7.859457628504084026e-01,6.177107421425104272e-01,-1.416227770385624363e-01,2.005701097611436654e-02,6.141415843922195528e-01,3.771698856797857102e-01
4.160000000000003695e-01,3.523181895679997400e+00,3.094658830554734563e-01,9.576913277530396673e-02,6.207173936149001925e-01,3.852900827360749569e-01,5.489760975745995308e-01,3.013747557082362416e-01,7.873407795527725961e-01,6.199055031467676224e-01,-1.543605805422492705e-01,2.382718882534022239e-02,6.054790942490954064e-01,3.666049335727049607e-01
4.199999999999999289e-01,3.496584800000000826e+00,3.099977402049093889e-01,9.609859893215048909e-02,6.257224818511455400e-01,3.915286242939571837e-01,5.430084332307657524e-01,2.948581585597309651e-01,7.885899865098817685e-01,6.218741668236554831e-01,-1.670515308075233019e-01,2.790621394513690540e-02,5.965529334329323641e-01,3.558754023874366457e-01
4.240000000000003766e-01,3.469837050879997165e+00,3.105387727104063633e-01,9.643432935648542370e-02,6.307349562275396115e-01,3.978265850073562926e-01,5.369861251042546968e-01,2.883540985544822965e-01,7.896924812507933877e-01,6.236142149440346838e-01,-1.796916337105262940e-01,3.228908322555795046e-02,5.873664814329873085e-01,3.449993835109678164e-01
4.279999999999999361e-01,3.442941889280000112e+00,3.110887307865012330e-01,9.677619842235624104e-02,6.357543360536672683e-01,4.041835758110393084e-01,5.309093196422608463e-01,2.818647056830083097e-01,7.906473827915783126e-01,6.251232839151725784e-01,-1.922768881803801067e-01,3.697040172833039595e-02,5.779232438936824368e-01,3.339952758325967497e-01
4.320000000000003837e-01,3.415902586879997482e+00,3.116473625030899419e-01,9.712407855513234545e-02,6.407801291295399659e-01,4.105991738872699082e-01,5.247781766742555254e-01,2.753921347135561692e-01,7.914538322434884199e-01,6.263991685729038972e-01,-2.048032873915767438e-01,4.194438652639678050e-02,5.682268519400336393e-01,3.228817552656809142e-01
4.359999999999999432e-01,3.388722446080000505e+00,3.122144137804228059e-01,9.747784017225306907e-02,6.458118317192889091e-01,4.170729219886231132e-01,5.185928696771214819e-01,2.689385644799519026e-01,7.921109934253643958e-01,6.274398259053176607e-01,-2.172668199788548027e-01,4.720487106372409786e-02,5.582810614399315030e-01,3.116777435624965564e-01
4.400000000000003908e-01,3.361404799999997195e+00,3.127896283852134585e-01,9.783735162535993346e-02,6.508489285290205428e-01,4.236043277673741114e-01,5.123535860377721463e-01,2.625061971257647842e-01,7.926180534799573962e-01,6.282433787023565808e-01,-2.296634712744012596e-01,5.274531003780773275e-02,5.480897522025768298e-01,3.004023764694820908e-01
4.439999999999999503e-01,3.333953012480000311e+00,3.133727479278911043e-01,9.820247914387757182e-02,6.558908926889401858e-01,4.301928631122948765e-01,5.060605273130738269e-01,2.560972573043863165e-01,7.929742234938396139e-01,6.288081191256579272e-01,-2.419892245671979303e-01,5.855878480663374852e-02,5.376569271124016502e-01,2.890749712719503650e-01
4.480000000000003979e-01,3.306370478079997621e+00,3.139635118610319964e-01,9.857308678011238168e-02,6.609371857398455008e-01,4.368379634937070155e-01,4.997139094868874309e-01,2.497139913346691220e-01,7.931787391205580295e-01,6.291325121928782460e-01,-2.542400623843066310e-01,6.463800932117612363e-02,5.269867111978318031e-01,2.777149937791069667e-01
4.519999999999999574e-01,3.278660622080000309e+00,3.145616574789978359e-01,9.894903635593435554e-02,6.659872576240957187e-01,4.435390273176636478e-01,4.933139632240404193e-01,2.433586663118099125e-01,7.932308612066857334e-01,6.292151991707003456e-01,-2.664119677938657227e-01,7.097533658379974464e-02,5.160833506342805688e-01,2.663420248019057746e-01
4.560000000000004050e-01,3.250826900479997228e+00,3.151669199188178450e-01,9.933018741111454553e-02,6.710405466811576458e-01,4.502954152901469387e-01,4.868609341210430874e-01,2.370335691732146643e-01,7.931298764204092189e-01,6.290550008706535801e-01,-2.785009257295481544e-01,7.756276563221529974e-02,5.049512116807912676e-01,2.549757261778992645e-01
4.599999999999999645e-01,3.222872800000000204e+00,3.157790321623411556e-01,9.971639715338488641e-02,6.760964796478345917e-01,4.571064497921948355e-01,4.803550829533555500e-01,2.307410057191250918e-01,7.928750978822857176e-01,6.286509208418441519e-01,-2.905029243362058922e-01,8.439194904788736851e-02,4.935947795497838131e-01,2.436358063987996703e-01
4.640000000000004121e-01,3.194801838079996958e+00,3.163977250396951546e-01,1.001075204102945398e-01,6.811544716632772500e-01,4.639714142668783792e-01,4.737966859190134716e-01,2.244832995878403015e-01,7.924658657977916576e-01,6.280021484546435273e-01,-3.024139563364023342e-01,9.145420098703545275e-02,4.820186572093885791e-01,2.323419858979420549e-01
4.679999999999999716e-01,3.166617562879999959e+00,3.170227272340768732e-01,1.005034095829319130e-01,6.862139262788818916e-01,4.708895526190787773e-01,4.671860348784159789e-01,2.182627911854164993e-01,7.919015480912754423e-01,6.271080618693586350e-01,-3.142300204175126344e-01,9.874050573159040556e-02,4.702275641178907395e-01,2.211139620562450336e-01
4.720000000000004192e-01,3.138323553279996680e+00,3.176537652879105611e-01,1.009039146015869720e-01,6.912742354731764571e-01,4.778600686290246369e-01,4.605234375900792432e-01,2.120818365697836050e-01,7.911815410409215321e-01,6.259682308838874221e-01,-3.259471226390431298e-01,1.062415267566714228e-01,4.582263348898442112e-01,2.099713739865796680e-01
4.759999999999999787e-01,3.109923418880000234e+00,3.182905636104007563e-01,1.013088828834265709e-01,6.963347796717932470e-01,4.848821253805648546e-01,4.538092179421558403e-01,2.059428062892710853e-01,7.903052699143192639e-01,6.245824196543450224e-01,-3.375612778598002794e-01,1.139476163103412959e-01,4.460199178934519670e-01,1.989337671576816291e-01
4.800000000000004263e-01,3.081420799999996962e+00,3.189328444865091039e-01,1.017181592922558053e-01,7.013949277726325704e-01,4.919548447051764750e-01,4.470437161795189906e-01,1.998480841755943260e-01,7.892721896042235175e-01,6.229505892826453506e-01,-3.490685111845130972e-01,1.218488255005725496e-01,4.336133737788473441e-01,1.880205579198743759e-01
4.839999999999999858e-01,3.052819367679999729e+00,3.195803280873872332e-01,1.021315861004420678e-01,7.064540371763130544e-01,4.990773066427114935e-01,4.402272891262104526e-01,1.938000660914120932e-01,7.880817852640855659e-01,6.210729002650282604e-01,-3.604648594294884156e-01,1.299349148835208523e-01,4.210118739369566043e-01,1.772509979959078497e-01
4.880000000000004334e-01,3.024122823679997296e+00,3.202327324822911159e-01,1.025490029530746333e-01,7.115114538220066454e-01,5.062485489199054500e-01,4.333603104030451791e-01,1.878011586326236715e-01,7.867335729429263402e-01,6.189497147955428380e-01,-3.717463726068522822e-01,1.381953655463526442e-01,4.082206988886594723e-01,1.666441390011455803e-01
4.919999999999999929e-01,2.995334900479999618e+00,3.208897736520074928e-01,1.029702468344366045e-01,7.165665122287581124e-01,5.134675664476869850e-01,4.264431706401700106e-01,1.818537777856411575e-01,7.852271002191072435e-01,6.165815989185079449e-01,-3.829091154269075870e-01,1.466193906770168476e-01,3.952452366040115628e-01,1.562187970581610796e-01
4.960000000000004405e-01,2.966459361279996543e+00,3.215511655038190697e-01,1.033951520368644461e-01,7.216185355423829773e-01,5.207333108383334075e-01,4.194762776843681262e-01,1.759603475399331152e-01,7.835619468325599746e-01,6.139693245240315234e-01,-3.939491688181092077e-01,1.551959476124790960e-01,3.820909807513361289e-01,1.459935175715179057e-01
5.000000000000000000e-01,2.937500000000000000e+00,3.222166198880354604e-01,1.038235501320707299e-01,7.266668355880373520e-01,5.280446899435317087e-01,4.124600568009002544e-01,1.701232984562018602e-01,7.817377253150118444e-01,6.111138711806889390e-01,-4.048626314641352031e-01,1.639137503560641473e-01,3.687635288760389152e-01,1.359865402291091929e-01
5.040000000000004476e-01,2.908460641279996928e+00,3.228858466161177443e-01,1.042552699450071119e-01,7.317107129285548295e-01,5.354005674144139970e-01,4.053949508696765291e-01,1.643450661906274424e-01,7.797540816177510603e-01,6.080164277995423472e-01,-4.156456213575057124e-01,1.727612825536670171e-01,3.552685805090462501e-01,1.262157642969126692e-01
5.080000000000000071e-01,2.879345140479999010e+00,3.235585534804207852e-01,1.046901375303423143e-01,7.367494569286410222e-01,5.427997622846474357e-01,3.982814205755457193e-01,1.586280899756747353e-01,7.776106957364558037e-01,6.046783941237348081e-01,-4.262942773691750231e-01,1.817268109177071211e-01,3.416119352048170299e-01,1.166987142743801109e-01
5.120000000000004547e-01,2.850157383679996492e+00,3.242344462755799017e-01,1.051279761516319133e-01,7.417823458250153434e-01,5.502410485776626503e-01,3.911199445924938844e-01,1.529748110580354814e-01,7.753072823326133678e-01,6.011013820379826900e-01,-4.368047608334964527e-01,1.907983990868080404e-01,3.277994905089260391e-01,1.074525059779114916e-01
5.160000000000000142e-01,2.820901287679999481e+00,3.249132288215664244e-01,1.055686062632555794e-01,7.468086468025884050e-01,5.577231549391132859e-01,3.839110197615396847e-01,1.473876710943453072e-01,7.728435913510407484e-01,5.972872166923745008e-01,-4.471732571479347107e-01,1.999639219082929298e-01,3.138372398552703446e-01,9.849381311997448818e-02
5.200000000000004619e-01,2.791580799999996643e+00,3.255946029884351223e-01,1.060118454951966827e-01,7.518276160767604077e-01,5.652447642956646146e-01,3.766551612621142908e-01,1.418691105053893342e-01,7.702194086330178546e-01,5.932379374349957546e-01,-4.573959773868727097e-01,2.092110801296925837e-01,2.997312703929991273e-01,8.983883445140115886e-02
5.240000000000000213e-01,2.762199898879999616e+00,3.262782687227879230e-01,1.064575086407398147e-01,7.568384989819264552e-01,5.728045135412155320e-01,3.693529027767152306e-01,1.364215667895856410e-01,7.674345565245296319e-01,5.889557985480015079e-01,-4.674691599288356980e-01,2.185274154845713579e-01,2.854877607433246034e-01,8.150326153423775866e-02
5.280000000000004690e-01,2.732762593279996821e+00,3.269639240759755761e-01,1.069054076471603193e-01,7.618405300662681734e-01,5.804009932516525083e-01,3.620047966486204527e-01,1.310474727966090547e-01,7.644888944791181640e-01,5.844432697819043065e-01,-4.773890720964274470e-01,2.279003261570879957e-01,2.711129786864210356e-01,7.350224721222378688e-02
5.320000000000000284e-01,2.703272922879999651e+00,3.276512652340589082e-01,1.073553516094796212e-01,7.668329331929141235e-01,5.880327474292482703e-01,3.546114140324514441e-01,1.257492549620947142e-01,7.613823196548240579e-01,5.797030366829606374e-01,-4.871520118082499073e-01,2.373170826088252527e-01,2.566132787786796210e-01,6.585037484554434606e-02
5.360000000000004761e-01,2.673734958079997170e+00,3.283399865495507108e-01,1.078071467673591410e-01,7.718149216475442831e-01,5.956982732778048906e-01,3.471733450373723495e-01,1.205293315044383973e-01,7.581147675047085199e-01,5.747380007087182774e-01,-4.967543092420494966e-01,2.467648437505457482e-01,2.419950999006386660e-01,5.856162837592009118e-02
5.400000000000000355e-01,2.644152799999999637e+00,3.290297805749580196e-01,1.082605965052050173e-01,7.767856982525148668e-01,6.033960210096470655e-01,3.396911988627149270e-01,1.153901105847885411e-01,7.546862123604256567e-01,5.695512791269254915e-01,-5.061923285083095303e-01,2.562306734406643582e-01,2.272649627359699664e-01,5.164936328738181648e-02
5.440000000000004832e-01,2.614530580479996313e+00,3.297203380981439946e-01,1.087155013555543837e-01,7.817444554875737639e-01,6.111243936855631498e-01,3.321656039258161774e-01,1.103339884314021857e-01,7.510966680083200897e-01,5.641462046932006480e-01,-5.154624693334800556e-01,2.657015572913688506e-01,2.124294671819577096e-01,4.512627852721044774e-02
5.480000000000000426e-01,2.584872462079998989e+00,3.304113481795272200e-01,1.091716590058127712e-01,7.866903756172406448e-01,6.188817470887951755e-01,3.245972079818595368e-01,1.053633474296185729e-01,7.473461882575120896e-01,5.585263251030326836e-01,-5.245611687520157496e-01,2.751644197624807386e-01,1.974952896919676959e-01,3.900438945051424439e-02
5.520000000000004903e-01,2.555182638079996238e+00,3.311024981911355192e-01,1.096288643084109005e-01,7.916226308249115773e-01,6.266663896341542195e-01,3.169866782355099111e-01,1.004805541787826967e-01,7.434348674994354367e-01,5.526954022139031197e-01,-5.334849028063606280e-01,2.846061415223120616e-01,1.824691805504637387e-01,3.329500185075773278e-02
5.560000000000000497e-01,2.525465332479999603e+00,3.317934738575309961e-01,1.100869092944481015e-01,7.965403833537577638e-01,6.344765823133513560e-01,3.093347014441333864e-01,9.568795751753113310e-02,7.393628412582828879e-01,5.466574110335208347e-01,-5.422301882539998230e-01,2.940135770539680782e-01,1.673579610811901930e-01,2.800868713725317150e-02
5.600000000000004974e-01,2.495724799999996080e+00,3.324839592986208459e-01,1.105455831908869618e-01,8.014427856544773521e-01,6.423105386776085668e-01,3.016419840123951146e-01,9.098788651893402468e-02,7.351302867318091350e-01,5.404165384703919495e-01,-5.507935842806694904e-01,3.033735724847469450e-01,1.521685207892002345e-01,2.315525871917326409e-02
5.640000000000000568e-01,2.465965326079999631e+00,3.331736370743678677e-01,1.110046724413625979e-01,8.063289805399552757e-01,6.501664248586035422e-01,2.939092520780288709e-01,8.638264845706632167e-02,7.307374233219463555e-01,5.339771818431974237e-01,-5.591716942187949790e-01,3.126729836155175413e-01,1.369078144374741290e-01,1.874374965404584925e-02
5.680000000000005045e-01,2.436191226879996563e+00,3.338621882314146694e-01,1.114639607306685543e-01,8.111981013468885227e-01,6.580423596287968691e-01,2.861372515885747259e-01,8.187452674666330366e-02,7.261845131546712517e-01,5.273439471456868866e-01,-5.673611672701983633e-01,3.218986941262020340e-01,1.215828590589329988e-01,1.478239161694436601e-02
5.720000000000000639e-01,2.406406849279998816e+00,3.345492923516320549e-01,1.119232290129777707e-01,8.160492721044247943e-01,6.659364145021615666e-01,2.783267483688822708e-01,7.746577885759510507e-02,7.214718615885716835e-01,5.205216470640791071e-01,-5.753587002320991184e-01,3.310376339327704698e-01,1.062007309047196951e-01,1.127859524469668542e-02
5.760000000000005116e-01,2.376616570879996893e+00,3.352346276026032523e-01,1.123822555438560855e-01,8.208816077098636255e-01,6.738466138763304913e-01,2.704785281791792784e-01,7.315863420597508437e-02,7.165998177115485701e-01,5.135152987442246353e-01,-5.831610392254029662e-01,3.400767976704519580e-01,9.076856232968165406e-02,8.238931907397302815e-03
5.800000000000000711e-01,2.346824799999999822e+00,3.359178707900533634e-01,1.128408159161229801e-01,8.256942141114606004e-01,6.817709352171424930e-01,2.625933967635077915e-01,6.895529202379702127e-02,7.115687748250943967e-01,5.063301213060859007e-01,-5.907649814242530439e-01,3.490032632771980503e-01,7.529353861605653231e-02,5.669116957327596622e-03
5.840000000000005187e-01,2.317035975679996085e+00,3.365986974122321396e-01,1.132986830996114136e-01,8.304861884983762987e-01,6.897073092865606547e-01,2.546721798883321286e-01,6.485791920907499342e-02,7.063791709155823328e-01,4.989715331033854895e-01,-5.981673767857956792e-01,3.578042106508000364e-01,5.978289473642697111e-02,3.573994503066707691e-03
5.880000000000000782e-01,2.287254567679999795e+00,3.372767817162569126e-01,1.137556274848756099e-01,8.352566194978033876e-01,6.976536204148983122e-01,2.467157233711262942e-01,6.086864815853811062e-02,7.010314891120009717e-01,4.914451487265895646e-01,-6.053651297790901831e-01,3.664669403524546953e-01,4.424391205707731145e-02,1.957523754114391234e-03
5.920000000000005258e-01,2.257485076479996522e+00,3.379517967564223957e-01,1.142114169308942329e-01,8.400045873793052786e-01,7.056077068182768919e-01,2.387248930987513063e-01,5.698957458501023587e-02,6.955262581295713620e-01,4.837567757477231334e-01,-6.123552011120696470e-01,3.749788923290032772e-01,2.868391498295108297e-02,8.227669787491656474e-04
5.960000000000000853e-01,2.227732033279999246e+00,3.386234144544807423e-01,1.146658168168110392e-01,8.447291642663906641e-01,7.135673609621948632e-01,2.307005750354348406e-01,5.322275532168030399e-02,6.898640526986746790e-01,4.759124112058397693e-01,-6.191346094554397439e-01,3.833276646255399100e-01,1.311026754547562657e-02,1.718791151139515186e-04
6.000000000000005329e-01,2.197999999999995957e+00,3.392913056618961365e-01,1.151185900977542281e-01,8.494294143553489107e-01,7.215303299720710051e-01,2.226436752201705616e-01,4.957020611554478762e-02,6.840454939785304278e-01,4.679182378323317182e-01,-6.257004331623842175e-01,3.915010320595952442e-01,-2.469630065413178782e-03,6.099072659992702077e-06
6.040000000000000924e-01,2.168293569279999389e+00,3.399551402240741926e-01,1.155694973647699436e-01,8.541043941413628549e-01,7.294943160915845493e-01,2.145551197533577537e-01,4.603389941237768374e-02,6.780712499550543004e-01,4.597806200156097090e-01,-6.320498119829187633e-01,3.994869648276429541e-01,-1.804834502364555116e-02,3.257427580925511493e-04
6.080000000000005400e-01,2.138617364479995953e+00,3.406145870465682735e-01,1.160182969089042365e-01,8.587531526519143199e-01,7.374569771896020143e-01,2.064358547725047011e-01,4.261576213565464871e-02,6.719420358223348044e-01,4.515060995050638737e-01,-6.381799487717285668e-01,4.072736470142860887e-01,-3.361841544232387763e-02,1.130197856852680491e-03
6.120000000000000995e-01,2.108976039679999470e+00,3.412693141632605620e-01,1.164647447894622406e-01,8.633747316874880173e-01,7.454159273164419064e-01,1.982868464168242029e-01,3.931767346192922841e-02,6.656586143471623362e-01,4.431013908545842206e-01,-6.440881111882890142e-01,4.148494949740977322e-01,-4.917235400042491850e-02,2.417920397943104302e-03
6.159999999999996589e-01,2.079374279680002768e+00,3.419189888065155003e-01,1.169085949064700702e-01,8.679681660695821588e-01,7.533687373101937146e-01,1.901090807805544958e-01,3.614146259522739435e-02,6.592217962160525913e-01,4.345733766063187842e-01,-6.497716333880683148e-01,4.222031755557982269e-01,-6.470265161929526776e-02,4.186433126567892272e-03
6.200000000000001066e-01,2.049816799999999439e+00,3.425632774793020974e-01,1.173495990773613246e-01,8.725324838960210050e-01,7.613129354537601090e-01,1.819035638548411882e-01,3.308890654309228768e-02,6.526324403642028704e-01,4.259291022157348228e-01,-6.552279177035820190e-01,4.293236241381720442e-01,-8.020178118727004646e-02,6.432325705610743467e-03
6.239999999999996660e-01,2.020308346880002937e+00,3.432018460292795003e-01,1.177875071179052685e-01,8.770667068035656877e-01,7.692460081832518393e-01,1.736713214580232478e-01,3.016172789697604481e-02,6.458914542858296137e-01,4.171757707194639342e-01,-6.604544363140588681e-01,4.362000624469212218e-01,-9.566220133067747378e-02,9.151256763431071806e-03
6.280000000000001137e-01,1.990853697279999501e+00,3.438343597248383343e-01,1.182220669273895269e-01,8.815698502378110923e-01,7.771654008483166454e-01,1.654133991541693049e-01,2.736159261973653695e-02,6.389997943253301615e-01,4.083207371478142500e-01,-6.654487329024593167e-01,4.428220161214886375e-01,-1.110763602294249780e-01,1.233795780181698269e-02
6.319999999999996732e-01,1.961457658880002786e+00,3.444604833330898175e-01,1.186530245780658410e-01,8.860409237303532581e-01,7.850685185249376419e-01,1.571308621597162780e-01,2.469010784305575648e-02,6.319584659487270661e-01,3.993715026842684090e-01,-6.702084242985751894e-01,4.491793320007789747e-01,-1.264366994752963436e-01,1.598623897420640289e-02
6.360000000000001208e-01,1.932125070079999007e+00,3.450798811997918270e-01,1.190801244088624394e-01,8.904789311832048693e-01,7.929527268811829011e-01,1.488247952380675199e-01,2.214881967765272575e-02,6.247685239948467251e-01,3.903357085746993471e-01,-6.747312021069236110e-01,4.552621950966542208e-01,-1.417356579710227493e-01,2.008899674047874562e-02
6.399999999999996803e-01,1.902860800000002905e+00,3.456922173312012014e-01,1.195031091233624415e-01,8.948828711604306374e-01,8.008153530963358913e-01,1.404963025820147593e-01,1.973921103921704584e-02,6.174310729056986524e-01,3.812211297894821382e-01,-6.790148343181364732e-01,4.610611452240863106e-01,-1.569656758681249042e-01,2.463822340073724970e-02
6.440000000000001279e-01,1.873669748479998898e+00,3.462971554778380701e-01,1.199217198920419503e-01,8.992517371869720444e-01,8.086536868337870221e-01,1.321465076838513608e-01,1.746269949303818833e-02,6.099472669355230359e-01,3.720356684421142202e-01,-6.830571669025350401e-01,4.665670932569175866e-01,-1.721191985414591008e-01,2.962501850655421820e-02
6.479999999999996874e-01,1.844556846080002144e+00,3.468943592201468862e-01,1.203356964587563027e-01,9.035845180546213662e-01,8.164649812680023766e-01,1.237765531930536400e-01,1.532063512035283792e-02,6.023183103379781134e-01,3.627873469683969287e-01,-6.868561253845668624e-01,4.717713369782998156e-01,-1.871886805983339619e-01,3.503960214414508778e-02
6.520000000000001350e-01,1.815527054079999258e+00,3.474834920560385121e-01,1.207447772514589762e-01,9.078801981351003469e-01,8.242464541658290900e-01,1.153876007614112326e-01,1.331429840947482950e-02,5.945454575309550016e-01,3.534843010706926192e-01,-6.904097163967729545e-01,4.766655764950724627e-01,-2.021665899200031091e-01,4.087133007988270200e-02
6.559999999999996945e-01,1.786585364480002269e+00,3.480642174902937591e-01,1.211486994971305159e-01,9.121377577001935633e-01,8.319952890223369923e-01,1.069808308754950782e-01,1.144489817481128026e-02,5.866300132385035004e-01,3.441347724322068036e-01,-6.937160292119474159e-01,4.812419291855914993e-01,-2.170454117332737687e-01,4.710871075446633471e-02
6.600000000000001421e-01,1.757736799999998878e+00,3.486361991258088433e-01,1.215471993408906298e-01,9.163561732488822997e-01,8.397086362513356272e-01,9.855744267635835332e-02,9.713569506903663164e-03,5.785733326093708273e-01,3.347471012067136376e-01,-6.967732372521354689e-01,4.854929441508206711e-01,-2.318176527099113649e-01,5.373942410793307312e-02
6.639999999999997016e-01,1.728986414080001977e+00,3.491991007566609961e-01,1.219400119692606727e-01,9.205344178414119893e-01,8.473836144306272633e-01,9.011865376637297198e-02,8.121371756663409505e-03,5.703768213116574559e-01,3.253297182895903972e-01,-6.995795995731208805e-01,4.894116161388881725e-01,-2.464758450914580068e-01,6.075034221354840697e-02
6.680000000000001492e-01,1.700339290879999021e+00,3.497525864629701942e-01,1.223268717375374376e-01,9.246714614402312682e-01,8.550173116020131081e-01,8.166570000311099142e-02,6.669286556998122936e-03,5.620419356031074454e-01,3.158911373764875519e-01,-7.021334623230368610e-01,4.929913989137354458e-01,-2.610125508370217950e-01,6.812755169444888181e-02
6.719999999999997087e-01,1.671800545280002437e+00,3.502963207075312502e-01,1.227075123012335844e-01,9.287662712577217095e-01,8.626067866259718997e-01,7.319983528018862706e-02,5.358215885046747201e-03,5.535701823765573071e-01,3.064399468164148987e-01,-7.044332601737369748e-01,4.962262180389998001e-01,-2.754203657915393344e-01,7.585637789274532472e-02
6.760000000000001563e-01,1.643375322879998546e+00,3.508299684341907865e-01,1.230816667515352986e-01,9.328178121106427412e-01,8.701490705908864198e-01,6.472233129499831150e-02,4.188980168259517564e-03,5.449631191800829999e-01,2.969848012664853543e-01,-7.064775177235587122e-01,4.991104830488412025e-01,-2.896919238719495859e-01,8.392141075663143990e-02
6.799999999999997158e-01,1.615068800000002192e+00,3.513531951679370602e-01,1.234490677547184639e-01,9.368250467812005988e-01,8.776411682765986599e-01,5.623447730326151112e-02,3.162316437571034179e-03,5.362223542113894181e-01,2.875344131560047534e-01,-7.082648508701057111e-01,5.016390989780530330e-01,-3.038199012686683131e-01,9.230653240690335493e-02
6.840000000000001634e-01,1.586886183679998563e+00,3.518656671166753291e-01,1.238094476954629680e-01,9.407869363846509403e-01,8.850800596720173052e-01,4.773757986034434658e-02,2.278876530922754103e-03,5.273495462860050553e-01,2.780975439680553607e-01,-7.097939681516800547e-01,5.038074772245082489e-01,-3.177970206596913982e-01,1.009949463401763198e-01
6.879999999999997229e-01,1.558832711680002481e+00,3.523670512746534533e-01,1.241625388239942507e-01,9.447024407433313176e-01,8.924627015464073887e-01,3.923296254928577975e-02,1.539225350393660452e-03,5.183464047788519657e-01,2.686829953471614463e-01,-7.110636720559921908e-01,5.056115457177515760e-01,-3.316160554346069822e-01,1.099692082220083272e-01
6.920000000000001705e-01,1.530913652479998888e+00,3.528570155275038700e-01,1.245080734069771017e-01,9.485705187670223637e-01,8.997860290739378986e-01,3.072196569549726780e-02,9.438391761953109733e-04,5.092146895387786865e-01,2.592996000420747515e-01,-7.120728602947786756e-01,5.070477583683873357e-01,-3.452698339257409543e-01,1.192112582191087455e-01
6.959999999999997300e-01,1.503134305280001914e+00,3.533352287588671925e-01,1.248457838820810073e-01,9.523901288395181242e-01,9.070469575109538773e-01,2.220594606810152166e-02,4.931040407794333924e-04,4.999562107756521101e-01,2.499562126931482720e-01,-7.128205270429626150e-01,5.081131037738070289e-01,-3.587512436436131602e-01,1.287024548158390846e-01
7.000000000000001776e-01,1.475499999999998924e+00,3.538013609585566877e-01,1.251754030161269238e-01,9.561602292112910684e-01,9.142423839253887019e-01,1.368627656788716333e-02,1.873141662926972257e-04,4.905728289196255587e-01,2.406617004742042099e-01,-7.133057641409936700e-01,5.088051131567669083e-01,-3.720532355138325142e-01,1.384236100563113192e-01
7.039999999999997371e-01,1.448016097280002024e+00,3.542550833322257176e-01,1.254966640667221911e-01,9.598797783981226628e-01,9.213691889776290944e-01,5.164345901865555200e-03,2.667046859411555400e-05,4.810664544522074149e-01,2.314249335992177581e-01,-7.135277622590118218e-01,5.091218675143528438e-01,-3.851688281125119073e-01,1.483550261495657496e-01
7.080000000000001847e-01,1.420687988479998776e+00,3.546960684124952912e-01,1.258093009472815438e-01,9.635477355855682768e-01,9.284242387520762474e-01,-3.358441755574576634e-03,1.127913102558684425e-05,4.714390477087780362e-01,2.222547757045594818e-01,-7.134858120214861987e-01,5.090620039559595744e-01,-3.980911118972425000e-01,1.584765333715828506e-01
7.119999999999997442e-01,1.393521095680001931e+00,3.551239901714983160e-01,1.261130483953264436e-01,9.671630610391123151e-01,9.354043866385457484e-01,-1.188066711490922897e-02,1.411502510952855843e-04,4.616926186522132824e-01,2.131600741179380532e-01,-7.131793050909879250e-01,5.086247212100644122e-01,-4.108132534306201955e-01,1.687675291942509759e-01
7.160000000000001918e-01,1.366520871679999027e+00,3.555385241347945868e-01,1.264076421439479236e-01,9.707247165198745753e-01,9.423064752625908147e-01,-2.040089613710251507e-02,4.161965631968443289e-04,4.518292266172911908e-01,2.041496500255794710e-01,-7.126077352097665019e-01,5.078097842807927087e-01,-4.233284995932827255e-01,1.792070185678999727e-01
7.199999999999997513e-01,1.339692800000001682e+00,3.559393474966099369e-01,1.266928190963124423e-01,9.742316657057067397e-01,9.491273384637158861e-01,-2.891768041258590063e-02,8.362322404444542901e-04,4.418509800255777664e-01,1.952322885495635096e-01,-7.117706991978109965e-01,5.066175282365407151e-01,-4.356301817833726497e-01,1.897736552806142951e-01
7.240000000000001990e-01,1.313042394879998520e+00,3.563261392363490931e-01,1.269683175030820454e-01,9.776828746175233453e-01,9.558638033203838980e-01,-3.742955755355745207e-02,1.400971778655069663e-03,4.317600360705035056e-01,1.864167287476024837e-01,-7.106678979060886414e-01,5.050488611142588402e-01,-4.477117200993087076e-01,2.004457843142817552e-01
7.279999999999997584e-01,1.286575201280001579e+00,3.566985802363319413e-01,1.272338771426149429e-01,9.810773120507011447e-01,9.625126922206288516e-01,-4.593505159955488248e-02,2.110028965453769351e-03,4.215586003723613695e-01,1.777116535479042747e-01,-7.092991371236706533e-01,5.031052659243837599e-01,-4.595666275027157632e-01,2.112014851142199057e-01
7.320000000000002061e-01,1.260296794879998572e+00,3.570563534007000217e-01,1.274892395038055848e-01,9.844139500113683328e-01,9.690708249769848237e-01,-5.443267343624545729e-02,2.962915937416941807e-03,4.112489266029779600e-01,1.691256796321015665e-01,-7.076643284374671827e-01,5.007888017428514527e-01,-4.711885139583292803e-01,2.220186156862586635e-01
7.359999999999997655e-01,1.234212782080001736e+00,3.573991437754382439e-01,1.277341479714163841e-01,9.876917641574104456e-01,9.755350209843777209e-01,-6.292092122736510362e-02,3.959042328100284211e-03,4.008333160798261963e-01,1.606673472795498436e-01,-7.057634900433138458e-01,4.981021038781187626e-01,-4.825710905476657819e-01,2.328748574323634413e-01
7.400000000000002132e-01,1.208328799999998759e+00,3.577266386694555877e-01,1.279683480137472351e-01,9.909097342439988632e-01,9.819021014195125074e-01,-7.139828085972821370e-02,5.097714509724632012e-03,3.903141173293702137e-01,1.523451101866053758e-01,-7.035967475071693844e-01,4.950483831026674664e-01,-4.937081735532243831e-01,2.437477606332607294e-01
7.439999999999997726e-01,1.182650516480001190e+00,3.580385277766655605e-01,1.281915873724821242e-01,9.940668445734530678e-01,9.881688914802216894e-01,-7.986322640121823468e-02,6.378134931212241579e-03,3.796937256194554688e-01,1.441673252747823208e-01,-7.011643344752047646e-01,4.916314239400568220e-01,-5.045936885099600033e-01,2.546147904840865284e-01
7.480000000000002203e-01,1.157183630079998471e+00,3.583345032990076229e-01,1.284036162545464932e-01,9.971620844492347091e-01,9.943322226631426952e-01,-8.831422057165835837e-02,7.799401555179523958e-03,3.689745824605739632e-01,1.361422425019548910e-01,-6.984665933315864494e-01,4.878555820002317689e-01,-5.152216742207497147e-01,2.654533735868323530e-01
7.519999999999997797e-01,1.131933870080001459e+00,3.586142600703457473e-01,1.286041875258015776e-01,1.000194448633866084e+00,1.000388935078003305e+00,-9.674971522645001154e-02,9.360507396399172717e-03,3.581591750758619797e-01,1.282779946910219404e-01,-6.955039758027778962e-01,4.837257803574710469e-01,-5.255862867325594712e-01,2.762409448013202207e-01
7.560000000000002274e-01,1.106906996479998462e+00,3.588774956811819905e-01,1.287930569063968078e-01,1.003162937810558875e+00,1.006335879796711241e+00,-1.051681518528553294e-01,1.106034016414523743e-02,3.472500358397057618e-01,1.205825873906769402e-01,-6.922770435072131967e-01,4.792475049670879561e-01,-5.356818032699995902e-01,2.869549943545985360e-01
7.599999999999997868e-01,1.082108800000001425e+00,3.591239106041184126e-01,1.289699831675948372e-01,1.006066559048334863e+00,1.012169921235356762e+00,-1.135679620787886090e-01,1.289768201072916814e-02,3.362497416848564957e-01,1.130638887831327266e-01,-6.887864684492147616e-01,4.744267991187411382e-01,-5.455026261229483087e-01,2.975731151070331038e-01
7.640000000000002345e-01,1.057545102079998633e+00,3.593532083200010607e-01,1.291347283298780735e-01,1.008904326270410934e+00,1.017887939567151845e+00,-1.219475681939695411e-01,1.487120938842285099e-02,3.251609134779775423e-01,1.057296196538328042e-01,-6.850330334560654766e-01,4.692702569260189249e-01,-5.550432864849174086e-01,3.080730498719780885e-01
7.679999999999997939e-01,1.033221754880001342e+00,3.595650954446763525e-01,1.292870578621392041e-01,1.011675260725614089e+00,1.023486833164239274e+00,-1.303053836832797074e-01,1.697949301684673756e-02,3.139862153635729625e-01,9.858734343834002489e-02,-6.810176325571660749e-01,4.637850158537672463e-01,-5.642984482388228029e-01,3.184327386847433661e-01
7.720000000000002416e-01,1.009144641279998478e+00,3.597592818562901917e-01,1.294267408817536547e-01,1.014378391462589901e+00,1.028963521066231346e+00,-1.386398137721520374e-01,1.922099796277699710e-02,3.027283540762676917e-01,9.164445636172610654e-02,-6.767412713042459949e-01,4.579787482864871029e-01,-5.732629116868278585e-01,3.286303659156598056e-01
7.759999999999998010e-01,9.853196748800010507e-01,3.599354808230559866e-01,1.295535503553245094e-01,1.017012755806556479e+00,1.034314945473246539e+00,-1.469492559838103396e-01,2.159408383419541763e-02,2.913900782214393637e-01,8.490817768589654924e-02,-6.722050670316229715e-01,4.518596521429887325e-01,-5.819316172209243465e-01,3.386444071213604023e-01
7.800000000000002487e-01,9.617527999999985200e-01,3.600934091314202945e-01,1.296672632998884522e-01,1.019577399838353049e+00,1.039538074261136869e+00,-1.552321007081651216e-01,2.409700509026991774e-02,2.799741775242217678e-01,7.838554008036444087e-02,-6.674102490555480216e-01,4.454364405443886343e-01,-5.902996489309221273e-01,3.484536755279699083e-01
7.839999999999998082e-01,9.384499916800013164e-01,3.602327872145483223e-01,1.297676609843620432e-01,1.022071378875525571e+00,1.044629903516518077e+00,-1.634867317821590282e-01,2.672791146881160762e-02,2.684834820469305106e-01,7.208338013204446115e-02,-6.623581588116991270e-01,4.387183305444240511e-01,-5.983622381465280027e-01,3.580373680397223035e-01
7.880000000000002558e-01,9.154172556799985427e-01,3.603533392810543412e-01,1.298545291310066740e-01,1.024493757955185158e+00,1.049587460089137503e+00,-1.717115270813436290e-01,2.948484853260700811e-02,2.569208613749843773e-01,6.600832900966394079e-02,-6.570502499299332166e-01,4.317150309329876867e-01,-6.061147669102038282e-01,3.673751106666107158e-01
7.919999999999998153e-01,8.926606284800010505e-01,3.604547934438966927e-01,1.299276581166822209e-01,1.026843612318371513e+00,1.054407804159042117e+00,-1.799048591224572113e-01,3.236575833587117257e-02,2.452892237714241475e-01,6.016680329838779151e-02,-6.514880882454366917e-01,4.244367291256939123e-01,-6.135527713775102976e-01,3.764470032650233944e-01
7.960000000000002629e-01,8.701861772799985850e-01,3.605368818493602245e-01,1.299868431736595220e-01,1.029120027895642053e+00,1.059088031815927033e+00,-1.880650956767609960e-01,3.536848021190926866e-02,2.335915153001566491e-01,5.456499602022332057e-02,-6.456733517454613658e-01,4.168940771542182788e-01,-6.206719451416624622e-01,3.852336634859348519e-01
7.999999999999998224e-01,8.480000000000011973e-01,3.605993408060416683e-01,1.300318845897517894e-01,1.031322101793611390e+00,1.063625277647992196e+00,-1.961906003938791443e-01,3.849075168291077320e-02,2.218307189180805106e-01,4.920886785571244176e-02,-6.396078304508692192e-01,4.090981767740678454e-01,-6.274681424790427009e-01,3.937162698261002514e-01
8.040000000000002700e-01,8.261082252799984982e-01,3.606419109137586343e-01,1.300625879075274216e-01,1.033448942782150937e+00,1.068016717337545440e+00,-2.042797334358764649e-01,4.173020949263274437e-02,2.100098535362759367e-01,4.410413858232806877e-02,-6.332934262317558849e-01,4.010605637083564101e-01,-6.339373815124452749e-01,4.018766036788555818e-01
8.079999999999998295e-01,8.045170124800007372e-01,3.606643371922961805e-01,1.300787641223583313e-01,1.035499671781957565e+00,1.072259570260541750e+00,-2.123308521212946831e-01,4.508439076255511130e-02,1.981319730504698118e-01,3.925627874487209318e-02,-6.267321525564646389e-01,3.927931910480596533e-01,-6.400758472888536943e-01,4.096970902825439742e-01
8.120000000000002771e-01,7.832325516799983900e-01,3.606663692099065788e-01,1.300802298790566525e-01,1.037473422352198194e+00,1.076351102087182543e+00,-2.203423115788565867e-01,4.855073427191392010e-02,1.862001653410152446e-01,3.467050157302141444e-02,-6.199261341733506292e-01,3.843084118311151376e-01,-6.458798947685887581e-01,4.171608384662832680e-01
8.159999999999998366e-01,7.622610636800006834e-01,3.606477612114762366e-01,1.300668076668499706e-01,1.039369341177923678e+00,1.080288627380631139e+00,-2.283124654105365692e-01,5.212658186183746073e-02,1.742175512426534789e-01,3.035175516098658974e-02,-6.128776067247011516e-01,3.756189608245974476e-01,-6.513460517226963287e-01,4.242516790947454264e-01
8.200000000000002842e-01,7.416087999999986247e-01,3.606082722462715107e-01,1.300383260124410856e-01,1.041186588556950454e+00,1.084069512190860340e+00,-2.362396663636815441e-01,5.580917996362357025e-02,1.621872834843539890e-01,2.630471492403420319e-02,-6.055889162922650781e-01,3.667379355360400606e-01,-6.564710215354913059e-01,4.309542021158515035e-01
8.239999999999998437e-01,7.212820428800009731e-01,3.605476662951753175e-01,1.299946196708970936e-01,1.042924338885894642e+00,1.087691176640580348e+00,-2.441222670118576299e-01,5.959568125100871139e-02,1.501125455995584723e-01,2.253377634637952071e-02,-5.980625188738973863e-01,3.576787764817908610e-01,-6.612516859092119059e-01,4.372537921177750420e-01
8.280000000000002913e-01,7.012871052799983795e-01,3.604657123973248334e-01,1.299355298141109116e-01,1.044581781145047961e+00,1.091151097500160816e+00,-2.519586204440839583e-01,6.348314641608596154e-02,1.379965508071821223e-01,1.904304803467919693e-02,-5.903009797908735923e-01,3.484552467420653499e-01,-6.656851074677910818e-01,4.431366623044045716e-01
8.319999999999998508e-01,6.816303308800008010e-01,3.603621847760599128e-01,1.298609042165751459e-01,1.046158119381773499e+00,1.094446810748409105e+00,-2.597470809621043042e-01,6.746854606833396772e-02,1.258425408637557363e-01,1.583634509104603350e-02,-5.823069730254807341e-01,3.390814108340979294e-01,-6.697685322568008859e-01,4.485898868014293051e-01
8.360000000000002984e-01,6.623180940799985317e-01,3.602368629640899100e-01,1.297705974382084848e-01,1.047652573192095815e+00,1.097575914116019735e+00,-2.674860047853355738e-01,7.154876275602056745e-02,1.136537848871216894e-01,1.291718281916813017e-02,-5.740832804885475094e-01,3.295716129364922864e-01,-6.734993921366828618e-01,4.536014312084812872e-01
8.399999999999998579e-01,6.433568000000006171e-01,3.600895319277873097e-01,1.296644710039729642e-01,1.049064378200164294e+00,1.100536069608497369e+00,-2.751737507631215607e-01,7.572059310904453999e-02,1.014335781521240182e-01,1.028877077674305099e-02,-5.656327912166285721e-01,3.199404544995141375e-01,-6.768753070664337290e-01,4.581601813162789472e-01
8.440000000000003055e-01,6.247528844799985492e-01,3.599199821905144092e-01,1.295423935800202042e-01,1.050392786535251810e+00,1.103325006005291042e+00,-2.828086810939074436e-01,7.998075010207543467e-02,8.918524085876575191e-02,7.954007187036059301e-03,-5.569585004986136179e-01,3.102027712776642132e-01,-6.798940872749837938e-01,4.622559699114832665e-01
8.479999999999998650e-01,6.065128140800006840e-01,3.597280099548902932e-01,1.294042411461056585e-01,1.051637067305960738e+00,1.105940521331881810e+00,-2.903891620509418403e-01,8.432586543664816192e-02,7.691211687333214531e-02,5.915473721937103066e-03,-5.480635089315935016e-01,3.003736098224108475e-01,-6.825537353175642474e-01,4.658796015959595360e-01
8.520000000000003126e-01,5.886430860799986009e-01,3.595134172239013992e-01,1.292498971640070049e-01,1.052796507071295684e+00,1.108380485301520668e+00,-2.979135647141006871e-01,8.875249204066265607e-02,6.461757244301126468e-02,4.175430668427808703e-03,-5.389510214058643722e-01,2.904682034744244801e-01,-6.848524480144391191e-01,4.690228755513700110e-01
8.559999999999998721e-01,5.711502284800004103e-01,3.592760119207624725e-01,1.290792527416878555e-01,1.053870410308263672e+00,1.110642841723308072e+00,-3.053802657074165539e-01,9.325710668353233423e-02,5.230499488457007046e-02,2.735812489874901287e-03,-5.296243460190208641e-01,2.805019478960755208e-01,-6.867886182694422637e-01,4.716786061844496780e-01
8.600000000000003197e-01,5.540407999999985567e-01,3.590156080074322631e-01,1.288922067929462734e-01,1.054858099875659816e+00,1.112725610873287474e+00,-3.127876479418886801e-01,9.783611270501889334e-02,3.997779124767524006e-02,1.598223793042698963e-03,-5.200868929191390100e-01,2.704903761862839651e-01,-6.883608367658470284e-01,4.738406415929771187e-01
8.639999999999998792e-01,5.373213900800004605e-01,3.587320256016863218e-01,1.286886661922889419e-01,1.055758917473694325e+00,1.114626891825226895e+00,-3.201341013631349153e-01,1.024858428555819462e-01,2.763938695347586960e-02,7.639357111639720954e-04,-5.103421730771176001e-01,2.604491336210746355e-01,-6.895678935371659657e-01,4.755038797972842568e-01
8.680000000000003268e-01,5.209986188799987650e-01,3.584250910926520262e-01,1.284685459247759121e-01,1.056572224099112001e+00,1.116344864737744080e+00,-3.274180237034420848e-01,1.072025622458677580e-01,1.529322440909519111e-02,2.338827128269449669e-04,-5.003937969883044401e-01,2.503939520643724270e-01,-6.904087794105752129e-01,4.766642826872002914e-01
8.719999999999998863e-01,5.050791372800003121e-01,3.580946372547085810e-01,1.282317692305813273e-01,1.057297400495456730e+00,1.117877793094450123e+00,-3.346378212377554284e-01,1.119824714027519569e-01,2.942761598706376911e-03,8.659845826820910958e-06,-4.902454733035973566e-01,2.403406240946681927e-01,-6.908826873207362107e-01,4.773188876395221825e-01
8.760000000000003340e-01,4.895696268799986650e-01,3.577405033596556261e-01,1.279782677440197691e-01,1.057933847598133248e+00,1.119224025893790220e+00,-3.417919095431445342e-01,1.168217094291491009e-01,-9.408529348103137138e-03,8.852042449411803794e-05,-4.799010073902736373e-01,2.303049768941994591e-01,-6.909890134918851290e-01,4.774658167664885822e-01
8.799999999999998934e-01,4.744768000000003094e-01,3.573625352870523075e-01,1.277079816267897017e-01,1.058480986973909133e+00,1.120381999785260874e+00,-3.488787142612687076e-01,1.217163572645959813e-01,-2.175716360994642967e-02,4.733741683499771724e-04,-4.693642998228637619e-01,2.203028459482071488e-01,-6.907273584861529647e-01,4.771042837612584631e-01
8.840000000000003411e-01,4.598073996799987850e-01,3.569605856326318882e-01,1.274208596951915129e-01,1.058938261254512181e+00,1.121350241148729499e+00,-3.558966718633593262e-01,1.266624410434156744e-01,-3.409964514847035194e-02,1.162785799251597578e-03,-4.586393448044501775e-01,2.103500486026553262e-01,-6.900975281161796371e-01,4.762345983120613302e-01
8.879999999999999005e-01,4.455681996800003875e-01,3.565345138146930881e-01,1.271168595410795688e-01,1.059305134563961470e+00,1.122127368113572610e+00,-3.628442304172269650e-01,1.316559355470696968e-01,-4.643246820361890403e-02,2.155974103480080579e-03,-4.477302285188377029e-01,2.004623575295306215e-01,-6.890995342201851059e-01,4.748581680624760493e-01
8.920000000000003482e-01,4.317660044799989105e-01,3.560841861783721196e-01,1.267959476463135782e-01,1.059581092939290814e+00,1.122712092514422055e+00,-3.697198503557924676e-01,1.366927677471095892e-01,-5.875211880851084756e-02,3.451811464489373989e-03,-4.366411274141066001e-01,1.906554741494620731e-01,-6.877335952977682298e-01,4.729774981011944379e-01
8.959999999999999076e-01,4.184076492800002378e-01,3.556094760976999392e-01,1.264580994904806188e-01,1.059765644744298019e+00,1.123103221780297645e+00,-3.765220052466341505e-01,1.417688204349464021e-01,-7.105507632308880051e-02,5.048823871279974410e-03,-4.253763064181242393e-01,1.809450020619259303e-01,-6.860001370048096625e-01,4.705961879706176409e-01
9.000000000000003553e-01,4.054999999999989724e-01,3.551102640753468487e-01,1.261032996516625870e-01,1.059858321075980658e+00,1.123299660753996454e+00,-3.832491825620346626e-01,1.468799359344677702e-01,-8.333781498567002788e-02,6.945191406585767523e-03,-4.139401170866588986e-01,1.713464205337168755e-01,-6.838997925059689953e-01,4.677189261897074513e-01
9.039999999999999147e-01,3.930499532800002527e-01,3.545864378399603556e-01,1.257315419000320789e-01,1.059858676163294877e+00,1.123300413438611978e+00,-3.898998844490056959e-01,1.520219198933479843e-01,-9.559680548150385759e-02,9.138749218268486449e-03,-4.023369956848051876e-01,1.618750580966749619e-01,-6.814334026833773761e-01,4.643514822926459451e-01
9.080000000000003624e-01,3.810644364799989914e-01,3.540378924409999239e-01,1.253428292840650382e-01,1.059766287757894832e+00,1.123104584668149108e+00,-3.964726284987590832e-01,1.571905451487150274e-01,-1.078285165274135288e-01,1.162698897650269250e-02,-3.905714612024954735e-01,1.525460663058524347e-01,-6.786020162002494027e-01,4.605006963910435736e-01
9.119999999999999218e-01,3.695504076800002480e-01,3.534645303409754691e-01,1.249371742091663628e-01,1.059580757516496607e+00,1.122711381699232680e+00,-4.029659485150898779e-01,1.623815556626660717e-01,-1.200294164715767498e-01,1.440706081850721965e-02,-3.786481133049412473e-01,1.433743937093916176e-01,-6.754068894182507776e-01,4.561744662736372247e-01
9.160000000000003695e-01,3.585148556799989672e-01,3.528662615049936724e-01,1.245145985085105850e-01,1.059301711374525334e+00,1.122120115720998124e+00,-4.093783952811279603e-01,1.675906705229514571e-01,-1.321959749074735346e-01,1.747577578173737170e-02,-3.665716302189118148e-01,1.343747600813506304e-01,-6.718494861675883278e-01,4.513817320636524522e-01
9.199999999999999289e-01,3.479648000000002406e-01,3.522430034875221883e-01,1.240751335059105676e-01,1.058928799910691998e+00,1.121330203280298310e+00,-4.157085373239118309e-01,1.728135880039861905e-01,-1.443246643010061281e-01,2.082960872559811230e-02,-3.543467665558270863e-01,1.255616309685698151e-01,-6.679314773689092322e-01,4.461324584602137100e-01
9.240000000000003766e-01,3.379072908799991559e-01,3.515946815162758754e-01,1.236188200705314599e-01,1.058461698702162224e+00,1.120341167619466782e+00,-4.219549616762295896e-01,1.780459896831883826e-01,-1.564119616297731385e-01,2.446470174087362476e-02,-3.419783510727051890e-01,1.169491926024063960e-01,-6.636547405062258598e-01,4.404376145963859734e-01
9.279999999999999361e-01,3.283494092800002262e-01,3.509212285731374004e-01,1.231457086632801456e-01,1.057900108669975081e+00,1.119152639923945092e+00,-4.281162746351723225e-01,1.832835446074982944e-01,-1.684543500334559074e-01,2.837686804519408759e-02,-3.294712843720752349e-01,1.085513272257848660e-01,-6.590213589502126323e-01,4.343091515525849822e-01
9.320000000000003837e-01,3.192982668799991264e-01,3.502225854720208420e-01,1.226558593747069381e-01,1.057243756414370628e+00,1.117764360477168983e+00,-4.341911025168361249e-01,1.885219135047856986e-01,-1.804483204742554081e-01,3.256159636197958340e-02,-3.168305365420269748e-01,1.003815888855086880e-01,-6.540336211313545478e-01,4.277599775701922402e-01
9.359999999999999432e-01,3.107610060800001239e-01,3.494987009335887573e-01,1.221493419542661191e-01,1.056492394539696456e+00,1.116176179720221651e+00,-4.401780924066083234e-01,1.937567530347206191e-01,-1.923903734062938353e-01,3.701405577941317693e-02,-3.040611447376408982e-01,9.245317973916460097e-02,-6.486940195625582328e-01,4.208039310162287050e-01
9.400000000000003908e-01,3.027447999999992589e-01,3.487495316567361114e-01,1.216262358307927810e-01,1.055645801968559949e+00,1.114388059213843984e+00,-4.460759129044687410e-01,1.989837200735551925e-01,-2.042770204528775724e-01,4.172910108510536481e-02,-2.911682107051004054e-01,8.477892692520974660e-02,-6.430052497109784992e-01,4.134557511558777931e-01
9.439999999999999503e-01,2.952568524800000538e-01,3.479750423867558062e-01,1.210866301240644954e-01,1.054703784244898968e+00,1.112400072500510317e+00,-4.518832548647350733e-01,2.041984760271471078e-01,-2.161047860904965201e-01,4.670127857121925824e-02,-2.781568982498598963e-01,7.737126004398291179e-02,-6.369702087189447193e-01,4.057310467954560185e-01
9.480000000000003979e-01,2.883043980799993578e-01,3.471752059800990442e-01,1.205306236473241976e-01,1.053666173825652530e+00,1.110212405864390295e+00,-4.575988321296777794e-01,2.093966911664450203e-01,-2.278702093384162020e-01,5.192483230393362542e-02,-2.650324306503002436e-01,7.024218929640620168e-02,-6.305919939740172175e-01,3.976462628641269648e-01
9.519999999999999574e-01,2.818947020800001146e-01,3.463500034656499804e-01,1.199583249006557495e-01,1.052532830360710436e+00,1.107825358987128084e+00,-4.632213822564298922e-01,2.145740489795575356e-01,-2.395698454527031562e-01,5.739371085023207281e-02,-2.518000880183720036e-01,6.340328432605989162e-02,-6.238739015283433220e-01,3.892186450081970284e-01
9.560000000000004050e-01,2.760350604799994834e-01,3.454994241024315071e-01,1.193698520551118303e-01,1.051303640960831842e+00,1.105239345497501580e+00,-4.687496672366140982e-01,2.197262505344364514e-01,-2.512002676235037257e-01,6.310157445411988808e-02,-2.384652046087849808e-01,5.686565380910968415e-02,-6.168194243676223820e-01,3.804662022772050123e-01
9.599999999999999645e-01,2.707327999999999957e-01,3.446234654336641778e-01,1.187653329275079328e-01,1.049978520453228148e+00,1.102454893413149950e+00,-4.741824742081108268e-01,2.248490188461256811e-01,-2.627580686743836713e-01,6.904180265349212087e-02,-2.250331660783682908e-01,5.063992583525448593e-02,-6.094322505301391635e-01,3.714076679862303165e-01
9.640000000000004121e-01,2.659952780799995642e-01,3.437221333370990561e-01,1.181449049458064976e-01,1.048557411624503999e+00,1.099472645472679533e+00,-4.795186161583885887e-01,2.299381032424560045e-01,-2.742398627625186047e-01,7.520750232800503532e-02,-2.115094066972835196e-01,4.473622912143688374e-02,-6.017162610764656971e-01,3.620624588438414171e-01
9.679999999999999716e-01,2.618298828800000311e-01,3.427954420715509931e-01,1.175087151050300677e-01,1.047040285450668406e+00,1.096293359356617092e+00,-4.847569326188205796e-01,2.349892837220077524e-01,-2.856422870785121915e-01,8.159151616744317326e-02,-1.978994065138353631e-01,3.916417509852826440e-02,-5.936755279105798699e-01,3.524506324399057089e-01
9.720000000000004192e-01,2.582440332799996185e-01,3.418434143195564490e-01,1.168569199136519354e-01,1.045427141313927111e+00,1.092917907795809773e+00,-4.898962903494102350e-01,2.399983752981136587e-01,-2.969620035446064454e-01,8.818643154922685412e-02,-1.842086884746814701e-01,3.393284090956224380e-02,-5.853143114532947111e-01,3.425928431920444717e-01
9.759999999999999787e-01,2.552451788799999788e-01,3.408660812260869699e-01,1.161896853304293237e-01,1.043718007205972631e+00,1.089347278566006771e+00,-4.949355840133515261e-01,2.449612323226373345e-01,-3.081957005100348645e-01,9.498458981287109804e-02,-1.704428155023023916e-01,2.905075335635189104e-02,-5.766370581690402064e-01,3.325102968538450332e-01
9.800000000000004263e-01,2.528407999999998101e-01,3.398634824332475990e-01,1.155071866916543982e-01,1.041912939917502667e+00,1.085582574367533581e+00,-4.998737368408522341e-01,2.498737527832375904e-01,-3.193400944422599697e-01,1.019780959183915203e-01,-1.566073875316478792e-01,2.452587382948773903e-02,-5.676483979471900199e-01,3.222247036920113938e-01
9.839999999999999858e-01,2.510384076800000197e-01,3.388356661108939960e-01,1.148096086288132311e-01,1.040012025213698621e+00,1.081625012589098933e+00,-5.047097012816483819e-01,2.547318825678107634e-01,-3.303919316128272055e-01,1.091588284748550852e-01,-1.427080385079313729e-01,2.036558425478122297e-02,-5.583531413392671672e-01,3.117582304434276530e-01
9.880000000000004334e-01,2.498455436799998930e-01,3.377826889831045398e-01,1.140971449766567392e-01,1.038015377995409771e+00,1.077475924954953479e+00,-5.094424596456452736e-01,2.595316196898049266e-01,-3.413479897765553939e-01,1.165184501244953680e-01,-1.287504333475985585e-01,1.657667408719441793e-02,-5.487562766535186709e-01,3.011334511666331482e-01
9.919999999999999929e-01,2.492697804800000083e-01,3.367046163504449630e-01,1.133699986717003338e-01,1.035923142445792422e+00,1.073136757054765633e+00,-5.140710247311210956e-01,2.642690184681049104e-01,-3.522050798427818208e-01,1.240484182670603119e-01,-1.147402648645471368e-01,1.316532838118643009e-02,-5.388629669084913365e-01,2.903732971054218126e-01
9.960000000000004405e-01,2.493187212800000441e-01,3.356015221079680644e-01,1.126283816411849797e-01,1.033735492162162650e+00,1.068609067755748709e+00,-5.185944404399343011e-01,2.689401936552085481e-01,-3.629600475373688240e-01,1.317399961083290383e-01,-1.006832506637267005e-01,1.013711696421482240e-02,-5.286785466473917783e-01,2.795010056851984226e-01
1.000000000000000000e+00,2.500000000000000000e-01,3.344734887588904915e-01,1.118725146825436390e-01,1.031452630272835291e+00,1.063894528496750258e+00,-5.230117823791827769e-01,2.735413245074496680e-01,-3.736097750541761409e-01,1.395842640160321058e-01,-8.658513000429582385e-02,7.496984737860808851e-03,-5.182085186151598188e-01,2.685400687653184404e-01
1.004000000000000448e+00,2.513212812800001972e-01,3.333206074238941885e-01,1.111026273334337899e-01,1.029074789538725110e+00,1.058994922464171484e+00,-5.273221584487669533e-01,2.780686587910664587e-01,-3.841511826946997221e-01,1.475721311657365586e-01,-7.245166063456084937e-02,5.249243128705574635e-03,-5.074585503003310460e-01,2.575141802729136176e-01
1.008000000000000007e+00,2.532902604800000290e-01,3.321429778460021631e-01,1.103189577324098780e-01,1.026602232439498774e+00,1.053912143649762712e+00,-5.315247094143129569e-01,2.825185167179698476e-01,-3.945812304945743310e-01,1.556943474586124088e-01,-5.828861560096612604e-02,3.397562708677191821e-03,-4.964344703439110829e-01,2.464471833456395311e-01
1.012000000000000455e+00,2.559146636800003205e-01,3.309407083909808311e-01,1.095217524703242101e-01,1.024035251244074907e+00,1.048648195790515603e+00,-5.356186094649257878e-01,2.868872948051406913e-01,-4.048969198356360821e-01,1.639415156923855199e-01,-4.410178003344967373e-02,1.944967002118780331e-03,-4.851422648176264563e-01,2.353630171123760051e-01
1.016000000000000014e+00,2.592022476799999975e-01,3.297139160432246974e-01,1.087112664325586286e-01,1.021374168065284138e+00,1.043205191191051373e+00,-5.396030667552391691e-01,2.911714696516590761e-01,-4.150952950422413523e-01,1.723041039662054075e-01,-2.989694790951857514e-02,8.938274943044670741e-04,-4.735880733740646664e-01,2.242856632421584562e-01
1.020000000000000462e+00,2.631608000000004721e-01,3.284627263970812394e-01,1.078877626322038430e-01,1.018619334898504869e+00,1.037585349429072323e+00,-5.434773239312487014e-01,2.953676016274714433e-01,-4.251734449605406030e-01,1.807724582996138585e-01,-1.567991879943902989e-02,2.458598535570015193e-04,-4.617781852713526702e-01,2.132390923925037152e-01
1.024000000000000021e+00,2.677981388799999807e-01,3.271872736435805229e-01,1.070515120343192433e-01,1.015771133644106650e+00,1.031790995944633638e+00,-5.472406586394145123e-01,2.994723384681001743e-01,-4.351285045194068224e-01,1.893368154452954311e-01,-1.456494594972757278e-03,2.121376505184856400e-06,-4.497190352751681552e-01,2.022472106888279497e-01
1.028000000000000469e+00,2.731221132800006890e-01,3.258877005525316339e-01,1.062027933714165262e-01,1.012829976113544417e+00,1.025824560514162931e+00,-5.508923840185323551e-01,3.034824187696221198e-01,-4.449576562717236228e-01,1.979873158748253481e-01,1.276752377587328686e-02,1.630096633674896667e-04,-4.374171994410129272e-01,1.913338063668188760e-01
1.032000000000000028e+00,2.791406028799999772e-01,3.245641584499569521e-01,1.053418929503287665e-01,1.009796304018953483e+00,1.019688575610338654e+00,-5.544318491738817745e-01,3.073946753783700081e-01,-4.546581319147428579e-01,2.067140169162037244e-01,2.698633964558377202e-02,7.282625274668064804e-04,-4.248793907798180669e-01,1.805224967094293531e-01
1.036000000000000476e+00,2.858615180800007649e-01,3.232168071908358975e-01,1.044691044506379923e-01,1.006670588946114719e+00,1.013385674649117441e+00,-5.578584396331722761e-01,3.112060386699577186e-01,-4.642272137882287875e-01,2.155069060215818733e-01,4.119416391282786083e-02,1.696959140476929188e-03,-4.121124548100807972e-01,1.698366754095908815e-01
1.040000000000000036e+00,2.932928000000001312e-01,3.218458151271336165e-01,1.035847287148490697e-01,1.003453332310662693e+00,1.006918590125373214e+00,-5.611715777838123254e-01,3.149135397123733471e-01,-4.736622363491137522e-01,2.243559141432436843e-01,5.538521835454926490e-02,3.067522412181100926e-03,-3.991233649998680022e-01,1.592994604888178511e-01
1.044000000000000483e+00,3.014424204800009166e-01,3.204513590710940107e-01,1.026890735305112240e-01,1.000145065297430635e+00,1.000290151638801861e+00,-5.643707232910487592e-01,3.185143133080615141e-01,-4.829605876213991511e-01,2.332509291956071651e-01,6.955373894186869799e-02,4.837722600793622346e-03,-3.859192181021499080e-01,1.489336429005747586e-01
1.048000000000000043e+00,3.103183820800001769e-01,3.190336242537802347e-01,1.017824534045022322e-01,9.967463487828310820e-01,9.935032838119051135e-01,-5.674553734965259721e-01,3.220056009100817906e-01,-4.921197106200492222e-01,2.421818095807609927e-01,8.369397915719076209e-02,7.004682147164281551e-03,-3.725072293870536067e-01,1.387616359456189663e-01
1.052000000000000490e+00,3.199287180800012287e-01,3.175928042788489503e-01,1.008651893297032587e-01,9.932577732401906001e-01,9.865610041020619336e-01,-5.704250637968322213e-01,3.253847534076201309e-01,-5.011371047476320673e-01,2.511383977548391488e-01,9.780021330988646067e-02,9.564881723459293245e-03,-3.588947277747500109e-01,1.288054256245119156e-01
1.056000000000000050e+00,3.302814924800001606e-01,3.161291010715497896e-01,9.993760854430613905e-02,9.896799586279646510e-01,9.794664205098497778e-01,-5.732793680016142757e-01,3.286492337763302629e-01,-5.100103271624824020e-01,2.601105338123823607e-01,1.118667398479045033e-01,1.251416748419874499e-02,-3.450891508728099466e-01,1.190865220501169802e-01
1.060000000000000497e+00,3.413848000000014316e-01,3.146427248229424767e-01,9.900004428400589751e-02,9.860135542607735282e-01,9.722227291859634191e-01,-5.760178986708509585e-01,3.317966195891827175e-01,-5.187369941171712240e-01,2.690880690657181384e-01,1.258878846626488301e-01,1.584775950483637355e-02,-3.310980399219785042e-01,1.096259120401760767e-01
1.064000000000000057e+00,3.532467660800002740e-01,3.131338939293317747e-01,9.805283552734600505e-02,9.822592386632180705e-01,9.648332119392447614e-01,-5.786403074308956729e-01,3.348246053837214409e-01,-5.273147822660858575e-01,2.780608795963295243e-01,1.398580043844470933e-01,1.956026139040002373e-02,-3.169290346544360037e-01,1.004440130069926967e-01
1.068000000000000504e+00,3.658755468800014565e-01,3.116028349269204245e-01,9.709632673449361540e-02,9.784177194064421768e-01,9.573012336485033913e-01,-5.811462852689109893e-01,3.377310048818544796e-01,-5.357414299409398728e-01,2.870188797551629922e-01,1.537714896659248820e-01,2.364567103407764354e-02,-3.025898680687183484e-01,9.156062825784437587e-02
1.072000000000000064e+00,3.792793292800002991e-01,3.100497824216876253e-01,9.613086757973583751e-02,9.744897329274206932e-01,9.496302395809557151e-01,-5.835355628053309207e-01,3.405137530585343186e-01,-5.440147383930568070e-01,2.959520355888660137e-01,1.676227684505928739e-01,2.809739250304107289e-02,-2.880883611255801724e-01,8.299490381602268874e-02
1.076000000000000512e+00,3.934663308800017134e-01,3.084749790145020487e-01,9.515681267799748488e-02,9.704760443309786710e-01,9.418237526203037113e-01,-5.858079105440080481e-01,3.431709080559365299e-01,-5.521325730012829336e-01,3.048503781690170555e-01,1.814063092239503738e-01,3.290824902625550524e-02,-2.734324173691843884e-01,7.476528686835584581e-02
1.080000000000000071e+00,4.084448000000001633e-01,3.068786752214832103e-01,9.417452130569257951e-02,9.663774471745427697e-01,9.338853704075862350e-01,-5.879631390997142049e-01,3.457006529399898609e-01,-5.600928644444181925e-01,3.137040168015534092e-01,1.951166242444059284e-01,3.807049705653269694e-02,-2.586300174780994943e-01,6.688948594072205434e-02
1.084000000000000519e+00,4.242230156800022023e-01,3.052611293896301259e-01,9.318435711623250517e-02,9.621947632356586677e-01,9.258187623981252168e-01,-5.900010994026835265e-01,3.481012972963752339e-01,-5.678936098370648278e-01,3.225031520937723939e-01,2.087482727513180758e-01,4.357584137665868745e-02,-2.436892137506812273e-01,5.938443289842520317e-02
1.088000000000000078e+00,4.408092876800002724e-01,3.036226076077385705e-01,9.218668785052279435e-02,9.579288422623086774e-01,9.176276668380070056e-01,-5.919216828799011010e-01,3.503712786633741971e-01,-5.755328738278308043e-01,3.312380888565218395e-01,2.222958641474630237e-01,4.941545121706733545e-02,-2.286181245295023090e-01,5.226624686338702391e-02
1.092000000000000526e+00,4.582119564800021805e-01,3.019633836126333071e-01,9.118188504279034490e-02,9.535805617060858497e-01,9.093158876636942001e-01,-5.937248216128629963e-01,3.525091637992259774e-01,-5.830087896588407315e-01,3.398992488194663708e-01,2.357540611532432384e-01,5.557997735024715336e-02,-2.134249285695815346e-01,4.555020013493098208e-02
1.096000000000000085e+00,4.764393932800006226e-01,3.002837386907454276e-01,9.017032372209188296e-02,9.491508264382962912e-01,9.008872913285008721e-01,-5.954104884715454293e-01,3.545136497819243449e-01,-5.903195601855396601e-01,3.484771831376489715e-01,2.491175829299611399e-01,6.205957012486606333e-02,-1.981178593552387623e-01,3.925068619550216992e-02
1.100000000000000533e+00,4.955000000000023830e-01,2.985839615750695564e-01,8.915238210986260736e-02,9.446405684490665200e-01,8.923458035597755522e-01,-5.969786972243462664e-01,3.563835649396777105e-01,-5.974634588558037640e-01,3.569625846679407299e-01,2.623812081694949505e-01,6.884389840048384113e-02,-1.827051993704823241e-01,3.338118987700769424e-02
1.104000000000000092e+00,5.154022092800002453e-01,2.968643483375390524e-01,8.812844131387172208e-02,9.400507465295615539e-01,8.836954060507860031e-01,-5.984295026237762549e-01,3.581178696105402071e-01,-6.044388306473981176e-01,3.653462999943939971e-01,2.755397781477296748e-01,7.592216934170008258e-02,-1.671952743279008224e-01,2.795425975758201315e-02
1.108000000000000540e+00,5.361544844800028020e-01,2.951252022768619532e-01,8.709888501895868274e-02,9.353823459374238647e-01,8.749401330913985086e-01,-5.997630004676977045e-01,3.597156567300155428e-01,-6.112440929628586428e-01,3.736193411819877519e-01,2.885881997391163134e-01,8.328314902866409963e-02,-1.515964473610978691e-01,2.298148285250611877e-02
1.112000000000000099e+00,5.577653196800007596e-01,2.933668338018644017e-01,8.606409917493072770e-02,9.306363780455616519e-01,8.660840681417615317e-01,-6.009793276359324254e-01,3.611761522457374030e-01,-6.178777364809001638e-01,3.817728972387606778e-01,3.015214483897529774e-01,9.091518383905446143e-02,-1.359171131857674353e-01,1.847346165675271476e-02
1.116000000000000547e+00,5.802432396800032421e-01,2.915895603103927369e-01,8.502447168200816252e-02,9.258138799744298764e-01,8.571313403533080688e-01,-6.020786621020746132e-01,3.624987153586241573e-01,-6.243383259634951443e-01,3.897983452668994930e-01,3.143345710464069409e-01,9.880622255492865769e-02,-1.201656922345605977e-01,1.443979359021113629e-02
1.120000000000000107e+00,6.035968000000004885e-01,2.897937060638286488e-01,8.398039207420872343e-02,9.209159142079617055e-01,8.480861210414858409e-01,-6.030612229203694552e-01,3.636828385902115546e-01,-6.306245010177937704e-01,3.976872612839413845e-01,3.270226890389269503e-01,1.069438391462507187e-01,-1.043506247709420076e-01,1.088905289008593527e-02
1.123999999999999666e+00,6.278345868799977136e-01,2.879796020572767956e-01,8.293225120106750836e-02,9.159435681933244533e-01,8.389526201147191609e-01,-6.039272701875383342e-01,3.647281476761719543e-01,-6.367349768120964537e-01,4.054314306959009850e-01,3.395810009135211138e-01,1.153152561814288213e-01,-8.848036498727883392e-02,7.828774988282077851e-03
1.128000000000000114e+00,6.529652172800004539e-01,2.861475858854881094e-01,8.188044090809279418e-02,9.108979539246864210e-01,8.297350824641801514e-01,-6.046771049794520403e-01,3.656344012863312898e-01,-6.426685447451279121e-01,4.130228584048205032e-01,3.520047852144160272e-01,1.239073688138471602e-01,-7.256337509243954154e-02,5.265443404806075672e-03
1.131999999999999673e+00,6.789973388799976917e-01,2.842980016045859037e-01,8.082535371636112576e-02,9.057802075111974771e-01,8.204377843190279185e-01,-6.053110692625739420e-01,3.664014905718006032e-01,-6.484240730678961784e-01,4.204537785339603762e-01,3.642894032114439296e-01,1.327067692921499731e-01,-5.660811939421161315e-02,3.204479181349317168e-03
1.136000000000000121e+00,7.059396300800009350e-01,2.824311995896653937e-01,7.976738250165740785e-02,9.005914887294017568e-01,8.110650295718401237e-01,-6.058295457801201600e-01,3.670294385401466908e-01,-6.540005074574598565e-01,4.277166637546149786e-01,3.764303015711493172e-01,1.416997719409464063e-01,-4.062305838187228041e-02,1.650232872297003684e-03
1.139999999999999680e+00,7.338007999999975883e-01,2.805475363883434547e-01,7.870692017356889503e-02,8.953329805603129632e-01,8.016211460790138021e-01,-6.062329579129009938e-01,3.675183992598252125e-01,-6.593968715419715743e-01,4.348042341993393345e-01,3.884230149690449108e-01,1.508724385576428739e-01,-2.461664281426460474e-02,6.059791034450851595e-04
1.144000000000000128e+00,7.625895884800011348e-01,2.786473745703350047e-01,7.764435935494057306e-02,8.900058887113992956e-01,7.921104819409676701e-01,-6.065217695148363841e-01,3.678686568954083191e-01,-6.646122673763995570e-01,4.417094659471987872e-01,4.002631686406966094e-01,1.602106041702907324e-01,-8.597307818744539393e-03,7.391370173024599556e-05
1.147999999999999687e+00,7.923147660799976233e-01,2.767310825731420509e-01,7.658009206210315833e-02,8.846114411237385733e-01,7.825374017670175819e-01,-6.066964847231518521e-01,3.680806245754296158e-01,-6.696458758683752066e-01,4.484255990675233838e-01,4.119464808693621971e-01,1.696999031006518055e-01,7.426532993629280863e-03,5.515339230546428996e-05
1.152000000000000135e+00,8.229851340800009574e-01,2.747990345439399462e-01,7.551450938628150034e-02,8.791508874646190019e-01,7.729062829298272153e-01,-6.067576477432928828e-01,3.681548430949738715e-01,-6.744969571536593156e-01,4.549461452095453495e-01,4.234687654079621888e-01,1.793257952761437013e-01,2.344649339129053697e-02,5.497380523478308505e-04
1.155999999999999694e+00,8.546095244799976065e-01,2.728516101777525571e-01,7.444800117659224059e-02,8.736254986058739069e-01,7.632215118143618193e-01,-6.067058426086131551e-01,3.680919794554272650e-01,-6.791648509207569573e-01,4.612648947262140142e-01,4.348259338332136070e-01,1.890735927339262656e-01,3.945422035837860969e-02,1.556635504087497228e-03
1.160000000000000142e+00,8.871968000000012289e-01,2.708891945520106037e-01,7.338095572503705588e-02,8.680365660882541912e-01,7.534874800662880734e-01,-6.065416929149138880e-01,3.678928252440897273e-01,-6.836489766842617222e-01,4.673759233214382358e-01,4.460139978298159336e-01,1.989284862601350401e-01,5.544139989861603113e-02,3.073748822718261851e-03
1.163999999999999702e+00,9.207558540799971603e-01,2.689121779575909255e-01,7.231375945389505178e-02,8.623854015721558186e-01,7.437085808447684299e-01,-6.062658615299405529e-01,3.675582948566410435e-01,-6.879488340065514906e-01,4.732735982109737560e-01,4.570290714026363221e-01,2.088755721071560434e-01,7.139976280151411059e-02,5.097926128112478111e-03
1.168000000000000149e+00,9.552956108800012558e-01,2.669209557264388688e-01,7.124679660591554109e-02,8.566733362750305059e-01,7.338892050845915449e-01,-6.058790502779560772e-01,3.670894235657180538e-01,-6.920640026675051182e-01,4.789525837881685177e-01,4.678673730149042198e-01,2.188998787318675310e-01,8.732109036559566884e-02,7.624972822636524698e-03
1.171999999999999709e+00,9.908250252799971625e-01,2.649159280558776031e-01,7.018044893770691850e-02,8.509017203958256781e-01,7.240337377725758472e-01,-6.053819995995447512e-01,3.664873654391431756e-01,-6.959941427819560378e-01,4.844078467867898308e-01,4.785252276504893265e-01,2.289863934979526339e-01,1.031972200733548284e-01,1.064966623086842888e-02
1.176000000000000156e+00,1.027353082880001711e+00,2.628974998297154975e-01,6.911509541671526091e-02,8.450719225268091828e-01,7.141465542431574276e-01,-6.047754881868122601e-01,3.657533911115971037e-01,-6.997389948646438596e-01,4.896346609341820644e-01,4.889990687984056561e-01,2.391200892857078819e-01,1.190200512127112670e-01,1.416577259067641238e-02
1.179999999999999716e+00,1.064888799999997637e+00,2.608660804362601393e-01,6.805111192217734584e-02,8.391853290531476883e-01,7.042320164980397923e-01,-6.040603325941783508e-01,3.648888854137893878e-01,-7.032983798424770061e-01,4.946286110890530940e-01,4.992854403577505207e-01,2.492859509532328599e-01,1.347815504397601449e-01,1.816606633894560924e-02
1.184000000000000163e+00,1.103441223680001748e+00,2.588220835833578981e-01,6.698887095043069839e-02,8.332433435406223499e-01,6.942944695547556000e-01,-6.032373868249780724e-01,3.638953448634282273e-01,-7.066721990139614995e-01,4.993855968592280092e-01,5.093809984613647535e-01,2.594690015934968952e-01,1.504737572776687071e-01,2.264235162925875774e-02
1.187999999999999723e+00,1.143019431679996867e+00,2.567659271105741658e-01,6.592874132495268880e-02,8.272473861118742056e-01,6.843382378289283308e-01,-6.023075418941095105e-01,3.627743750225244646e-01,-7.098604339557051945e-01,5.039018356957820632e-01,5.192825132165675983e-01,2.696543285325146977e-01,1.660887895466270914e-01,2.758548601306378550e-02
1.192000000000000171e+00,1.183632532480001442e+00,2.546980327986381742e-01,6.487108791149616416e-02,8.211988928115860897e-01,6.743676215549748720e-01,-6.012717253669913609e-01,3.615276877257986854e-01,-7.128631463759523834e-01,5.081738654610225003e-01,5.289868703614013512e-01,2.798271090147500528e-01,1.816188487198233115e-01,3.298540621031406661e-02
1.195999999999999730e+00,1.225289665279996720e+00,2.526188261762756238e-01,6.381627133867935620e-02,8.150993149610190613e-01,6.643868932499225055e-01,-6.001309008751120055e-01,3.601570981851734965e-01,-7.156804779151531015e-01,5.121985464688619816e-01,5.384910728348977216e-01,2.899726355228791075e-01,1.970562252004809944e-01,3.883115589026268216e-02
1.200000000000000178e+00,1.268000000000001792e+00,2.505287363245573551e-01,6.276464772437959083e-02,8.089501185023322272e-01,6.544002942249373955e-01,-5.988860676084818424e-01,3.586645219755510983e-01,-7.183126498936212023e-01,5.159730629971960303e-01,5.477922422599574848e-01,3.000763406801919553e-01,2.123933035150728510e-01,4.511091537804585994e-02
1.203999999999999737e+00,1.311772737279996992e+00,2.484281956788932100e-01,6.171656840827045160e-02,8.027527833331242757e-01,6.444120311490779685e-01,-5.975382597853081679e-01,3.570519719072544063e-01,-7.207599630063883378e-01,5.194949242729702821e-01,5.568876203375187073e-01,3.101238216851843754e-01,2.276225674179051806e-01,5.181203319791878592e-02
1.208000000000000185e+00,1.356617108480001610e+00,2.463176398288053348e-01,6.067237969083306981e-02,7.965088026316496927e-01,6.344262726697043053e-01,-5.960885460992557672e-01,3.553215547907245808e-01,-7.230227969654022813e-01,5.227619649316733730e-01,5.657745701507710390e-01,3.201008642292897388e-01,2.427366049023527428e-01,5.892105935952089701e-02
1.211999999999999744e+00,1.402542375679996844e+00,2.441975073156149034e-01,5.963242257915979394e-02,7.902196821731672927e-01,6.244471460938615381e-01,-5.945380291446522580e-01,3.534754680992073794e-01,-7.251016100892785365e-01,5.257723449540641081e-01,5.744505773782629943e-01,3.299934658502197138e-01,2.577281131141198056e-01,6.642378028936453405e-02
1.216000000000000192e+00,1.449557831680001962e+00,2.420682394281810368e-01,5.859703253985917848e-02,7.838869396378933541e-01,6.144787341348622034e-01,-5.928878448200416429e-01,3.515159965353537586e-01,-7.269969388408550337e-01,5.285245490839739491e-01,5.829132514148317457e-01,3.397878586750108232e-01,2.725899031619974378e-01,7.430525530586713778e-02
1.219999999999999751e+00,1.497672799999997473e+00,2.399302799968318356e-01,5.756653925935812516e-02,7.775121039110376442e-01,6.045250717281681618e-01,-5.911391617104957419e-01,3.494455085077876610e-01,-7.287093973128543345e-01,5.310173857320633628e-01,5.911603263993806534e-01,3.494705315086222841e-01,2.873149048216945278e-01,8.254985453269939044e-02
1.224000000000000199e+00,1.546896634880001953e+00,2.377840751856296342e-01,5.654126641188516461e-02,7.710967143754108299e-01,5.945901429205538991e-01,-5.892931804491191583e-01,3.472664525238380873e-01,-7.302396766620081747e-01,5.332499853714341986e-01,5.991896621486131336e-01,3.590282512257691461e-01,3.018961711284286475e-01,9.114129814200547242e-02
1.227999999999999758e+00,1.597238721279996554e+00,2.356300732831149713e-01,5.552153143540613373e-02,7.646423201970995454e-01,5.846778778364036810e-01,-5.873511330582054102e-01,3.449813535047577262e-01,-7.315885444920434688e-01,5.352217984319866950e-01,6.069992449959291658e-01,3.684480834256280146e-01,3.163268828540774513e-01,1.000626968161772434e-01
1.232000000000000206e+00,1.648708474880002717e+00,2.334687244916756887e-01,5.450764531576996613e-02,7.581504796047149330e-01,5.747921497248592582e-01,-5.853142822705181825e-01,3.425928090298518414e-01,-7.327568441859849679e-01,5.369325927014038102e-01,6.145871885347805597e-01,3.777174123110859094e-01,3.306003528648124301e-01,1.092965933143384971e-01
1.235999999999999766e+00,1.701315342079997350e+00,2.313004807156890108e-01,5.349991237930882410e-02,7.516227591627265836e-01,5.649367720913900381e-01,-5.831839208311935252e-01,3.401034855160438020e-01,-7.337454941882737280e-01,5.383824502415940350e-01,6.219517342658776871e-01,3.868239597563329357e-01,3.447100303552622091e-01,1.188250050275257985e-01
1.240000000000000213e+00,1.755068800000002760e+00,2.291257953485863197e-01,5.249863009412226306e-02,7.450607330393989036e-01,5.551154959172064363e-01,-5.809613707807772531e-01,3.375161143394797558e-01,-7.345554872372511701e-01,5.395717638303554331e-01,6.290912521477323160e-01,3.957558035288017417e-01,3.586495049553842240e-01,1.286294674047421815e-01
1.243999999999999773e+00,1.809978356479996497e+00,2.269451230589918378e-01,5.150408888026095089e-02,7.384659822698600440e-01,5.453320069697892292e-01,-5.786479827199308978e-01,3.348334879058454394e-01,-7.351878895486071430e-01,5.405012329389349279e-01,6.360042410501218768e-01,4.045013946337415178e-01,3.724125107063565032e-01,1.386910781306120999e-01
1.248000000000000220e+00,1.866053550080002399e+00,2.247589195760879843e-01,5.051657192901038568e-02,7.318400940148297451e-01,5.355899232076348770e-01,-5.762451350563579933e-01,3.320584556761202455e-01,-7.356438399504379166e-01,5.411718592570254893e-01,6.426893291101524186e-01,4.130495737520578081e-01,3.859929299019456694e-01,1.489905419342883452e-01
1.251999999999999780e+00,1.923303950079996216e+00,2.225676414743604226e-01,4.953635503145944335e-02,7.251846608155475549e-01,5.258927922821607925e-01,-5.737542332345173524e-01,3.291939201545289184e-01,-7.359245489706062182e-01,5.415849417775902008e-01,6.491452739906985459e-01,4.213895867444590881e-01,3.993847967919478270e-01,1.595082159085454698e-01
1.256000000000000227e+00,1.981739156480002872e+00,2.203717459578787286e-01,4.856370641652384135e-02,7.185012798454422089e-01,5.162440891395384535e-01,-5.711767089487130855e-01,3.262428328454828885e-01,-7.360312978771427206e-01,5.417420714547112048e-01,6.553709630410954334e-01,4.295110991974128711e-01,4.125823011444505473e-01,1.702241552176500805e-01
1.259999999999999787e+00,2.041368799999996764e+00,2.181716906442667525e-01,4.759888659857763188e-02,7.117915521590881811e-01,5.066472137250439545e-01,-5.685140193401601039e-01,3.232081901863039231e-01,-7.359654376724756863e-01,5.416451254484386801e-01,6.613654133600562757e-01,4.374042099889181023e-01,4.255797916638179301e-01,1.811181590726186619e-01
1.264000000000000234e+00,2.102202542080004122e+00,2.159679333485208796e-01,4.664214823483115585e-02,7.050570819390008515e-01,4.971054887923389565e-01,-5.657676461786477207e-01,3.200930294625274897e-01,-7.357283880423194367e-01,5.412962609713497519e-01,6.671277717608858904e-01,4.450594638546446769e-01,4.383717792614549302e-01,1.921698168528537531e-01
1.267999999999999794e+00,2.164250074879996877e+00,2.137609318668317326e-01,4.569373599257627733e-02,6.982994757408235165e-01,4.876221578199089746e-01,-5.629390950294324014e-01,3.169004247125563056e-01,-7.353216362600948353e-01,5.406979087522232330e-01,6.726573146391636726e-01,4.524678629375708527e-01,4.509529401765722256e-01,2.033585542538951241e-01
1.272000000000000242e+00,2.227521121280003236e+00,2.115511437605674672e-01,4.475388642640428655e-02,6.915203417374651274e-01,4.782003830367005381e-01,-5.600298944060094763e-01,3.136334826284061239e-01,-7.347467360478042719e-01,5.398527661329017846e-01,6.779534477431627959e-01,4.596208773068413689e-01,4.633181189443346115e-01,2.146636793421165812e-01
1.275999999999999801e+00,2.292025434879996215e+00,2.093390261405761177e-01,4.382282786548481052e-02,6.847212889627428689e-01,4.688432435588000269e-01,-5.570415949094275065e-01,3.102953384592387343e-01,-7.340053063943188238e-01,5.387637898150178239e-01,6.830157058473764753e-01,4.665104544341899251e-01,4.754623312089431009e-01,2.260644283986427139e-01
1.280000000000000249e+00,2.357772800000004665e+00,2.071250354519650616e-01,4.290078031097778466e-02,6.779039265550971249e-01,4.595537336388185179e-01,-5.539757683548216516e-01,3.068891519243150401e-01,-7.330990303320846779e-01,5.374341882738428167e-01,6.878437523296144773e-01,4.731290276188840349e-01,4.873807663793772171e-01,2.375400114365490700e-01
1.283999999999999808e+00,2.424773031679996471e+00,2.049096272595146706e-01,4.198795534363324033e-02,6.710698630019342747e-01,4.503347610294348158e-01,-5.508340068858534888e-01,3.034181031419244667e-01,-7.320296536732898707e-01,5.358674138570367340e-01,6.924373786522379781e-01,4.794695233547828228e-01,4.990687901256901648e-01,2.490696572775201734e-01
1.288000000000000256e+00,2.493035975680004235e+00,2.026932560338844391e-01,4.108455604161782848e-02,6.642207053851633125e-01,4.411891454623639297e-01,-5.476179220777618317e-01,2.998853885807656328e-01,-7.307989837065786976e-01,5.340671545865682823e-01,6.967965037481907986e-01,4.855253676357024761e-01,5.105219467139324729e-01,2.606326580765833123e-01
1.291999999999999815e+00,2.562571508479996041e+00,2.004763749387683258e-01,4.019077690858961771e-02,6.573580586284880622e-01,4.321196172438147576e-01,-5.443291440297332029e-01,2.962942170401420272e-01,-7.294088878554321198e-01,5.320373256824983965e-01,7.009211733125880750e-01,4.912904911978951406e-01,5.217359611779560646e-01,2.722084131862856915e-01
1.296000000000000263e+00,2.633389537280004689e+00,1.982594356191560159e-01,3.930680381202626694e-02,6.504835247470155402e-01,4.231288159673011751e-01,-5.409693204473196015e-01,2.926478056652347393e-01,-7.278612922993767942e-01,5.297820608277188370e-01,7.048115590007180131e-01,4.967593337010225985e-01,5.327067413265310636e-01,2.837764722547316820e-01
1.299999999999999822e+00,2.705499999999996241e+00,1.960428879908559519e-01,3.843281393179528993e-02,6.435987020997412378e-01,4.142192893444714419e-01,-5.375401157156332044e-01,2.889493760035763414e-01,-7.261581805592198791e-01,5.273057031930765692e-01,7.084679575334021928e-01,5.019268468515505344e-01,5.434303795843942186e-01,2.953165774552387601e-01
1.304000000000000270e+00,2.778912865280004141e+00,1.938271800314350923e-01,3.756897571893835081e-02,6.367051846454714337e-01,4.053934921544238845e-01,-5.340432099640605168e-01,2.852021501087176336e-01,-7.243015920475361913e-01,5.246127962425954916e-01,7.118907897107638050e-01,5.067884964750148935e-01,5.539031546660286853e-01,3.068087047489784780e-01
1.307999999999999829e+00,2.853638132479996425e+00,1.916127575727296084e-01,3.671544886462564661e-02,6.298045612027370899e-01,3.966537853117722001e-01,-5.304802981232490389e-01,2.814093466969311841e-01,-7.222936205856774761e-01,5.217080743387666475e-01,7.150805993355358048e-01,5.113402635460690959e-01,5.641215330811617523e-01,3.182331040858402682e-01
1.312000000000000277e+00,2.929685831680004959e+00,1.894000640950792291e-01,3.587238427922011946e-02,6.228984147142524463e-01,3.880024350535288269e-01,-5.268530889751220636e-01,2.775741773626279052e-01,-7.201364128885955340e-01,5.185964531680536949e-01,7.180380520471406625e-01,5.155786441876523130e-01,5.740821704711607243e-01,3.295703384528788638e-01
1.315999999999999837e+00,3.007066023679997535e+00,1.871895405234367260e-01,3.503992408137535791e-02,6.159883215164705383e-01,3.794416122446787054e-01,-5.231633041966863296e-01,2.736998428579945353e-01,-7.178321670188115844e-01,5.152830200069230537e-01,7.207639340678593243e-01,5.195006486529775147e-01,5.837819127756836979e-01,3.408013216840359849e-01
1.320000000000000284e+00,3.085788800000006660e+00,1.849816250255019168e-01,3.421820159707539971e-02,6.090758506147788687e-01,3.709733918021164145e-01,-5.194126773984039103e-01,2.697895294421784329e-01,-7.153831308108850040e-01,5.117730238487837591e-01,7.232591508624965915e-01,5.231037993063396563e-01,5.932177972291440282e-01,3.519073549493978437e-01
1.323999999999999844e+00,3.165864282879997216e+00,1.827767528120299301e-01,3.340734136850988939e-02,6.021625629648768019e-01,3.625997522364292069e-01,-5.156029531579038316e-01,2.658464053051515785e-01,-7.127916002677683327e-01,5.080718654122859945e-01,7.255247257130372773e-01,5.263861276209780282e-01,6.023870531867273614e-01,3.628701618469891144e-01
1.328000000000000291e+00,3.247302625280005017e+00,1.805753559394582264e-01,3.260745917266202887e-02,5.952500107608705848e-01,3.543225753108165677e-01,-5.117358860498125717e-01,2.618736170711867817e-01,-7.100599179304584174e-01,5.041850870514092975e-01,7.275617982098752101e-01,5.293461702143871239e-01,6.112871027798927326e-01,3.736719220250351303e-01
1.331999999999999851e+00,3.330114010879996478e+00,1.783778631149983973e-01,3.181866204947310373e-02,5.883397367306163472e-01,3.461436458162509555e-01,-5.078132396724872599e-01,2.578742863866669843e-01,-7.071904712223803235e-01,5.001183625877323458e-01,7.293716226612747544e-01,5.319829639435409430e-01,6.199155614014814075e-01,3.842953032677138836e-01
1.336000000000000298e+00,3.414308654080005834e+00,1.761846995043342134e-01,3.104104833943254274e-02,5.814332734388335533e-01,3.380646514617973719e-01,-5.038367856724369487e-01,2.538515065967331674e-01,-7.041856907699630685e-01,4.958774870851700434e-01,7.309555664228123417e-01,5.342960400844943836e-01,6.282702380207424442e-01,3.947234919826403399e-01
1.339999999999999858e+00,3.499896799999997032e+00,1.739962865420663640e-01,3.027470773042886462e-02,5.745321425985054908e-01,3.300871828788294327e-01,-4.998083027672185485e-01,2.498083395150476060e-01,-7.010480487008862172e-01,4.914683665873201268e-01,7.323151081486226621e-01,5.362854176227288550e-01,6.363491353287727970e-01,4.049402220336767999e-01
1.344000000000000306e+00,3.586888724480006729e+00,1.718130417450412784e-01,2.951972131368329685e-02,5.676378543910772789e-01,3.222127337377058698e-01,-4.957295757675967418e-01,2.457478122907214291e-01,-6.977800569214993587e-01,4.868970078373708876e-01,7.334518359663476650e-01,5.379515956824061362e-01,6.441504497150610797e-01,4.149298018681154554e-01
1.347999999999999865e+00,3.675294734079996850e+00,1.696353785286990323e-01,2.877616164857500422e-02,5.607519067959487735e-01,3.144427009752924218e-01,-4.916023945997549660e-01,2.416729143762131882e-01,-6.943842653749331406e-01,4.821695080002855738e-01,7.343674455777678967e-01,5.392955451244159093e-01,6.516725710760054024e-01,4.246771398928113062e-01
1.352000000000000313e+00,3.765125166080007357e+00,1.674637060265727062e-01,2.804409283615436413e-02,5.538757849297597513e-01,3.067783851315574739e-01,-4.874285533283449490e-01,2.375865945997632234e-01,-6.908632602814341883e-01,4.772920444066927059e-01,7.350637382871629821e-01,5.403186993446987829e-01,6.589140824564639898e-01,4.341677680594438482e-01
1.355999999999999872e+00,3.856390388479997267e+00,1.652984289130684792e-01,2.732357060112875283e-02,5.470109603959453226e-01,2.992209907932944501e-01,-4.832098491811599450e-01,2.334917583456793400e-01,-6.872196623624750034e-01,4.722708643375941318e-01,7.355426189595194453e-01,5.410229443058288679e-01,6.658737595255802555e-01,4.433878636247302607e-01
1.360000000000000320e+00,3.949100800000007183e+00,1.631399472296525544e-01,2.661464238209381925e-02,5.401588906450387473e-01,2.917716271428789088e-01,-4.789480815762139909e-01,2.293912648455357361e-01,-6.834561250502032559e-01,4.671122748686390436e-01,7.358060939107736731e-01,5.414106078362302954e-01,6.725505698883041950e-01,4.523242690570827285e-01
1.363999999999999879e+00,4.043266830079997654e+00,1.609886562145691757e-01,2.591734742977274200e-02,5.333210183461830622e-01,2.844313086098097521e-01,-4.746450511520065585e-01,2.252879245830909094e-01,-6.795753326837993269e-01,4.618226327922965169e-01,7.358562687323377816e-01,5.414844482326784947e-01,6.789436722342114816e-01,4.609645100668763873e-01
1.368000000000000327e+00,4.138898938880007705e+00,1.588449461362084758e-01,2.523171691301497044e-02,5.264987707703053799e-01,2.772009556226425753e-01,-4.703025588017475389e-01,2.211844968154711988e-01,-6.755799986943302748e-01,4.564083346358313031e-01,7.356953460522224209e-01,5.412476422028993372e-01,6.850524153253991777e-01,4.692968117431632336e-01
1.371999999999999886e+00,4.236007617279996751e+00,1.567092021302411431e-01,2.455777403229677386e-02,5.196935591853948377e-01,2.700813954587835131e-01,-4.659224047123118329e-01,2.170836872129033035e-01,-6.714728637796848476e-01,4.508758067924912294e-01,7.353256232351271793e-01,5.407037721861281954e-01,6.908763368254088322e-01,4.773101127852957815e-01
1.376000000000000334e+00,4.334603386880007569e+00,1.545818040406334026e-01,2.389553414045678462e-02,5.129067782643146334e-01,2.630733631894788260e-01,-4.615063874086856033e-01,2.129881456190158007e-01,-6.672566940711917027e-01,4.452314957828159003e-01,7.347494900239257554e-01,5.398568130904189966e-01,6.964151619713035979e-01,4.849940778235170002e-01
1.379999999999999893e+00,4.434696799999996664e+00,1.524631262646508889e-01,2.324500487039088056e-02,5.061398055055643663e-01,2.561775027172105146e-01,-4.570563028046634724e-01,2.089004639334682278e-01,-6.629342792935152273e-01,4.394818586624124612e-01,7.339694261250256924e-01,5.387111184862996005e-01,7.016688020911862056e-01,4.923391078280802136e-01
1.384000000000000341e+00,4.536298439680008343e+00,1.503535376019576597e-01,2.260618626942329651e-02,4.993940006674024712e-01,2.493943679025935889e-01,-4.525739432605423995e-01,2.048231741183966503e-01,-6.585084309194351171e-01,4.336333535919764670e-01,7.329879987401336505e-01,5.372714062970661564e-01,7.066373529696170497e-01,4.993363486119071770e-01
1.387999999999999901e+00,4.639418919679998865e+00,1.482534011079115754e-01,2.197907094006331871e-02,4.926707052157150990e-01,2.427244237777500535e-01,-4.480610966485541469e-01,2.007587463299049801e-01,-6.539819803211079918e-01,4.276924305847180641e-01,7.318078600470013795e-01,5.355427440265715378e-01,7.113210930635469609e-01,5.059776974371192892e-01
1.392000000000000348e+00,4.744068884480008741e+00,1.461630739511544097e-01,2.136364418685063327e-02,4.859712417860167499e-01,2.361680478430431551e-01,-4.435195454267666926e-01,1.967095871755657754e-01,-6.493577769194149862e-01,4.216655224457246942e-01,7.304317446317757367e-01,5.335305335658196979e-01,7.157204815715388913e-01,5.122558077409955501e-01
1.395999999999999908e+00,4.850259009279997535e+00,1.440829072755893392e-01,2.075988416898607442e-02,4.792969136599435354e-01,2.297255314439473617e-01,-4.389510657221745160e-01,1.926780380986327645e-01,-6.446386863329892636e-01,4.155590359171221215e-01,7.288624668756095160e-01,5.312404956199989758e-01,7.198361563592045043e-01,5.181640920019930929e-01
1.400000000000000355e+00,4.958000000000010843e+00,1.420132460668367402e-01,2.016776205843992184e-02,4.726490042565935079e-01,2.233970812247493554e-01,-4.343574264236879645e-01,1.886663738894095166e-01,-6.398275885285175102e-01,4.093793430422179025e-01,7.271029182982344796e-01,5.286786537978090950e-01,7.236689317439317648e-01,5.236967227714033335e-01
1.403999999999999915e+00,5.067302593279998213e+00,1.399544290232518640e-01,1.958724220322444198e-02,4.660287766390489028e-01,2.171828206556885299e-01,-4.297403882857188107e-01,1.846768013239603601e-01,-6.349273759738969236e-01,4.031327727610982681e-01,7.251560648612236371e-01,5.258513184050152001e-01,7.272197961421212886e-01,5.288486319009884085e-01
1.408000000000000362e+00,5.178177556480011212e+00,1.379067884315867687e-01,1.901828229551443331e-02,4.594374730364037540e-01,2.110827916300762330e-01,-4.251017030430480070e-01,1.807114579300997670e-01,-6.299409517958272087e-01,3.968256027494326821e-01,7.230249442337080001e-01,5.227650699841566162e-01,7.304899095822909860e-01,5.336155080015436702e-01
1.411999999999999922e+00,5.290635687679997368e+00,1.358706500473715328e-01,1.846083354429530268e-02,4.528763143816024739e-01,2.050969561278640496e-01,-4.204431125376470457e-01,1.767724108803445382e-01,-6.248712279433973338e-01,3.904640515114892185e-01,7.207126630233335884e-01,5.194267426421852463e-01,7.334806010875412063e-01,5.379937921717407034e-01
1.416000000000000369e+00,5.404687815680010665e+00,1.338463329800877455e-01,1.791484085221652436e-02,4.463464998653823845e-01,1.992251979420777974e-01,-4.157663478581116734e-01,1.728616560112723188e-01,-6.197211233592228030e-01,3.840542707376170539e-01,7.182223939752698794e-01,5.158434072075678278e-01,7.361933659310048172e-01,5.419806720408223422e-01
1.419999999999999929e+00,5.520344800000000163e+00,1.318341495832010546e-01,1.738024299632583147e-02,4.398492065065951473e-01,1.934673244644813939e-01,-4.110731284923502260e-01,1.689811169684882763e-01,-6.144935621596703257e-01,3.776023379356805987e-01,7.155573731421021044e-01,5.120223542580255582e-01,7.386298627680286666e-01,5.455740741727168608e-01
1.424000000000000377e+00,5.637617530880011607e+00,1.298344053491154171e-01,1.685697281235841102e-02,4.333855887391663830e-01,1.878230685267938682e-01,-4.063651614941551360e-01,1.651326444761707923e-01,-6.091914718256906669e-01,3.711142493451512481e-01,7.127208970274532263e-01,5.079710770596176372e-01,7.407919106489506689e-01,5.487726548829229278e-01
1.427999999999999936e+00,5.756516929279996475e+00,1.278473988091066993e-01,1.634495738225477668e-02,4.269567780159382875e-01,1.822920902937512078e-01,-4.016441406642701217e-01,1.613180157299400064e-01,-6.038177814057654746e-01,3.645959131417808030e-01,7.097163197061961970e-01,5.036972544573077304e-01,7.426814859164539984e-01,5.515757895230720687e-01
1.432000000000000384e+00,5.877053946880009150e+00,1.258734214382900563e-01,1.584411822458137858e-02,4.205638824296203948e-01,1.768739792042755554e-01,-3.969117457465469179e-01,1.575389339115715048e-01,-5.983754197324501201e-01,3.580531429399858578e-01,7.065470499241252034e-01,4.992087337564842797e-01,7.443007189915854527e-01,5.539835602913910639e-01
1.435999999999999943e+00,5.999239566079999975e+00,1.239127575656675251e-01,1.535437148752789513e-02,4.142079863510602644e-01,1.715682559570001209e-01,-3.921696416397703611e-01,1.537970278238658950e-01,-5.928673136539789335e-01,3.514916515992854151e-01,7.032165481799615980e-01,4.945135136341402560e-01,7.456518910526256372e-01,5.559967426303566995e-01
1.440000000000000391e+00,6.123084800000014205e+00,1.219656842893010323e-01,1.487562814415745345e-02,4.078901500850272699e-01,1.663743745363860660e-01,-3.874194776257127160e-01,1.500938516437801129e-01,-5.872963862823704639e-01,3.449170453403312964e-01,6.997283237925694399e-01,4.896197271175589116e-01,7.467374306110973192e-01,5.576167902756633543e-01
1.443999999999999950e+00,6.248600692479998386e+00,1.200324713966483547e-01,1.440779418958720512e-02,4.016114095436846276e-01,1.612917242756651826e-01,-3.826628866139561436e-01,1.464308847917254464e-01,-5.816655552594511835e-01,3.383348181752856565e-01,6.960859319562591185e-01,4.845356246674137890e-01,7.475599099892857868e-01,5.588458190231890832e-01
1.448000000000000398e+00,6.375798318080013516e+00,1.181133812900964225e-01,1.395077083977970013e-02,3.953727759379102036e-01,1.563196319528489531e-01,-3.779014844040085586e-01,1.428095319147531239e-01,-5.759777310421873020e-01,3.317503466565062675e-01,6.922929707870448812e-01,4.792695574011521797e-01,7.481220417037292014e-01,5.596865892829563371e-01
1.451999999999999957e+00,6.504688782079998788e+00,1.162086689177200122e-01,1.350445473162826572e-02,3.891752354866071517e-01,1.514573639160561314e-01,-3.731368689652143633e-01,1.392311229811635520e-01,-5.702358152086878240e-01,3.251688849467167519e-01,6.883530783627218597e-01,4.738299604914354979e-01,7.484266747592172031e-01,5.601424874911390406e-01
1.456000000000000405e+00,6.635283220480014954e+00,1.143185817092904483e-01,1.306873812402371653e-02,3.830197491441290625e-01,1.467041282344315467e-01,-3.683706197349432276e-01,1.356969134839061397e-01,-5.644426987862118938e-01,3.185955602130623454e-01,6.842699297596118724e-01,4.682253367732241434e-01,7.484767908579033069e-01,5.602175064529455462e-01
1.459999999999999964e+00,6.767592799999996522e+00,1.124433595175524103e-01,1.264350909959354417e-02,3.769072523459257584e-01,1.420590768709553697e-01,-3.636042969355192112e-01,1.322080847499732259e-01,-5.586012606024853833e-01,3.120353683466857708e-01,6.800472340888108480e-01,4.624642405918418797e-01,7.482755005282022420e-01,5.599162246907315454e-01
1.464000000000000412e+00,6.901628718080013769e+00,1.105832345647830839e-01,1.222865176680983622e-02,3.708386547725004423e-01,1.375213078734777716e-01,-3.588394409103316529e-01,1.287657443528394119e-01,-5.527143656615981504e-01,3.054931700087028523e-01,6.756887315347550604e-01,4.565552619230462961e-01,7.478260391782030059e-01,5.592437848729592265e-01
1.467999999999999972e+00,7.037402202880000068e+00,1.087384313946423153e-01,1.182404646216733343e-02,3.648148401317480305e-01,1.330898675803528775e-01,-3.540775714795477702e-01,1.253709266248542731e-01,-5.467848635457197570e-01,2.989736870027113746e-01,6.711981903988988307e-01,4.505070107947564684e-01,7.471317630783804731e-01,5.582058714006092881e-01
1.472000000000000419e+00,7.174924513280013905e+00,1.069091668293180725e-01,1.142956995213896369e-02,3.588366659597299058e-01,1.287637528370947915e-01,-3.493201873158250370e-01,1.220245932663630850e-01,-5.408155868438393465e-01,2.924814989732463233e-01,6.665794041512717039e-01,4.443281020386644076e-01,7.461961452784279247e-01,5.568086872283847244e-01
1.475999999999999979e+00,7.314206938880000841e+00,1.050956499319654763e-01,1.104509563462223454e-02,3.529049634399220037e-01,1.245419132205326795e-01,-3.445687653403999851e-01,1.187276340482076309e-01,-5.348093496086985255e-01,2.860210404288791031e-01,6.618361884926552419e-01,4.380271403984855039e-01,7.450227714630816012e-01,5.550589299985311253e-01
1.480000000000000426e+00,7.455260800000014676e+00,1.032980819744342138e-01,1.067049373959693022e-02,3.470205372409527200e-01,1.204232532669994582e-01,-3.398247601399058682e-01,1.154808676041445548e-01,-5.287689458430474554e-01,2.795965980879676627e-01,6.569723784300837144e-01,4.316127060200811161e-01,7.436153357518278106e-01,5.529637675653036322e-01
1.483999999999999986e+00,7.598097447679997174e+00,1.015166564102728819e-01,1.030563152872139739e-02,3.411841653728349688e-01,1.164066347011580016e-01,-3.350896034042513127e-01,1.122850423096184297e-01,-5.226971480163189465e-01,2.732123085443936561e-01,6.519918253683435472e-01,4.250933403471445771e-01,7.419776364474193198e-01,5.505308129880988055e-01
1.488000000000000433e+00,7.742728263680017875e+00,9.975155885299467895e-02,9.950373493602461192e-03,3.353965990616740722e-01,1.124908786621373474e-01,-3.303647033858664872e-01,1.091408372432315504e-01,-5.165967056127764856e-01,2.668721562499736244e-01,6.468983942201034232e-01,4.184775324445483280e-01,7.401135717381384094e-01,5.477680990709845599e-01
1.491999999999999993e+00,7.889164660480000535e+00,9.800296705958391752e-02,9.604581552481891021e-03,3.296585626428186200e-01,1.086747679237291681e-01,-3.256514443806028392e-01,1.060488632271728709e-01,-5.104703437121480558e-01,2.605799718095985762e-01,6.416959605372675179e-01,4.117737057698463987e-01,7.380271353587588568e-01,5.446840525258557220e-01
1.496000000000000441e+00,8.037418081280016224e+00,9.627105091921790703e-02,9.268115245090647811e-03,3.239707534724036164e-01,1.049570491054769156e-01,-3.209511862305454155e-01,1.030096639427942468e-01,-5.043207616037227448e-01,2.543394305845589343e-01,6.363884076660982769e-01,4.049902054117920924e-01,7.357224122151665435e-01,5.412874678357034730e-01
1.500000000000000000e+00,8.187500000000000000e+00,9.455597244717406369e-02,8.940831925430740498e-03,3.183338418572182471e-01,1.013364348715764390e-01,-3.162652638489775736e-01,1.000237171174633982e-01,-4.981506314348375097e-01,2.481540515989273110e-01,6.309796239286113995e-01,3.981352858130918770e-01,7.332035739775908390e-01,5.375874808935124927e-01
1.504000000000000448e+00,8.339421921280017358e+00,9.285788578388758097e-02,8.622586952253511947e-03,3.127484710028122228e-01,9.781160611459688292e-02,-3.115949867677099139e-01,9.709143577876931663e-02,-4.919625968946483296e-01,2.420271967433262339e-01,6.254734998326925144e-01,3.912170989929572018e-01,7.304748746473966881e-01,5.335935424911298908e-01
1.508000000000000007e+00,8.493195380480001333e+00,9.117693719911980355e-02,8.313233877012236872e-03,3.072152569797407251e-01,9.438121412112812636e-02,-3.069416387069631713e-01,9.421316957211590959e-02,-4.857592719340240173e-01,2.359620702698730921e-01,6.198739253133329630e-01,3.842436832833595051e-01,7.275406461023712357e-01,5.293153917310557954e-01
1.512000000000000455e+00,8.648831943680018952e+00,8.951326510119396451e-02,8.012624629076628771e-03,3.017347887078284940e-01,9.104388271655790288e-02,-3.023064771679729867e-01,9.138920613771017720e-02,-4.795432395223689359e-01,2.299617185716081036e-01,6.141847870073272597e-01,3.772229525912359493e-01,7.244052936254146147e-01,5.247630294325231759e-01
1.516000000000000014e+00,8.806343207679997676e+00,8.786700005124911672e-02,7.720609698006212530e-03,2.963076279583188866e-01,8.779821038628551899e-02,-2.976907330484552250e-01,8.861977254292663364e-02,-4.733170504421282399e-01,2.240290302392361765e-01,6.084099655637169590e-01,3.701626861972432403e-01,7.210732914215224332e-01,5.199466916014677809e-01
1.520000000000000462e+00,8.965740800000018496e+00,8.623826478245973093e-02,7.437038312689634584e-03,2.909343093737575270e-01,8.464277237078525473e-02,-2.930956102810522990e-01,8.590503676602248562e-02,-4.670832221216843494e-01,2.181667363875747223e-01,6.025533329922053705e-01,3.630705191000155319e-01,7.175491781279109693e-01,5.148768230320405204e-01
1.524000000000000021e+00,9.127036378880003298e+00,8.462717422416390911e-02,7.161758617166992698e-03,2.856153405054434047e-01,8.157612273204037368e-02,-2.885222854948521487e-01,8.324510922717297257e-02,-4.608442375073104613e-01,2.123774112436943862e-01,5.966187500517033948e-01,3.559539329132569430e-01,7.138375523220947816e-01,5.095640511051994226e-01
1.528000000000000469e+00,9.290241633280016842e+00,8.303383553083815150e-02,6.894617842962280294e-03,2.803512018682658979e-01,7.859679638898117715e-02,-2.839719077000512626e-01,8.064004436280643173e-02,-4.546025439747977681e-01,2.066634729883579380e-01,5.906100636811038029e-01,3.488202473213974919e-01,7.099430680326848098e-01,5.040191598476613244e-01
1.532000000000000028e+00,9.455368282880002084e+00,8.145834811585368762e-02,6.635462477763603810e-03,2.751423470127293269e-01,7.570331111967316950e-02,-2.794455979958064828e-01,7.808984223923388923e-02,-4.483605522813243205e-01,2.010271848420141505e-01,5.845311044743136675e-01,3.416766120979610188e-01,7.058704302576196410e-01,4.982530643120770542e-01
1.536000000000000476e+00,9.622428078080019986e+00,7.990080368994444127e-02,6.384138430299039595e-03,2.699892026139543155e-01,7.289416952811887673e-02,-2.749444493012982438e-01,7.559445020159416551e-02,-4.421206355580926117e-01,1.954706563862917412e-01,5.783856842015046018e-01,3.345299996892426297e-01,7.016243904944854393e-01,4.922767853367581714e-01
1.540000000000000036e+00,9.791432799999999048e+00,7.836128630431285491e-02,6.140491191266489283e-03,2.648921685774270895e-01,7.016786097365204644e-02,-2.704695261100034109e-01,7.315376455416981727e-02,-4.358851283442063962e-01,1.899958451116452729e-01,5.721775933784701840e-01,3.273871983643779626e-01,6.972097422875195294e-01,4.861014247406293953e-01
1.544000000000000483e+00,9.962394260480021302e+00,7.683987239829664917e-02,5.904365990186510871e-03,2.598516181612566811e-01,6.752286346102354120e-02,-2.660218642671532963e-01,7.076763226817173180e-02,-4.296563256622165650e-01,1.846045581815566883e-01,5.659105988859080005e-01,3.202548059314070383e-01,6.926313167958180195e-01,4.797381410063087936e-01
1.548000000000000043e+00,1.013532430208000257e+01,7.533663085151469374e-02,5.675607948057395657e-03,2.548678981146843547e-01,6.495764548939712835e-02,-2.616024707703276664e-01,6.843585271314013563e-02,-4.234364821357148867e-01,1.792984544034695871e-01,5.595884416403679174e-01,3.131392240174954433e-01,6.878939783871995672e-01,4.731981255013689713e-01
1.552000000000000490e+00,1.031023479808002108e+01,7.385162304040784886e-02,5.454062225702499198e-03,2.499413288325763316e-01,6.247066785859405058e-02,-2.572123235931143559e-01,6.615817940816896836e-02,-4.172278111493062380e-01,1.740790463964411450e-01,5.532148343185320227e-01,3.060466529100808186e-01,6.830026202620930187e-01,4.664925792848848562e-01
1.556000000000000050e+00,1.048713765248000129e+01,7.238490289908584840e-02,5.239574167710086584e-03,2.450722045256184256e-01,6.006038543104654653e-02,-2.528523715317401166e-01,6.393432178922514586e-02,-4.110324840512428191e-01,1.689477029453351764e-01,5.467934591364168595e-01,2.989830869543683711e-01,6.779621601117338248e-01,4.596326905433681942e-01
1.560000000000000497e+00,1.066604480000002297e+01,7.093651698438940834e-02,5.031989441876567187e-03,2.402607934059172723e-01,5.772524884804085959e-02,-2.485235340745564070e-01,6.176394698890719931e-02,-4.048526293989555547e-01,1.639056515312480589e-01,5.403279656850052959e-01,2.919543105012962769e-01,6.727775358148637697e-01,4.526296126971203204e-01
1.564000000000000057e+00,1.084696820608000500e+01,6.950650454507174836e-02,4.831154174074079634e-03,2.355073378877018397e-01,5.546370619895216181e-02,-2.442267012942407334e-01,5.964668162506629040e-02,-3.986903322476689215e-01,1.589539810277566245e-01,5.338219688237398897e-01,2.849658943988539472e-01,6.674537011770352857e-01,4.454944432149230971e-01
1.568000000000000504e+00,1.102991986688002513e+01,6.809489759500221562e-02,4.636915078473838672e-03,2.308120548028056440e-01,5.327420464229335600e-02,-2.399627337625543644e-01,5.758211359479854796e-02,-3.925476334822405877e-01,1.540936445525074860e-01,5.272790466332269999e-01,2.780231930184447475e-01,6.619956217165196000e-01,4.382382031718413118e-01
1.572000000000000064e+00,1.121491180928000020e+01,6.670172099029086921e-02,4.449119583066609394e-03,2.261751356306002658e-01,5.115519197752042835e-02,-2.357324624874735097e-01,5.556979387040810597e-02,-3.864265291923151824e-01,1.493254624636192185e-01,5.207027384284150795e-01,2.711313418068504455e-01,6.564082705007159291e-01,4.308718175817410345e-01
1.576000000000000512e+00,1.140195609088002193e+01,6.532699251022991427e-02,4.267615950431635080e-03,2.215967467420383585e-01,4.910511816665508872e-02,-2.315366888724912642e-01,5.360923829403681923e-02,-3.803289700908408788e-01,1.446501254903597433e-01,5.140965428334370868e-01,2.642952553532920135e-01,6.506966240368527998e-01,4.234060965329573545e-01
1.580000000000000071e+00,1.159106480000000516e+01,6.397072294194586228e-02,4.092253393715199021e-03,2.170770296574546787e-01,4.712243680490346004e-02,-2.273761846978672452e-01,5.169992936775864162e-02,-3.742568609759429066e-01,1.400681979875662564e-01,5.074639159192111393e-01,2.575196259600601723e-01,6.448656582206584442e-01,4.158517171523630762e-01
1.584000000000000519e+00,1.178225005568002359e+01,6.263291616865299116e-02,3.922882187789513038e-03,2.126161013177636228e-01,4.520560653956552655e-02,-2.232516921235807028e-01,4.984131803604206767e-02,-3.682120602361093065e-01,1.355801213033202002e-01,5.008082694048217043e-01,2.508089227042524794e-01,6.389203443465603094e-01,4.082192064199272052e-01
1.588000000000000078e+00,1.197552400768000602e+01,6.131356926139692326e-02,3.759353775572117813e-03,2.082140543686812062e-01,4.335309243664413337e-02,-2.191639237137237572e-01,4.803282545759492844e-02,-3.621963793985937818e-01,1.311862172494500933e-01,4.941329689236090283e-01,2.441673909772603679e-01,6.328656451828603702e-01,4.005189248527181167e-01
1.592000000000000526e+00,1.217089883648002413e+01,6.001267257417414180e-02,3.601520869495033247e-03,2.038709574575925110e-01,4.156336729467549618e-02,-2.151135624820526004e-01,4.627384476371994987e-02,-3.562115827208953145e-01,1.268866916645252363e-01,4.874413323548172361e-01,2.375990524878393850e-01,6.267065111152019252e-01,3.927610510741887384e-01
1.596000000000000085e+00,1.236838675328000292e+01,5.873020984231192704e-02,3.449237548121992635e-03,1.995868555426752455e-01,3.983491290541271712e-02,-2.111012619583950145e-01,4.456374280042691566e-02,-3.502593868251339115e-01,1.226816380591187888e-01,4.807366282215605469e-01,2.311077057138349322e-01,6.204478763615265402e-01,3.849555672815281326e-01
1.600000000000000533e+00,1.256800000000002804e+01,5.746615828399048720e-02,3.302359347920648391e-03,1.953617702138824574e-01,3.816622126110181396e-02,-2.071276462755946013e-01,4.290186185166783989e-02,-3.443414603750924452e-01,1.185710413332513591e-01,4.740220741557871764e-01,2.246969267869546039e-01,6.140946552615836884e-01,3.771122456208433338e-01
1.604000000000000092e+00,1.276975084928000470e+01,5.622048870478774107e-02,3.160743350205165794e-03,1.911957000253806105e-01,3.655579570819532387e-02,-2.031933102766555754e-01,4.128752134118522654e-02,-3.384594237956547458e-01,1.145547815560866156e-01,4.673008354308310630e-01,2.183700707943526664e-01,6.076517386439296287e-01,3.692406354769905419e-01
1.608000000000000540e+00,1.297365160448002896e+01,5.499316560512543944e-02,3.024248263272751470e-03,1.870886208390322158e-01,3.500215204745116271e-02,-1.992988196417328217e-01,3.972001951058794916e-02,-3.326148490343263653e-01,1.106326377981277226e-01,4.605760235620607324e-01,2.121302734802399115e-01,6.011239902732146145e-01,3.613500516819918018e-01
1.612000000000000099e+00,1.317971459968000580e+01,5.378414729049337678e-02,2.892734499765486043e-03,1.830404861785046855e-01,3.350381958046336206e-02,-1.954447110345979288e-01,3.819863507139748676e-02,-3.268092593644845723e-01,1.068042920063629470e-01,4.538506949760450215e-01,2.059804533302390661e-01,5.945162433804241919e-01,3.534495636431717602e-01
1.616000000000000547e+00,1.338795219968002925e+01,5.259338598432781314e-02,2.766064249296489204e-03,1.790512275935828568e-01,3.205934210276900620e-02,-1.916314922681943700e-01,3.672262882893503888e-02,-3.210441292299603400e-01,1.030693329130234759e-01,4.471278497485779990e-01,1.999233140207869464e-01,5.878332972786004529e-01,3.455479853894314335e-01
1.620000000000000107e+00,1.359837680000000582e+01,5.142082794341825552e-02,2.644101546386623709e-03,1.751207550342563646e-01,3.066727884376802687e-02,-1.878596424888804017e-01,3.529124527604995953e-02,-3.153208841305184529e-01,9.942725996885184991e-02,4.404104304118151569e-01,1.939613472155202745e-01,5.810799140664286710e-01,3.376538665314481324e-01
1.624000000000000554e+00,1.381100082688003106e+01,5.026641357571633162e-02,2.526712333764959215e-03,1.712489572341480693e-01,2.932620535378307330e-02,-1.841296123789437633e-01,3.390371415482008183e-02,-3.096409005477615550e-01,9.587748729202875964e-02,4.337013208306941259e-01,1.880968356902886773e-01,5.742608154219368544e-01,3.297754841290678196e-01
1.628000000000000114e+00,1.402583673728000413e+01,4.913007756041893465e-02,2.413764521092780137e-03,1.674357021028460013e-01,2.803471433867298773e-02,-1.804418243769582431e-01,3.255925198448503949e-02,-3.040055059109471047e-01,9.241934762417089444e-02,4.270033451487302290e-01,1.823318567682056246e-01,5.673806794884080906e-01,3.219208354567276720e-01
1.631999999999999673e+00,1.424289701887998483e+01,4.801174897019783866e-02,2.305128039177293392e-03,1.636808371266982032e-01,2.679141644249670440e-02,-1.767966729155395766e-01,3.125706355400428849e-02,-2.984159786021670646e-01,8.905209628508903297e-02,4.203192668031955348e-01,1.766682860459758697e-01,5.604441378544648966e-01,3.140976316554344727e-01
1.636000000000000121e+00,1.446219419008000351e+01,4.691135139544655441e-02,2.200674889747065207e-03,1.599841897776243527e-01,2.559494097880292418e-02,-1.731945246760437096e-01,2.999634337776071330e-02,-2.928735480003089586e-01,8.577491511828927440e-02,4.136517876096080792e-01,1.711078013926243258e-01,5.534557726301401193e-01,3.063132922576253803e-01
1.639999999999999680e+00,1.468374079999998472e+01,4.582880307041548029e-02,2.100279190866923430e-03,1.563455679294989686e-01,2.444393661119757810e-02,-1.696357188597415466e-01,2.877627711306127503e-02,-2.873793945631779589e-01,8.258691641949872375e-02,4.070035469153841512e-01,1.656518872017033184e-01,5.464201136206024989e-01,2.985749405691521252e-01
1.644000000000000128e+00,1.490754942848000297e+01,4.476401700110547305e-02,2.003817218075259858e-03,1.527647602816554762e-01,2.333707198391166138e-02,-1.661205674749903216e-01,2.759604293821281071e-02,-2.819346499471303003e-01,7.948714684081090165e-02,4.003771208224208289e-01,1.603018388780513559e-01,5.393416355990583444e-01,2.908893998906674216e-01
1.647999999999999687e+00,1.513363268607998080e+01,4.371690109479056674e-02,1.911167441331700642e-03,1.492415367890613798e-01,2.227303630316075991e-02,-1.626493556399132012e-01,2.645481289007896308e-02,-2.765403971635327363e-01,7.647459126336442203e-02,3.937750214783070635e-01,1.550587675402411991e-01,5.322247556802092161e-01,2.832631905588584020e-01
1.652000000000000135e+00,1.536200321408000846e+01,4.268735829103958296e-02,1.822210557867585783e-03,1.457756490987125453e-01,2.125053987015097096e-02,-1.592223419000877438e-01,2.535175416014843683e-02,-2.711976707713352197e-01,7.354817663179752385e-02,3.871996964357793947e-01,1.499236049199597076e-01,5.250738307954939676e-01,2.757025277862550361e-01
1.655999999999999694e+00,1.559267368447998159e+01,4.167528669410754810e-02,1.736829521036057679e-03,1.423668309917943686e-01,2.026831456664614228e-02,-1.558397585607360081e-01,2.428603034826849055e-02,-2.659074571050129565e-01,7.070677574405430377e-02,3.806535280799710486e-01,1.448971084397293052e-01,5.178931552712027209e-01,2.682133202767620905e-01
1.660000000000000142e+00,1.582565680000000441e+01,4.068057970656756978e-02,1.654909565262397200e-03,1.390147988311581095e-01,1.932511429406735814e-02,-1.525018120328995308e-01,2.325680267331782167e-02,-2.606706945371045081e-01,6.794921099045644897e-02,3.741388331229254516e-01,1.399798664505842727e-01,5.106869585104027998e-01,2.608011695926058526e-01
1.663999999999999702e+00,1.606096529407998119e+01,3.970312616405408113e-02,1.576338227198795629e-03,1.357192520136606961e-01,1.841971536714754124e-02,-1.492086831930758695e-01,2.226323114021168045e-02,-2.554882737745498567e-01,6.527425803629934020e-02,3.676578621647782485e-01,1.351723036115750898e-01,5.034594027794742077e-01,2.534713702470648422e-01
1.668000000000000149e+00,1.629861193088001414e+01,3.874281047098978442e-02,1.501005363191035757e-03,1.324798734269178324e-01,1.755091686321216815e-02,-1.459605277557860792e-01,2.130447566274759966e-02,-2.503610381880009839e-01,6.268064944257369098e-02,3.612127993209417465e-01,1.304746863932709222e-01,4.962145810999067375e-01,2.462289104961559172e-01
1.671999999999999709e+00,1.653860950527997886e+01,3.779951273716827820e-02,1.428803163167346795e-03,1.292963299100213792e-01,1.671754092820108839e-02,-1.427574766585365806e-01,2.037969714191261578e-02,-2.452897841732595008e-01,6.016707821976422649e-02,3.548057619145587593e-01,1.258871286877705498e-01,4.889565152458717479e-01,2.390784738013864152e-01
1.676000000000000156e+00,1.678097084288000573e+01,3.687310891506615645e-02,1.359626161062331287e-03,1.261682727177749763e-01,1.591843304058684211e-02,-1.395996364586331029e-01,1.948805849938252399e-02,-2.402752615439687767e-01,5.773220131002260169e-02,3.484388002334289913e-01,1.214095975081114359e-01,4.816891538479382562e-01,2.320244409347427261e-01
1.679999999999999716e+00,1.702570879999998255e+01,3.596347093775876386e-02,1.293371241891019124e-03,1.230953379880034004e-01,1.515246223438079277e-02,-1.364870897413002770e-01,1.862872566604975577e-02,-2.353181739546680029e-01,5.537464299335938950e-02,3.421138973505458147e-01,1.170419187603797956e-01,4.744163706031643835e-01,2.250708926962790013e-01
1.684000000000000163e+00,1.727283626368000924e+01,3.507046685731515789e-02,1.229937645590041019e-03,1.200771472114951360e-01,1.441852128245107480e-02,-1.334198955385562657e-01,1.780086852551926446e-02,-2.304191793532973098e-01,5.309299821384699108e-02,3.358329690073229012e-01,1.127837830722735052e-01,4.671419625916599094e-01,2.182216132139877807e-01
1.687999999999999723e+00,1.752236615167998224e+01,3.419396098354921670e-02,1.169226967744486098e-03,1.171133077041406206e-01,1.371552684140472239e-02,-1.303980897582886489e-01,1.700366181261070420e-02,-2.255788904622214042e-01,5.088583582216688050e-02,3.295978635585294358e-01,1.086347516623469844e-01,4.598696486995775823e-01,2.114800937950729043e-01
1.692000000000000171e+00,1.777431141248001012e+01,3.333381402300487212e-02,1.111143157320276364e-03,1.142034130808330522e-01,1.304241955931139015e-02,-1.274216856229749562e-01,1.623628596700026419e-02,-2.207978752868256511e-01,4.875170173117661376e-02,3.234103619778971872e-01,1.045942622346744816e-01,4.526030681483582674e-01,2.048495372973074269e-01
1.695999999999999730e+00,1.802868502527998018e+01,3.248988321805530016e-02,1.055592511522871531e-03,1.113470437307027966e-01,1.239816414756704163e-02,-1.244906741174907211e-01,1.549792794222727352e-02,-2.160766576507199832e-01,4.668912198150644566e-02,3.172721779233071415e-01,1.006616348841986586e-01,4.453457791299268442e-01,1.983328629888415906e-01
1.700000000000000178e+00,1.828550000000000963e+01,3.166202248599747637e-02,1.002483667903809710e-03,1.085437672932617892e-01,1.178174941821376852e-02,-1.216050244454447843e-01,1.478778197037722286e-02,-2.114157177565735846e-01,4.469660571452718084e-02,3.111849578604122812e-01,9.683607799858656717e-02,4.381012575474010906e-01,1.919327118646142749e-01
1.703999999999999737e+00,1.854476937727998020e+01,3.085008255802487373e-02,9.517275938369505099e-04,1.057931391350391825e-01,1.119218828804575960e-02,-1.187646844934832080e-01,1.410505028283661096e-02,-2.068154927715905866e-01,4.277264805035584094e-02,3.051502812435023526e-01,9.311669414298857916e-02,4.308728958607579429e-01,1.856514523874355505e-01
1.708000000000000185e+00,1.880650622848001419e+01,3.005391111796366921e-02,9.032375734864602369e-04,1.030947028262954729e-01,1.062851775084217541e-02,-1.159695813030026251e-01,1.344894378759373642e-02,-2.022763774366248823e-01,4.091573286888392641e-02,2.991696607523701701e-01,8.950248591468826231e-02,4.236640020367707371e-01,1.794911866218128760e-01
1.711999999999999744e+00,1.907072365567998773e+01,2.927335294065894905e-02,8.569291923883859104e-04,1.004479906174090276e-01,1.008979881907509125e-02,-1.132196215487145524e-01,1.281868270363414886e-02,-1.977987246979224789e-01,3.912433549212452483e-02,2.932445425838927644e-01,8.599236175523650161e-02,4.164777986024179590e-01,1.734537567287162130e-01
1.716000000000000192e+00,1.933743479168001045e+01,2.850825002990026516e-02,8.127203197673085093e-04,9.785252391453438947e-02,9.575116436444524454e-03,-1.105146920235045849e-01,1.221349715305006765e-02,-1.933828463604725378e-01,3.739692526647812876e-02,2.873763067969982155e-01,8.258514170828244738e-02,4.093174218008412968e-01,1.675407517896878307e-01
1.719999999999999751e+00,1.960665279999998489e+01,2.775844175577745626e-02,7.705310887088893815e-04,9.530781375413951984e-02,9.083579362593746306e-03,-1.078546601290321927e-01,1.163262771154904666e-02,-1.890290137619403121e-01,3.573196804381181813e-02,2.815662677096493760e-01,7.927956311194193917e-02,4.021859208488212101e-01,1.617535149290142693e-01
1.724000000000000199e+00,1.987839087488001510e+01,2.702376499136024957e-02,7.302838743082677936e-04,9.281336127603648234e-02,8.614320031356068746e-03,-1.052393743715202973e-01,1.107532591810900247e-02,-1.847374584661498342e-01,3.412792856053243479e-02,2.758156743464387217e-01,7.607428621518073919e-02,3.950862572946260420e-01,1.560931507030754450e-01
1.727999999999999758e+00,2.015266224127998740e+01,2.630405424859747626e-02,6.919032699131589951e-04,9.036865819452731541e-02,8.166494383879308386e-03,-1.026686648621868148e-01,1.054085474458403386e-02,-1.805083729750798782e-01,3.258327271411054493e-02,2.701257109353509822e-01,7.296789970832880112e-02,3.880213044749838414e-01,1.505605327264681048e-01
1.732000000000000206e+00,2.042948015488001445e+01,2.559914181333404481e-02,6.553160615791874671e-04,8.797318726729465299e-02,7.739281677966494341e-03,-1.001423438217751566e-01,1.002848902611862963e-02,-1.763419114583349712e-01,3.109646973677925030e-02,2.644974974522199540e-01,6.995892615848710305e-02,3.809938470698244761e-01,1.451563115050648056e-01
1.735999999999999766e+00,2.070885790207998056e+01,2.490885787934651874e-02,6.204512008534832047e-04,8.562642276167596600e-02,7.331884274961259808e-03,-9.766020608864531272e-02,9.537515853276674893e-03,-1.722381904990509527e-01,2.966599426638736464e-02,2.589320902113749767e-01,6.704582734123162857e-02,3.740065807533377029e-01,1.398809224468029189e-01
1.740000000000000213e+00,2.099080880000001414e+01,2.423303068130067822e-02,5.872397760008600661e-04,8.332783091796755470e-02,6.943527405493389419e-03,-9.522202962989265163e-02,9.067234926836153369e-03,-1.681972898551941653e-01,2.829032831463220224e-02,2.534304825009447981e-01,6.422700946066169092e-02,3.670621119397989296e-01,1.347345940217054838e-01
1.743999999999999773e+00,2.127534619647998682e+01,2.357148662653705748e-02,5.556149817850153296e-04,8.107687040941431722e-02,6.573458915384963047e-03,-9.282757605496727571e-02,8.616958876240733700e-03,-1.642192532352169387e-01,2.696796313313230831e-02,2.479936052612613795e-01,6.150082825047832602e-02,3.601629576225235940e-01,1.297173560434037309e-01
1.748000000000000220e+00,2.156248347008001787e+01,2.292405042559338482e-02,5.255120879151482577e-04,7.887299279855011780e-02,6.220948993000139163e-03,-9.047659113127368147e-02,8.186013542735671306e-03,-1.603040890870312540e-01,2.569740097802285239e-02,2.426223278047847653e-01,5.886559394941243140e-02,3.533115453042201537e-01,1.248290480452560053e-01
1.751999999999999780e+00,2.185223403007998400e+01,2.229054522137543029e-02,4.968684062661830490e-04,7.671564298956304317e-02,5.885289879302093088e-03,-8.816880530123773207e-02,7.773738228247567203e-03,-1.564517713992699399e-01,2.447715677396941972e-02,2.373174585759492417e-01,5.631957614494738362e-02,3.465102130169316896e-01,1.200693277250393792e-01
1.756000000000000227e+00,2.214461131648002024e+01,2.167079271689088468e-02,4.696232569784510101e-04,7.460425967636916122e-02,5.565795561859121846e-03,-8.590393420033473615e-02,7.379485911095440276e-03,-1.526622405138076122e-01,2.330575967869564363e-02,2.320797459493132153e-01,5.386100847989776230e-02,3.397612094296733609e-01,1.154376794331143652e-01
1.759999999999999787e+00,2.243962879999999060e+01,2.106461330146367633e-02,4.437179335402004318e-04,7.253827578608894322e-02,5.261801454018697616e-03,-8.368167917558165525e-02,7.002623429644976201e-03,-1.489354039485201731e-01,2.218175454930887761e-02,2.269098790643821750e-01,5.148809321701254549e-02,3.330666940418000599e-01,1.109334226799340573e-01
1.764000000000000234e+00,2.273729998208001035e+01,2.047182617534908447e-02,4.190956669537079446e-04,7.051711891762993401e-02,4.972664060443161664e-03,-8.150172780400434525e-02,6.642531635038015358e-03,-1.452711372292713465e-01,2.110370331188578599e-02,2.218084886954594104e-01,4.919900565736374382e-02,3.264287374600663982e-01,1.065557206397729495e-01
1.767999999999999794e+00,2.303763839487998766e+01,1.989224947267321728e-02,3.957015890830679005e-04,6.854021177508987095e-02,4.697760630174168534e-03,-7.936375441059988212e-02,6.298605514146011879e-03,-1.416692847301208313e-01,2.007018623594404583e-02,2.167761481548711455e-01,4.699189840886264236e-02,3.198493217572732639e-01,1.023035886285877244e-01
1.772000000000000242e+00,2.334065760128002154e+01,1.932570038262323292e-02,3.734826952789237491e-04,6.660697259570486084e-02,4.436488798364978010e-03,-7.726742058532391766e-02,5.970254283909338239e-03,-1.381296605207603390e-01,1.907980311558049591e-02,2.118133742279037501e-01,4.486490550180999987e-02,3.133303409103357362e-01,9.817590253498721664e-02
1.775999999999999801e+00,2.364637119487998262e+01,1.877199526881805428e-02,3.523878063725274117e-04,6.471681557207753510e-02,4.188266217790297466e-03,-7.521237569864226702e-02,5.656901458233713764e-03,-1.346520492201947194e-01,1.813117435919774090e-02,2.069206281377865830e-01,4.281614634893615712e-02,3.068736013155446973e-01,9.417140718437187752e-02
1.780000000000000249e+00,2.395479280000002120e+01,1.823094978679226999e-02,3.323675301285411335e-04,6.286915126843128920e-02,3.952530181212895490e-03,-7.319825741519733753e-02,5.357984888621492026e-03,-1.312362068556968964e-01,1.722294198987126337e-02,2.020983165390508041e-01,4.084372954791837262e-02,3.004808223787452937e-01,9.028872461740708455e-02
1.783999999999999808e+00,2.426593607167998812e+01,1.770237899952909616e-02,3.133742222429687641e-04,6.106338703064703721e-02,3.728737235654592825e-03,-7.122469220514922317e-02,5.072956779718244824e-03,-1.278818617260787660e-01,1.635377055852792888e-02,1.973467925375947396e-01,3.894575652487645978e-02,2.941536371781008352e-01,8.652636226510578010e-02
1.788000000000000256e+00,2.457981469568002098e+01,1.718609749098159306e-02,2.953619469695237991e-04,5.929892738985027140e-02,3.516362789586734844e-03,-6.929129585276391778e-02,4.801283680955258266e-03,-1.245887152683350374e-01,1.552234797221425933e-02,1.926663567357869145e-01,3.712032501784150174e-02,2.878935931970700857e-01,8.288272100392007902e-02
1.791999999999999815e+00,2.489644238847998992e+01,1.668191947752438800e-02,2.782864374546075706e-04,5.757517445932713168e-02,3.314900714021955241e-03,-6.739767396183134196e-02,4.542446455465318569e-03,-1.213564429267310341e-01,1.472738623982892611e-02,1.880572583009435250e-01,3.536553239966779005e-02,2.817021531251824307e-01,7.935610307536372643e-02
1.796000000000000263e+00,2.521583289728001986e+01,1.618965891728134029e-02,2.621050558579072196e-04,5.589152832455906300e-02,3.123862938454988018e-03,-6.554342245750834073e-02,4.295940227443408553e-03,-1.181846950234229088e-01,1.396762213777948299e-02,1.835196960555230961e-01,3.367947884031157607e-02,2.755806957241595523e-01,7.594471985581180418e-02
1.799999999999999822e+00,2.553799999999998604e+01,1.570912961727801219e-02,2.467767533324412245e-04,5.424738742617713633e-02,2.942779042565761213e-03,-6.372812808419320296e-02,4.061274309115334158e-03,-1.150730976297140856e-01,1.324181779809770892e-02,1.790538195873886129e-01,3.206027030883310674e-02,2.695305167568998739e-01,7.264669946324148198e-02
1.804000000000000270e+00,2.586295750528002202e+01,1.524014533837081756e-02,2.322620299346657554e-04,5.264214893564814896e-02,2.771195844562961402e-03,-6.195136889905127064e-02,3.837972108466336865e-03,-1.120212534370710195e-01,1.254876122161249601e-02,1.746597303784994670e-01,3.050602141589012911e-02,2.635528299768153948e-01,6.946009418878816566e-02
1.807999999999999829e+00,2.619071925247998678e+01,1.478251989790799539e-02,2.185228945320458140e-04,5.107520912351558307e-02,2.608676987010849664e-03,-6.021271476082280805e-02,3.625571018868208820e-03,-1.090287426270392795e-01,1.188726671883317230e-02,1.703374829504072097e-01,2.901485809788026740e-02,2.576487681749838332e-01,6.638288774208656040e-02
1.812000000000000277e+00,2.652129911168002252e+01,1.433606727008088742e-02,2.055228247722844606e-04,4.954596372003035321e-02,2.454802520946563951e-03,-5.851172781355817171e-02,3.423622291727916860e-03,-1.060951237392201985e-01,1.125617528124044607e-02,1.660870860249443748e-01,2.758492014425727168e-02,2.518193842825636741e-01,6.341300230044948083e-02
1.815999999999999837e+00,2.685471098367998977e+01,1.390060168392702120e-02,1.932267271751947433e-04,4.805380826801673722e-02,2.309168489059313777e-03,-5.684796296493709739e-02,3.231690893262859684e-03,-1.032199345364889775e-01,1.065435488571707043e-02,1.619085036985115078e-01,2.621436356989091318e-02,2.460656525259011795e-01,6.054830535299753763e-02
1.820000000000000284e+00,2.719096880000002159e+01,1.347593771894981321e-02,1.816008974050142822e-04,4.659813846783064650e-02,2.171386508667118385e-03,-5.522096835884306165e-02,3.049355346488346382e-03,-1.004026928666554297e-01,1.008070073487594108e-02,1.578016566283868827e-01,2.490136283466331743e-02,2.403884696317478420e-01,5.778661633189375452e-02
1.823999999999999844e+00,2.753008652287998359e+01,1.306189039832291593e-02,1.706129807778003905e-04,4.517835051427820936e-02,2.041083355190982055e-03,-5.363028584187628373e-02,2.876207559481355758e-03,-9.764289751978993959e-02,9.534135436060200974e-03,1.537664232295030686e-01,2.364411291279466115e-02,2.347886560799997691e-01,5.512571302385241290e-02
1.828000000000000291e+00,2.787207814528002459e+01,1.265827527965019718e-02,1.602319330554032766e-04,4.379384142537388891e-02,1.917900546790794010e-03,-5.207545142350284567e-02,2.711852640961604378e-03,-9.494002908045977296e-02,9.013609121798547494e-03,1.498026408801561016e-01,2.244083121466901656e-02,2.292669574013690981e-01,5.256333775608119235e-02
1.831999999999999851e+00,2.821695769087999039e+01,1.226490854325570749e-02,1.504279815744268434e-04,4.244400936282828607e-02,1.801493930791855198e-03,-5.055599572955055132e-02,2.555908704206333402e-03,-9.229355077414222452e-02,8.518099514499168426e-03,1.459101071351379675e-01,2.128975936418743900e-02,2.238240455173938492e-01,5.009720335177239581e-02
1.836000000000000298e+00,2.856473921408002425e+01,1.188160707798090708e-02,1.411725867555259850e-04,4.112825394416669278e-02,1.691533272495863169e-03,-4.907144444877602207e-02,2.408006660289310936e-03,-8.970290930710601851e-02,8.046611938158887770e-03,1.420885809448066139e-01,2.018916483490885982e-02,2.184605201202014513e-01,4.772499885118894336e-02
1.839999999999999858e+00,2.891543679999998417e+01,1.150818856446952226e-02,1.324384040353870917e-04,3.984597654639054215e-02,1.587701846935505191e-03,-4.762131877224135695e-02,2.267790001607426862e-03,-8.716753569907333132e-02,7.598179279849223700e-03,1.383377838786362390e-01,1.913734244845227001e-02,2.131769100894465863e-01,4.544439499528399318e-02
1.844000000000000306e+00,2.926906456448002558e+01,1.114447155592351683e-02,1.241992462607883400e-04,3.859658060110429667e-02,1.489696034097540535e-03,-4.620513582525189594e-02,2.134914576629976316e-03,-8.468684610800124302e-02,7.171861903720285099e-03,1.346574013518172241e-01,1.813261573882438832e-02,2.079736749438565180e-01,4.325304946965289471e-02
1.847999999999999865e+00,2.962563665407998670e+01,1.079027555631653819e-02,1.164300465812421814e-04,3.737947188104105006e-02,1.397224918105538505e-03,-4.482240909162125975e-02,2.009048356776652316e-03,-8.226024264634367034e-02,6.766747520235337487e-03,1.310470838535058302e-01,1.717333818650778818e-02,2.028512063248330000e-01,4.114861190743996505e-02
1.852000000000000313e+00,2.998516724608002448e+01,1.044542109605416623e-02,1.091068218738934135e-04,3.619405877793076959e-02,1.310009890820307494e-03,-4.347264883004276631e-02,1.889871196300218700e-03,-7.988711418818068843e-02,6.381951013315420237e-03,1.275064481753539203e-01,1.625789432629421577e-02,1.978098295095772341e-01,3.912872865060801342e-02
1.855999999999999872e+00,3.034767054847998224e+01,1.010972980507324898e-02,1.022066367315863918e-04,3.503975257166515311e-02,1.227784260283514787e-03,-4.215536248236075034e-02,1.777074586019228384e-03,-7.756683716662643446e-02,6.016614228033939811e-03,1.240350786389814441e-01,1.538470073297831114e-02,1.928498049512273882e-01,3.719104726972644742e-02
1.860000000000000320e+00,3.071316080000003623e+01,9.783024483375344499e-03,9.570756804232142937e-05,3.391596769072339340e-02,1.150292864398193022e-03,-4.087005507354869727e-02,1.670361401714903511e-03,-7.529877636095178017e-02,5.669905721456630805e-03,1.206325283210877009e-01,1.455220688913802692e-02,1.879713298435229940e-01,3.533322084314251960e-02
1.863999999999999879e+00,3.108165227007998510e+01,9.465129168992159753e-03,8.958867018570621681e-05,3.282212196383319652e-02,1.077291690208741475e-03,-3.961622960321500853e-02,1.569445647974649239e-03,-7.308228567288393984e-02,5.341020479173017380e-03,1.172983202749317139e-01,1.375889593932045664e-02,1.831745397075395798e-01,3.355291199706899458e-02
1.868000000000000327e+00,3.145315925888003505e+01,9.155869203383593460e-03,8.382994086946812383e-05,3.175763686285098392e-02,1.008547499112711710e-03,-3.839338742847078767e-02,1.474052198232658805e-03,-7.091670889156960478e-02,5.029179600011627130e-03,1.140319487469467902e-01,1.300328533502629995e-02,1.784595099980663957e-01,3.184779670874995916e-02
1.871999999999999886e+00,3.182769609727998628e+01,8.855071294271625246e-03,7.841228762663336076e-05,3.072193773685514759e-02,9.438374583072043581e-04,-3.720102863800744258e-02,1.383916531725849774e-03,-6.880138044671464670e-02,4.733629951373568949e-03,1.108328803872919016e-01,1.228392737494375317e-02,1.738262577272369214e-01,3.021556787545579340e-02
1.876000000000000334e+00,3.220527714688002874e+01,8.562563575915975098e-03,7.331749499160296628e-05,2.971445403745540462e-02,8.829487787440497585e-04,-3.603865241724565210e-02,1.298784468051045931e-03,-6.673562614943849558e-02,4.453643797557619091e-03,1.077005554531778875e-01,1.159940964492304528e-02,1.692747431030558192e-01,2.865393865260554285e-02
1.879999999999999893e+00,3.258591679999999258e+01,8.278175666839901470e-03,6.852819237106024875e-05,2.873461953533066812e-02,8.256783598402068309e-04,-3.490575740443027652e-02,1.218411899976939083e-03,-6.471876392040733228e-02,4.188518403385417532e-03,1.046343890038460289e-01,1.094835536220817480e-02,1.648048711805087940e-01,2.716064556482409784e-02
1.884000000000000341e+00,3.296962947968003732e+01,8.001738725017125756e-03,6.402782262343870298e-05,2.778187252801670240e-02,7.718324411629691852e-04,-3.380184203755898231e-02,1.142564525132089498e-03,-6.275010450483546609e-02,3.937575615367771946e-03,1.016337720861138771e-01,1.032942362845214006e-02,1.604164935229805966e-01,2.573345139420847583e-02
1.887999999999999901e+00,3.335642963967999464e+01,7.733085500533158976e-03,5.980061135855617666e-05,2.685565603897384704e-02,7.212262612836724826e-04,-3.272640489204568098e-02,1.071017577158111514e-03,-6.082895217397022575e-02,3.700161422583157257e-03,9.869807290944285216e-02,9.741309596037696708e-03,1.561094098717535628e-01,2.437014785050714907e-02
1.892000000000000348e+00,3.374633176448003979e+01,7.472050385736725593e-03,5.583153696698835139e-05,2.595541800797331392e-02,6.736837239686253994e-04,-3.167894500903226801e-02,1.003555556885290427e-03,-5.895460541270095001e-02,3.475645499367268319e-03,9.582663800952187505e-02,9.182744552207942196e-03,1.518833698214039352e-01,2.306855802830535401e-02
1.895999999999999908e+00,3.413935036927999533e+01,7.218469462899239700e-03,5.210630138680883946e-05,2.508061147284922424e-02,6.290370718520161327e-04,-3.065896221427527601e-02,9.399719640563591059e-04,-5.712635759295828924e-02,3.263420731838543275e-03,9.301879339940127833e-02,8.652495925480499159e-03,1.477380744989630346e-01,2.182653865666115203e-02
1.900000000000000355e+00,3.453550000000003450e+01,6.972180549402446845e-03,4.861130161346580348e-05,2.423069474267124795e-02,5.871265677125160924e-04,-2.966595742754603304e-02,8.800690300929736110e-04,-5.534349763259504423e-02,3.062902730209053105e-03,9.027384570725166535e-02,8.149367218776680175e-03,1.436731782447605577e-01,2.064198214695073946e-02
1.903999999999999915e+00,3.493479523327998493e+01,6.733023240476566050e-03,4.533360195679756013e-05,2.340513156240086115e-02,5.478001834532930095e-04,-2.869943296249571549e-02,8.236574523687856513e-04,-5.360531063946483155e-02,2.873529328753521468e-03,8.759108329986366182e-02,7.672197873643655207e-03,1.396882902929199588e-01,1.951281844495907775e-02
1.908000000000000362e+00,3.533725067648003204e+01,6.500838949513179123e-03,4.226090704750761113e-05,2.260339126910147767e-02,5.109132968640928705e-04,-2.775889281694816565e-02,7.705561304228164673e-04,-5.191107854043972708e-02,2.694760075231701982e-03,8.496977739104524807e-02,7.219863069883784498e-03,1.357829764495311342e-01,1.843701669349392600e-02
1.911999999999999922e+00,3.574288096768000145e+01,6.275470945979225515e-03,3.938153559382939311e-05,2.182494893978017755e-02,4.763283962240119174e-04,-2.684384295359545231e-02,7.205919045172962676e-04,-5.026008069513271392e-02,2.526075711481251974e-03,8.240918313411452201e-02,6.791273464832025750e-03,1.319567607665790843e-01,1.741258671200818578e-02
1.916000000000000369e+00,3.615170077568003393e+01,6.056764390960240815e-03,3.668439488760397643e-05,2.106928553094579784e-02,4.439147927845219551e-04,-2.595379157108261212e-02,6.735992969151987936e-04,-4.865159449411476239e-02,2.366977646819778004e-03,7.990854069772747315e-02,6.385374876440368282e-03,1.282091272097685142e-01,1.643758029989060565e-02
1.919999999999999929e+00,3.656372479999999570e+01,5.844566370362871272e-03,3.415895605757662655e-05,2.033588800997462517e-02,4.135483411542297222e-04,-2.508824936547921630e-02,6.294202562244682929e-04,-4.708489594144044804e-02,2.216987425816275160e-03,7.746707632432138502e-02,6.001147914238234675e-03,1.245395213184387062e-01,1.551009237022584961e-02
1.924000000000000377e+00,3.697896777088003972e+01,5.638725925808378558e-03,3.179523006638355654e-05,1.962424947838183054e-02,3.851111675897695287e-04,-2.424672978214637356e-02,5.879039051284238974e-04,-4.555926022131965430e-02,2.075646191913919220e-03,7.508400337049646323e-02,5.637607562140723935e-03,1.209473518558262795e-01,1.462826192093704541e-02
1.927999999999999936e+00,3.739744444927998757e+01,5.439094083250521280e-03,2.958374444645082890e-05,1.893386928710256295e-02,3.584914061810857348e-04,-2.342874925801860173e-02,5.489062917951072207e-04,-4.407396224879606139e-02,1.942514148308300322e-03,7.275852332869819916e-02,5.293802716972720139e-03,1.174319924479922117e-01,1.379027285030529938e-02
1.932000000000000384e+00,3.781916962688003281e+01,5.245523879352785232e-03,2.751552076886029259e-05,1.826425314389279117e-02,3.335829429041977192e-04,-2.263382745433032903e-02,5.122901452323973866e-04,-4.262827720431584116e-02,1.817170017407993563e-03,7.048982682960587554e-02,4.968815686467824115e-03,1.139927832097933497e-01,1.299435462391494538e-02
1.935999999999999943e+00,3.824415812608000209e+01,5.057870385661388142e-03,2.558205283815047758e-05,1.761491321296552309e-02,3.102851675003073947e-04,-2.186148747982681606e-02,4.779246348306246599e-04,-4.122148105209259838e-02,1.699210500128029095e-03,6.827709462467203283e-02,4.661761650386418709e-03,1.106290323563389744e-01,1.223878280009989619e-02
1.940000000000000391e+00,3.867242480000004434e+01,4.875990730611934852e-03,2.377528560501351125e-05,1.698536820698336516e-02,2.885027331268012881e-04,-2.111125610450928503e-02,4.456851343101805711e-04,-3.985285104219635222e-02,1.588249736191490926e-03,6.611949854829901607e-02,4.371788088278515290e-03,1.073400177984383391e-01,1.152187942096905872e-02
1.943999999999999950e+00,3.910398453247999129e+01,4.699744119408894721e-03,2.208759478791848602e-05,1.637514347153349106e-02,2.681453237133059049e-04,-2.038266396397331662e-02,4.154529902682564126e-04,-3.852166619631570282e-02,1.483918766540371845e-03,6.401620245917868934e-02,4.098074177294555934e-03,1.041249887206081026e-01,1.084201327606676424e-02
1.948000000000000398e+00,3.953885223808004667e+01,4.528991851818323783e-03,2.051176719383677004e-05,1.578377106221583170e-02,2.491274289444418981e-04,-1.967524575440890433e-02,3.871152954963856031e-04,-3.722720777716371360e-02,1.385864998884118538e-03,6.196636316036154002e-02,3.839830163321811610e-03,1.009831671402730835e-01,1.019760004568032868e-02
1.951999999999999957e+00,3.997704286207999758e+01,4.363597337915439862e-03,1.904098172746271440e-05,1.521078981447981752e-02,2.313681267802829658e-04,-1.898854041833923298e-02,3.605646672189026991e-04,-3.596875974151806515e-02,1.293751677343050674e-03,5.996913129766039824e-02,3.596296708596031805e-03,9.791374944685840576e-02,9.587102330742164683e-03
1.956000000000000405e+00,4.041857138048004572e+01,4.203426111829698837e-03,1.766879107761173975e-05,1.465574540634921596e-02,2.147908734157261319e-04,-1.832209132118392883e-02,3.356990303818034225e-04,-3.474560917690604211e-02,1.207257357074297422e-03,5.802365223603315331e-02,3.366744218808115363e-03,9.491590791953606610e-02,9.009029576189849300e-03
1.959999999999999964e+00,4.086345279999999747e+01,4.048345843531070583e-03,1.638910406883529420e-05,1.411819041417847025e-02,1.993233005710008437e-04,-1.767544641874045641e-02,3.124214061017648015e-04,-3.355704672196452298e-02,1.126075384700109911e-03,5.612906691362717915e-02,3.150472152594437168e-03,9.198879222245370801e-02,8.461937894545759620e-03
1.964000000000000412e+00,4.131170215808003832e+01,3.898226348702088333e-03,1.519616866571521559e-05,1.359768436158769259e-02,1.848970199973665033e-04,-1.704815841568542087e-02,2.906397053663056546e-04,-3.240236697052361475e-02,1.049913385292479753e-03,5.428451267320580365e-02,2.946808316167441599e-03,8.913153087633855776e-02,7.944429796359692847e-03
1.967999999999999972e+00,4.176333452287999393e+01,3.752939596741124238e-03,1.408455561678743289e-05,1.309379376172677308e-02,1.714474350746349564e-04,-1.643978491520478244e-02,2.702665280581947362e-04,-3.128086885948110074e-02,9.784927566040544419e-04,5.248912407071423813e-02,2.755108145710832759e-03,8.634323270543392548e-02,7.455153834024714696e-03
1.972000000000000419e+00,4.221836499328004777e+01,3.612359716943082041e-03,1.304914272459310317e-05,1.260609215302212205e-02,1.589135593704859130e-04,-1.584988855986924419e-02,2.512189673602739626e-04,-3.019185604055211330e-02,9.115481711734231812e-04,5.074203366077889577e-02,2.574753980031618296e-03,8.362298825879048436e-02,6.992804165329811507e-03
1.975999999999999979e+00,4.267680869887999506e+01,3.476363002904396451e-03,1.208509972796247262e-05,1.213416012856248331e-02,1.472378420255955026e-04,-1.527803716387785005e-02,2.334184195808327450e-04,-2.913463723599604011e-02,8.488270868730869809e-04,4.904237275896983911e-02,2.405154325829746923e-03,8.096987120499848922e-02,6.556120042954043450e-03
1.980000000000000426e+00,4.313868080000004568e+01,3.344827915199821179e-03,1.118787378229998184e-05,1.167758535928263910e-02,1.363659998233322530e-04,-1.472380383679917915e-02,2.167903994245422316e-04,-2.810852657843838573e-02,7.900892664107771234e-04,4.738927218069034775e-02,2.245743117815552151e-03,7.838293969951104501e-02,6.143885235937184691e-03
1.983999999999999986e+00,4.360399648767999992e+01,3.217635082379054472e-03,1.035317552335646500e-05,1.123596261110627013e-02,1.262468557981780344e-04,-1.418676709894573992e-02,2.012643607197293308e-04,-2.711284393492166198e-02,7.351063062394183915e-04,4.578186295659272820e-02,2.095978975776237666e-03,7.586123772377136032e-02,5.754927388982550990e-03
1.988000000000000433e+00,4.407277098368005142e+01,3.094667300331657277e-03,9.576965699742028115e-06,1.080889375621108504e-02,1.168321842330589797e-04,-1.366651098852275995e-02,1.867735225994133380e-04,-2.614691521533429527e-02,6.836611752778801133e-04,4.421927702445178909e-02,1.955344460565210021e-03,7.340379639541989854e-02,5.388117325260259258e-03
1.991999999999999993e+00,4.454501954047999845e+01,2.975809530069157237e-03,8.855442359250418493e-06,1.039598777858121229e-02,1.080765618924099333e-04,-1.316262516069807015e-02,1.732547011210418850e-04,-2.521007266538101074e-02,6.355477637937907796e-04,4.270064789746039202e-02,1.823345330862888606e-03,7.100963524891873435e-02,5.042368298184481644e-03
1.996000000000000441e+00,4.502075744128005397e+01,2.860948893973504041e-03,8.185028573928215738e-06,9.996860774013257775e-03,9.993722533500495702e-05,-1.267470497874471740e-02,1.606481462982161333e-04,-2.430165514427214471e-02,5.905704427511288424e-04,4.122511130894297715e-02,1.699509802434738103e-03,6.867776348599194391e-02,4.716635197437848460e-03
2.000000000000000000e+00,4.550000000000000000e+01,2.749974670561309252e-03,7.562360688728781559e-06,9.611135944743658122e-03,9.237393414834356312e-05,-1.220235159741274444e-02,1.488973845068813527e-04,-2.342100838732249710e-02,5.485436338790307224e-04,3.979180583351295958e-02,1.583387811491995898e-03,6.640718119534010089e-02,4.409913714310731772e-03
2.004000000000000448e+00,4.598276256128003325e+01,2.642778287813459838e-03,6.984277078538242273e-06,9.238443588866024347e-03,8.534883994465974736e-05,-1.174517203869081608e-02,1.379490662184445766e-04,-2.256748525366293612e-02,5.092913906742940625e-04,3.839987348473059697e-02,1.474550283643315902e-03,6.419688054114722209e-02,4.121239471214326738e-03
2.008000000000000007e+00,4.646906050048000481e+01,2.539253315119819991e-03,6.447807398346995797e-06,8.878421084707842359e-03,7.882636095738478445e-05,-1.130277926012246414e-02,1.277528190030545224e-04,-2.174044595927984366e-02,4.726469905083672900e-04,3.704846028934544178e-02,1.372588409811206127e-03,6.204584691995557871e-02,3.849687120014561297e-03
2.012000000000000455e+00,4.695890922368004539e+01,2.439295453888755318e-03,5.950162311362349244e-06,8.530712870336448067e-03,7.277306207612392055e-05,-1.087479221584532543e-02,1.182611057378100803e-04,-2.093925829560888685e-02,4.384525379702255868e-04,3.573671683823613499e-02,1.277112930376270118e-03,5.995306008554144445e-02,3.594369413620542800e-03
2.016000000000000014e+00,4.745232416768001116e+01,2.342802526871210888e-03,5.488723679914131180e-06,8.194970418364486489e-03,6.715754015786900265e-05,-1.046083591052514999e-02,1.094290879469325450e-04,-2.016329783392004082e-02,4.065585795393645836e-04,3.446379881418629859e-02,1.187753428704708828e-03,5.791749524148039063e-02,3.354436255046903872e-03
2.020000000000000462e+00,4.794932080000005925e+01,2.249674466248970106e-03,5.061035204092588881e-06,7.870852206225064165e-03,6.195031445223795859e-05,-1.006054144635934802e-02,1.012144941939142358e-04,-1.941194811574088047e-02,3.768237296482159046e-04,3.322886749666160294e-02,1.104157635110693996e-03,5.593812410114525763e-02,3.129073727955128045e-03
2.024000000000000021e+00,4.844991461887998696e+01,2.159813300536589115e-03,4.664793493174754552e-06,7.558023682086738304e-03,5.712372197898397768e-05,-9.673546063327509784e-03,9.357749343931916479e-05,-1.868460082957457830e-02,3.491143081605390026e-04,3.203109024377705921e-02,1.025990742204989804e-03,5.401391591493361760e-02,2.917503112465519213e-03
2.028000000000000469e+00,4.895412115328007019e+01,2.073123140346297584e-03,4.297839555039294894e-06,7.256157226577978660e-03,5.265181769681982228e-05,-9.299493172868690538e-03,8.648057327223138786e-05,-1.798065597417747644e-02,3.233039892617241783e-04,3.086964095166769978e-02,9.529347324848795077e-04,5.214383846457265603e-02,2.718979889819446698e-03
2.032000000000000028e+00,4.946195596288001184e+01,1.989510163064882667e-03,3.958150688938456090e-06,6.964932110490314014e-03,4.851027930373906033e-05,-8.938032385167406918e-03,7.988842291830136350e-05,-1.729952200866943096e-02,2.992734617284380011e-04,2.974370049149822198e-02,8.846877189279515625e-04,5.032685902440087178e-02,2.532792739261919331e-03
2.036000000000000476e+00,4.997343463808005737e+01,1.908882596491279313e-03,3.643832767187288425e-06,6.684034448628476538e-03,4.467631651045218290e-05,-8.588819530231908000e-03,7.376782092289305886e-05,-1.664061598975734996e-02,2.769101005185679735e-04,2.865245712436863615e-02,8.209632992637829916e-04,4.856194528957461648e-02,2.358262530307638372e-03
2.040000000000000036e+00,5.048857279999999292e+01,1.831150701483195888e-03,3.353112891542400504e-06,6.413157149974919695e-03,4.112858463027443181e-05,-8.251516672949795253e-03,6.808752740396845288e-05,-1.600336369635928582e-02,2.561076495979503474e-04,2.759510689439339734e-02,7.614899245129980176e-04,4.684806627119495609e-02,2.194741313350274600e-03
2.044000000000000483e+00,5.100738610048005484e+01,1.756226753660718523e-03,3.084332410273666067e-06,6.151999864334969925e-03,3.784710233077749018e-05,-7.925792122307264223e-03,6.281818076602788614e-05,-1.538719974192253280e-02,2.367659158978208567e-04,2.657085400025101588e-02,7.060102823026553984e-04,4.518419315839688338e-02,2.041611311375319659e-03
2.048000000000000043e+00,5.152989022207999170e+01,1.684025024214342572e-03,2.835940282180116936e-06,5.900268925627481092e-03,3.481317339472526825e-05,-7.611320434959018000e-03,5.793219876362473399e-05,-1.479156767473482556e-02,2.187904742762602031e-04,2.557891114551943609e-02,6.542806953903784490e-04,4.356930014748692376e-02,1.898283915341804047e-03
2.052000000000000490e+00,5.205610087808007336e+01,1.614461759864378645e-03,2.606486774064386825e-06,5.657677291984394841e-03,3.200931234023587387e-05,-7.307782413336552131e-03,5.340368380067100391e-05,-1.421592006653266127e-02,2.020923833380459738e-04,2.461849986812964311e-02,6.060705357570992779e-04,4.200236523825880142e-02,1.764198685608091375e-03
2.056000000000000050e+00,5.258603381247999664e+01,1.547455162018137502e-03,2.394617478456579976e-06,5.423944482820924722e-03,2.941917375272354738e-05,-7.014865098482800376e-03,4.920833234991211114e-05,-1.365971858971525010e-02,1.865879119502123883e-04,2.368885084928642679e-02,5.611616545597382421e-04,4.048237099765750885e-02,1.638822361591981899e-03
2.060000000000000497e+00,5.311970480000008621e+01,1.482925365170671434e-03,2.199067638666569155e-06,5.198796513036267435e-03,2.702748518395805370e-05,-6.732261757801208737e-03,4.532334837555262129e-05,-1.312243408347633401e-02,1.721982762751813690e-04,2.278920420222018198e-02,5.193478281704899495e-04,3.900830529100226401e-02,1.521647881676035235e-03
2.064000000000000057e+00,5.365712964607999425e+01,1.420794414594233040e-03,2.018656768542169405e-06,4.981965824502753055e-03,2.481998347651339699e-05,-6.459671867907054547e-03,4.172736064102981843e-05,-1.260354660916941649e-02,1.588493871295058846e-04,2.191880974114797376e-02,4.804342204686433025e-04,3.757916198101700356e-02,1.412193415195513776e-03
2.068000000000000504e+00,5.419832418688006470e+01,1.360986243360932111e-03,1.852283554617702259e-06,4.773191214999249719e-03,2.278335437494601227e-05,-6.196801092768412789e-03,3.840034378333579508e-05,-1.210254549522468345e-02,1.464716074639832910e-04,2.107692723083511716e-02,4.442368614939188796e-04,3.619394159495302465e-02,1.310001408178870785e-03
2.072000000000000064e+00,5.474330428928000458e+01,1.303426648742350312e-03,1.698921028651714342e-06,4.572217764742390889e-03,2.090517528822590402e-05,-5.943361257323479668e-03,3.532354303505373259e-05,-1.161892937193797354e-02,1.349995197500829648e-04,2.026282661716066399e-02,4.105821425171146937e-04,3.485165196012382505e-02,1.214637644349602936e-03
2.076000000000000512e+00,5.529208585088007055e+01,1.248043268029137842e-03,1.557611998872850330e-06,4.378796760666788142e-03,1.917386107122595647e-05,-5.699070316759976412e-03,3.247940247537465456e-05,-1.115220619645393950e-02,1.243717030482256400e-04,1.947578823910132290e-02,3.793063275343174206e-04,3.355130880820461625e-02,1.125690322743508722e-03
2.080000000000000071e+00,5.584468480000001733e+01,1.194765553812837363e-03,1.427464728577696002e-06,4.192685618602914367e-03,1.757861269643970245e-05,-5.463652321641312808e-03,2.985149669177650681e-05,-1.070189326826655532e-02,1.145305195253690169e-04,1.871510302255836519e-02,3.502550811449732819e-04,3.229193634868100793e-02,1.042769153147265733e-03
2.084000000000000519e+00,5.640111709568008536e+01,1.143524748771366888e-03,1.307648851052617740e-06,4.013647803498766181e-03,1.610936869053046879e-05,-5.236837379062729385e-03,2.742446573474859519e-05,-1.026751723556079861e-02,1.054219101825380685e-04,1.798007265646138150e-02,3.232830127316302588e-04,3.107256781186062619e-02,9.655044704226771078e-04
2.088000000000000078e+00,5.696139872768000600e+01,1.094253859998769573e-03,1.197391510122206819e-06,3.841452747828630592e-03,1.475675921380013703e-05,-5.018361610019129657e-03,2.518395324891379059e-05,-9.848614092719596216e-03,9.699519954731503470e-05,1.727000975159078203e-02,2.982532368200406883e-04,2.989224596188982952e-02,8.935463686461187849e-04
2.092000000000000526e+00,5.752554571648007453e+01,1.046887632918973776e-03,1.095973715958692022e-06,3.675875768329533565e-03,1.351206266419223907e-05,-4.807967103164521860e-03,2.311654766511224551e-05,-9.444729169319621490e-03,8.920290908179690512e-05,1.658423798256821249e-02,2.750369494624581865e-04,2.875002358024388374e-02,8.265638558645793969e-04
2.096000000000000085e+00,5.809357411328002740e+01,1.001362524822425101e-03,1.002726906118741876e-06,3.516697981203021229e-03,1.236716469099740540e-05,-4.605401865141062374e-03,2.120972633944477649e-05,-9.055417110938992001e-03,8.200057905308667675e-05,1.592209221347053172e-02,2.535130204542589160e-04,2.764496392018394449e-02,7.642440301482720860e-04
2.100000000000000533e+00,5.866550000000005838e+01,9.576166780635549580e-04,9.170297021054782907e-07,3.363706215916935534e-03,1.131451950699823010e-05,-4.410419767653537583e-03,1.945180252690908393e-05,-8.680241852098530622e-03,7.534659861092293581e-05,1.528291860752809678e-02,2.335676011643285312e-04,2.657614113269698639e-02,7.062912775050286720e-04
2.104000000000000092e+00,5.924133948928001558e+01,9.155898929561173249e-04,8.383048520833944242e-07,3.216692927738800875e-03,1.034711339136481919e-05,-4.222780491462859755e-03,1.783187507907931047e-05,-8.318776581656828553e-03,6.920204381552207151e-05,1.466607472137307876e-02,2.150937477328984345e-04,2.554264066445659925e-02,6.524264921135518444e-04
2.108000000000000540e+00,5.982110872448006234e+01,8.752236004024983949e-04,7.660163507015122311e-07,3.075456109129306136e-03,9.458430279180769727e-06,-4.042249467469660566e-03,1.633978075725875522e-05,-7.970603700977180531e-03,6.353052335803113055e-05,1.407092958430677075e-02,1.979910593665195218e-04,2.454355962836235819e-02,6.023863192309785678e-04
2.112000000000000099e+00,6.040482387968001632e+01,8.364608342921396296e-04,6.996667273047022655e-07,2.939799200121161280e-03,8.642419337033019664e-06,-3.868597815056484639e-03,1.496604905465980628e-05,-7.635314775182174343e-03,5.829803171611521779e-05,1.349686376305810585e-02,1.821653314385510039e-04,2.357800714723358795e-02,5.559224210349981337e-04
2.116000000000000547e+00,6.099250115968006725e+01,7.992462037032549860e-04,6.387944941340649482e-07,2.809530997805383210e-03,7.893464427629313002e-06,-3.701602277854319865e-03,1.370185942341628951e-05,-7.312510477808931673e-03,5.347280948806541084e-05,1.294326941250729252e-02,1.675282230847468688e-04,2.264510467125028723e-02,5.128007655718816015e-04
2.120000000000000107e+00,6.158415680000001657e+01,7.635258649410369032e-04,5.829717464339585559e-07,2.684465565043757905e-03,7.206355369905702195e-06,-3.541045157096335549e-03,1.253900080459541216e-05,-7.001800529174849637e-03,4.902521065035320488e-05,1.240955031285001509e-02,1.539969389671559208e-04,2.174398626974902854e-02,4.728009388990342572e-04
2.124000000000000554e+00,6.217980706688006620e+01,7.292474934445638884e-04,5.318019066951792788e-07,2.564422138522882196e-03,6.576260904546272396e-06,-3.386714242718687467e-03,1.146983336183361347e-05,-6.702803628760319217e-03,4.492757648572250648e-05,1.189512189367792142e-02,1.414939248654558084e-04,2.087379889799537494e-02,4.357154804339529136e-04
2.128000000000000114e+00,6.277946825728002977e+01,6.963602555936184617e-04,4.849176055704095871e-07,2.449225036261840505e-03,5.998703278251813665e-06,-3.238402742365122534e-03,1.048725232175794594e-05,-6.415147381911052646e-03,4.115411593164023648e-05,1.139941124545104829e-02,1.299465767429158281e-04,2.003370263956643846e-02,4.013492414505712971e-04
2.132000000000000561e+00,6.338315669888008586e+01,6.648147804456321737e-04,4.419786922989741070e-07,2.338703564682132353e-03,5.469534363456912580e-06,-3.095909208448905259e-03,9.584653826958726850e-06,-6.138468221158670593e-03,3.768079210217489247e-05,1.092185711883672354e-02,1.192869629242844130e-04,1.922287092498790873e-02,3.695187665987455239e-04
2.136000000000000121e+00,6.399088875008001054e+01,6.345631314319558026e-04,4.026703677727296286e-07,2.232691925345082432e-03,4.984913233501131322e-06,-2.959037463422263536e-03,8.755902709936464249e-06,-5.872411322453792090e-03,3.448521474008349572e-05,1.046190991238799516e-02,1.094515590149221950e-04,1.844049072727943842e-02,3.400516982628789555e-04
2.140000000000000568e+00,6.460268080000008695e+01,6.055587780416508189e-04,3.667014336632973445e-07,2.131029121458473917e-03,4.541285116504075072e-06,-2.827596523400119181e-03,7.995302099144440734e-06,-5.616630516601308666e-03,3.154653836001708092e-05,1.001903164903222496e-02,1.003809951843093884e-04,1.768576273506975577e-02,3.127862035211820681e-04
2.144000000000000128e+00,6.521854926848003231e+01,5.777565675199872923e-04,3.338026513124776202e-07,2.033558864250742566e-03,4.135361654372770159e-06,-2.701400520281416109e-03,7.297564770976705345e-06,-5.370788196182633110e-03,2.884536584825470173e-05,9.592695941837659987e-03,9.201981543254871508e-05,1.695790150394976131e-02,2.875704234176615685e-04
2.147999999999999687e+00,6.583851060607996430e+01,5.511126966078179566e-04,3.037252043623407900e-07,1.940129479307554005e-03,3.764102396478200814e-06,-2.580268622507749920e-03,6.657786164298041477e-06,-5.134555218244636621e-03,2.636365728920322699e-05,9.182387949522188494e-03,8.431624845553030293e-05,1.625613558673702844e-02,2.642619442143780270e-04
2.152000000000000135e+00,6.646258129408002446e+01,5.255846833469962317e-04,2.762392593689623135e-07,1.850593812962168924e-03,3.424697460573859004e-06,-2.464024954595423530e-03,6.071418976868978960e-06,-4.907610803029697176e-03,2.408464379401378802e-05,8.787604322164436696e-03,7.722198972292309486e-05,1.557970764332898030e-02,2.427272902516034413e-04
2.155999999999999694e+00,6.709077784447995896e+01,5.011313389759935793e-04,2.511326189038721603e-07,1.764809138827510464e-03,3.114551296489098995e-06,-2.352498515573325094e-03,5.534249265774697792e-06,-4.689642429015736073e-03,2.199274611202461300e-05,8.407853137572742983e-03,7.069199438299181911e-05,1.492787453082487954e-02,2.228414380080501211e-04
2.160000000000000142e+00,6.772311680000001388e+01,4.777127399388793566e-04,2.282094618999113682e-07,1.682637064554413529e-03,2.831267491012293649e-06,-2.245523096455332573e-03,5.042373976714345061e-06,-4.480345724529466965e-03,2.007349781130947361e-05,8.042653828762329898e-03,6.468428060930537008e-05,1.429990737459831303e-02,2.044873509220912131e-04
2.163999999999999702e+00,6.835961473407994049e+01,4.552902000298222548e-04,2.072891662431955644e-07,1.603943438897105110e-03,2.572634555181071750e-06,-2.142937196872146330e-03,4.592179829738252151e-06,-4.279424356190214898e-03,1.831347282035403537e-05,7.691537102985380667e-03,5.915974300660074451e-05,1.369509162100208607e-02,1.875555345076415463e-04
2.168000000000000149e+00,6.900028825088001838e+01,4.338262426942955446e-04,1.882052088502498165e-07,1.528598259163527814e-03,2.336612637917767604e-06,-2.044583940983666411e-03,4.180323491728300320e-06,-4.086589914435651179e-03,1.670021712876718154e-05,7.354044852752615602e-03,5.408197569629724064e-05,1.311272707238685629e-02,1.719436112749071874e-04
2.171999999999999709e+00,6.964515398527996126e+01,4.132845735071801504e-04,1.708041386990117921e-07,1.456475579124754055e-03,2.121321112586787848e-06,-1.950310992789191589e-03,3.803712968594362309e-06,-3.901561796374639415e-03,1.522218445093010300e-05,7.029730059278402159e-03,4.941710470632232550e-05,1.255212790511305021e-02,1.575559149463177434e-04
2.176000000000000156e+00,7.029422860288001118e+01,3.936300528469971341e-04,1.549446185043297491e-07,1.387453417454345044e-03,1.925026985605740943e-06,-1.859970470948871333e-03,3.459490152801766169e-06,-3.724067086206147431e-03,1.386867566256394511e-05,6.718156688774483930e-03,4.513362929492533598e-05,1.201262267123263602e-02,1.443031034414123137e-04
2.179999999999999716e+00,7.094752879999995798e+01,3.748286687845402902e-04,1.404965309427906107e-07,1.321413666765199925e-03,1.746134078713850836e-06,-1.773418863225979109e-03,3.145014464445723894e-06,-3.553840433436764295e-03,1.262978182633000881e-05,6.418899582010098581e-03,4.120227184392941604e-05,1.149355428451372119e-02,1.321017900910637284e-04
2.184000000000000163e+00,7.160507130368003459e+01,3.568475102032319648e-04,1.273401455382457337e-07,1.258242003308123651e-03,1.583172938888840189e-06,-1.690516940655701532e-03,2.857847526643912550e-06,-3.390623929122951914e-03,1.149633062874116492e-05,6.131544337548529983e-03,3.759583596332344144e-05,1.099427999147604626e-02,1.208741925309705315e-04
2.187999999999999723e+00,7.226687287167996487e+01,3.396547401675948014e-04,1.153653425183163325e-07,1.197827797393093011e-03,1.434791432207588775e-06,-1.611129671542284227e-03,2.595738818523948722e-06,-3.234166980357563483e-03,1.045983605683515980e-05,5.855687189062159202e-03,3.428907245614669011e-05,1.051417132809995096e-02,1.105477987166390895e-04
2.192000000000000171e+00,7.293295029248004369e+01,3.232195695553089182e-04,1.044708901435191790e-07,1.140064024590983207e-03,1.299745980166589944e-06,-1.535126135382500288e-03,2.356612251534410547e-06,-3.084226183213592543e-03,9.512451149220285015e-06,5.590934877119757562e-03,3.125855280019412038e-05,1.005261406286480155e-02,1.010550494969071703e-04
2.195999999999999730e+00,7.360332038527995735e+01,3.075122309674210440e-04,9.456377219456050904e-08,1.084847177770341961e-03,1.176893399116276018e-06,-1.462379436809575469e-03,2.138553617203491129e-06,-2.940565194351449883e-03,8.646923662231179673e-06,5.336904515831158990e-03,2.848254981109901899e-05,9.609008126765671357e-03,9.233303718024871924e-05
2.200000000000000178e+00,7.427800000000002001e+01,2.925039529303804934e-04,8.555856247989824705e-08,1.032077180020687978e-03,1.065183305519455539e-06,-1.392766619647856823e-03,1.939798856805317976e-06,-2.802954601489345172e-03,7.856554498010293345e-06,5.093223454725627833e-03,2.594092515976725895e-05,9.182767530949001444e-03,8.432321952745121566e-05
2.203999999999999737e+00,7.495700601727996570e+01,2.781669344027044551e-04,7.737684339499848055e-08,9.816572985107273504e-04,9.636510517193793421e-07,-1.326168581164724383e-03,1.758723105668458128e-06,-2.671171792929667201e-03,7.135158747343092663e-06,4.859529136231194313e-03,2.361502342587989847e-05,8.773320272599246378e-03,7.697114860560092062e-05
2.208000000000000185e+00,7.564035534848002840e+01,2.644743195982179559e-04,6.994666572694033807e-08,9.334940593268797708e-04,8.714111587985761620e-07,-1.262469986602456420e-03,1.593830467072006455e-06,-2.545000826327487725e-03,6.477029206007595611e-06,4.635468949112910020e-03,2.148757237818994573e-05,8.380108229699024386e-03,7.022621394146931885e-05
2.211999999999999744e+00,7.632806493567996142e+01,2.514001731369738184e-04,6.320204705330040600e-08,8.874971633345430516e-04,7.876512149268605602e-07,-1.201559184069017020e-03,1.443744472820601925e-06,-2.424232296880584909e-03,5.876902229238916596e-06,4.420700078218604834e-03,1.954258918156197790e-05,8.002587045275363561e-03,6.404139941720907029e-05
2.216000000000000192e+00,7.702015175168006067e+01,2.389194555341380604e-04,5.708250623272897632e-08,8.435794031016278236e-04,7.116262093372986703e-07,-1.143328119863039512e-03,1.307199189669552945e-06,-2.308663205113668966e-03,5.329925794645718380e-06,4.214889350871085100e-03,1.776529224008647676e-05,7.640226001733889903e-03,5.837305335757061845e-05
2.219999999999999751e+00,7.771663279999997087e+01,2.270079990363224360e-04,5.153263162647496501e-08,8.016565809210588530e-04,6.426532737340421553e-07,-1.087672254304604532e-03,1.183030932784060407e-06,-2.198096824422758871e-03,4.831629649537416906e-06,4.017713080236024435e-03,1.614201839509964465e-05,7.292507885871708610e-03,5.318067126550105896e-05
2.224000000000000199e+00,7.841752511488004984e+01,2.156424838140644337e-04,4.650168082549903940e-08,7.616474279661670154e-04,5.801068045274775635e-07,-1.034490478139803897e-03,1.070170549361920171e-06,-2.092342568538995036e-03,4.377897424120359166e-06,3.828856905984956600e-03,1.466014520650869445e-05,6.958928845148070960e-03,4.842669067183386642e-05
2.227999999999999758e+00,7.912284576127997582e+01,2.048004145183890325e-04,4.194320978690397511e-08,7.234735246101885999e-04,5.234139408118891251e-07,-9.836850295835174781e-04,9.676362374267255731e-07,-1.991215859064521948e-03,3.964940597390061771e-06,3.648015632562846399e-03,1.330801805542290519e-05,6.638998235779736135e-03,4.407629757468644569e-05
2.232000000000000206e+00,7.983261183488005486e+01,1.944600972086454893e-04,3.781472940639585436e-08,6.870592219384502120e-04,4.720503744506685666e-07,-9.351614120613157329e-04,8.745268666085139718e-07,-1.894537993226503604e-03,3.589274207778707266e-06,3.474893065359779820e-03,1.207488181568548767e-05,6.332238463215457761e-03,4.009724395502526094e-05
2.235999999999999766e+00,8.054684046207997028e+01,1.846006166580870216e-04,3.407738767054599844e-08,6.523315644792418043e-04,4.255364700159352214e-07,-8.888283127079560277e-04,7.900157694712720662e-07,-1.802136011988777131e-03,3.247694205706813730e-06,3.309201845076219835e-03,1.095081685145585754e-05,6.038184815531095172e-03,3.645967586651028441e-05
2.240000000000000213e+00,8.126554880000003322e+01,1.752018140429608252e-04,3.069567564394422303e-08,6.192202141768830131e-04,3.834336736452648511e-07,-8.445975216765426669e-04,7.133449736221579759e-07,-1.713842568654207199e-03,2.937256350131250799e-06,3.150663280561281834e-03,9.926679107477178436e-06,5.756385290273578759e-03,3.313597161007803140e-05
2.243999999999999773e+00,8.198875403647994631e+01,1.662442650201923855e-04,2.763715565210396241e-08,5.876573756280535112e-04,3.453411911300511886e-07,-8.023838523090989945e-04,6.438198464463899378e-07,-1.629495798084396214e-03,2.655256555974703542e-06,2.999007180393373998e-03,8.994044068051015915e-06,5.486400415268429670e-03,3.010058951665759650e-05
2.248000000000000220e+00,8.271647339008005417e+01,1.577092581980883885e-04,2.487221012139130930e-08,5.575777226000982112e-04,3.108929167399120683e-07,-7.621050622160395124e-04,5.808041258553134826e-07,-1.548939186657109736e-03,2.399212603961988785e-06,2.853971683462517769e-03,8.145154370005877381e-06,5.227803063891696238e-03,2.732992487483540750e-05
2.251999999999999780e+00,8.344872411007996504e+01,1.495787740038442631e-04,2.237380963249311482e-08,5.289183258477312506e-04,2.797545954175668010e-07,-7.236817753088395887e-04,5.237153119141537617e-07,-1.472021443075548263e-03,2.166847128874219755e-06,2.715303088803628154e-03,7.372870864066523785e-06,4.980178265293170280e-03,2.480217555409849081e-05
2.256000000000000227e+00,8.418552347648002865e+01,1.418354639510224704e-04,2.011729883420179416e-08,5.016185822423470083e-04,2.516212020508222335e-07,-6.870374048270798872e-04,4.720203956315288306e-07,-1.398596370137476438e-03,1.956071806561724939e-06,2.582755684920032529e-03,6.670626927986746036e-06,4.743123010043471394e-03,2.249721588840384199e-05
2.259999999999999787e+00,8.492688879999994356e+01,1.344626303095733215e-04,1.808019894976898516e-08,4.756201452260065167e-04,2.262145225448075195e-07,-6.520980773980022223e-04,4.252319025461708885e-07,-1.328522737566201857e-03,1.764972664230395275e-06,2.456091578826612599e-03,6.032385843583002232e-06,4.516246051663218644e-03,2.039647839916361243e-05
2.264000000000000234e+00,8.567283742208005037e+01,1.274442061803939062e-04,1.624202568895075369e-08,4.508668566000964811e-04,2.032809223804519560e-07,-6.187925581637390314e-04,3.829042300388243500e-07,-1.261664155999481143e-03,1.591796442533883130e-06,2.335080525032070566e-03,5.452601058384050166e-06,4.299167704478004150e-03,1.848284295122667019e-05
2.267999999999999794e+00,8.642338671487996749e+01,1.207647359758684492e-04,1.458412145532121476e-08,4.273046796566673587e-04,1.825892892564871194e-07,-5.870521770084904554e-04,3.446302585304080271e-07,-1.197888952226626360e-03,1.434937941866604814e-06,2.219499754670066667e-03,4.926179160980486535e-06,4.091519638228258496e-03,1.674053295000749915e-05
2.272000000000000242e+00,8.717855408128005479e+01,1.144093563073009197e-04,1.308950081065093616e-08,4.048816336585342283e-04,1.639291372740035174e-07,-5.568107559151091839e-04,3.100382179027553071e-07,-1.137070045758414643e-03,1.292928288961043219e-06,2.109133804979305450e-03,4.448445407306482475e-06,3.892944669848462901e-03,1.515501820250155819e-05
2.275999999999999801e+00,8.793835695487997839e+01,1.083637772796398684e-04,1.174270822631139366e-08,3.835477296723786497e-04,1.471088609368360609e-07,-5.280045374778170224e-04,2.787887915971635007e-07,-1.079084826808828336e-03,1.164424063449039021e-06,2.003774349323101528e-03,4.015111643005219301e-06,3.703096552815428755e-03,1.371292407947351114e-05
2.280000000000000249e+00,8.870281280000004642e+01,1.026142641934075790e-04,1.052968721595444810e-08,3.632549077573161219e-04,1.319541280097762485e-07,-5.005721145951278926e-04,2.505724419102378711e-07,-1.023815035762242745e-03,1.048197227452842424e-06,1.903220027929521498e-03,3.622246474712048553e-06,3.521639764450692003e-03,1.240194663056032475e-05
2.283999999999999808e+00,8.947193911167997271e+01,9.714761965327615620e-05,9.437660004297607627e-09,3.439569755096931231e-04,1.183064010017756320e-07,-4.744543613644789434e-04,2.251069410177755717e-07,-9.711466441943503039e-04,9.431258045299479911e-07,1.807276279523903394e-03,3.266247550529762008e-06,3.348249291547379311e-03,1.121077331834752690e-05
2.288000000000000256e+00,9.024575341568007047e+01,9.195116608228711135e-05,8.455016943892348050e-09,3.256095479632517380e-04,1.060215777248331274e-07,-4.495943651975848384e-04,2.021350932174192720e-07,-9.209697375099640130e-04,8.481852574091720505e-07,1.715755174016430837e-03,2.943815817164153052e-06,3.182610414677277972e-03,1.012900905161227590e-05
2.291999999999999815e+00,9.102427326847994493e+01,8.701272864028410851e-05,7.571214945427718098e-09,3.081699888422422028e-04,9.496874202302768791e-08,-4.259373601731210757e-04,1.814226347912470581e-07,-8.731783992557995986e-04,7.624405169269205510e-07,1.628475246398413496e-03,2.651931628132373389e-06,3.024418491519282812e-03,9.147107211843773626e-06
2.296000000000000263e+00,9.180751625728007070e+01,8.232061854472308871e-05,6.776684237585806876e-09,2.915973531635827898e-04,8.502901637200722722e-08,-4.034306616410252575e-04,1.627562987521154153e-07,-8.276705971614461282e-04,6.850386174055847970e-07,1.545261331992141057e-03,2.387832584150125861e-06,2.873378739535945286e-03,8.256305380817178082e-06
2.299999999999999822e+00,9.259549999999997283e+01,7.786361679163820017e-05,6.062742819875082331e-09,2.758523311827495062e-04,7.609450861895731831e-08,-3.820236020904609281e-04,1.459420325541708105e-07,-7.843480709569800166e-04,6.152018964139357356e-07,1.465944403190496672e-03,2.148992993245541278e-06,2.729206018310505102e-03,7.448565490382281320e-06
2.304000000000000270e+00,9.338824214528003154e+01,7.363095827417683200e-05,5.421518016373569449e-09,2.608971936767392574e-04,6.806734566839799085e-08,-3.616674682913370554e-04,1.308033576202652946e-07,-7.431162220110739585e-04,5.522217194160117548e-07,1.390361407814066702e-03,1.933104844338713614e-06,2.591624611842579910e-03,6.716518128708203074e-06
2.307999999999999829e+00,9.418576037247997590e+01,6.961231629577099779e-05,4.845874580062464615e-09,2.466957385561703857e-04,6.085878742177437581e-08,-3.423154397172007931e-04,1.171798602687805241e-07,-7.038840048289799877e-04,4.954526922540834978e-07,1.318355109205182878e-03,1.738060193967409722e-06,2.460368011086689830e-03,6.053410749978674000e-06
2.312000000000000277e+00,9.498807239168007754e+01,6.579778747468616076e-05,4.329348836563966956e-09,2.332132387973820603e-04,5.438841475036474635e-08,-3.239225282553336071e-04,1.049258043113273963e-07,-6.665638204454558307e-04,4.443073267268418580e-07,1.249773928170259431e-03,1.561934871534120764e-06,2.335178697003874575e-03,5.453059546940713879e-06
2.315999999999999837e+00,9.579519594367997115e+01,6.217787703638103089e-05,3.866088392751319245e-09,2.204163916842521694e-04,4.858338572310566702e-08,-3.064455192079737315e-04,9.390885624264459620e-08,-6.310714117435188130e-04,3.982511267199578526e-07,1.184471786873888838e-03,1.402973413900223190e-06,2.215807924383077221e-03,4.909804757758840918e-06
2.320000000000000284e+00,9.660714880000006133e+01,5.874348448982307381e-05,3.450796970006083976e-09,2.082732693483780228e-04,4.337775472506202336e-08,-2.898429135867603410e-04,8.400891455646222589e-08,-5.973257607258974271e-04,3.567980644267720815e-07,1.122307954780477676e-03,1.259575145363538624e-06,2.102015506675445570e-03,4.418469190304030160e-06
2.323999999999999844e+00,9.742394876287995942e+01,5.548588968363463359e-05,3.078683953984472328e-09,1.967532705952572251e-04,3.871184948993051152e-08,-2.740748717007543498e-04,7.511703529778495912e-08,-5.652489877621605504e-04,3.195064181661471107e-07,1.063146896731724956e-03,1.130281324030297117e-06,1.993569602071547722e-03,3.974319758303708849e-06
2.328000000000000291e+00,9.824561366528004669e+01,5.239673923769153893e-05,2.745418282742644300e-09,1.858270740031557438e-04,3.453170143257432146e-08,-2.591031580367246056e-04,6.713444650460389129e-08,-5.347662528307769265e-04,2.859749451666704121e-07,1.006858123240984273e-03,1.013763280336357134e-06,1.890246501038484730e-03,3.573031834688234171e-06
2.331999999999999851e+00,9.907216137087995378e+01,4.946803334556133959e-05,2.447086323077568710e-09,1.754665922804669030e-04,3.078852500651960870e-08,-2.448910874288049290e-04,5.997164470206257834e-08,-5.058056587717677270e-04,2.558393644455419399e-07,9.533160430784949320e-04,9.088114779908388203e-07,1.791830415521166418e-03,3.210656237986756101e-06
2.336000000000000298e+00,9.990360977408005283e+01,4.669211294295034755e-05,2.180153411077231372e-09,1.656449278665400322e-04,2.743824212791125101e-08,-2.314034725131217899e-04,5.354756709113111185e-08,-4.782981565621776039e-04,2.287691265707773692e-07,9.023998182146375545e-04,8.143254319138109167e-07,1.698113269999577176e-03,2.883588677748656973e-06
2.339999999999999858e+00,1.007399767999999511e+02,4.406164723712752444e-05,1.941428757249067608e-09,1.563363297601911336e-04,2.444104800288722334e-08,-2.186065724615639792e-04,4.778883352339302193e-08,-4.521774526232868910e-04,2.044644486608848650e-07,8.539932211817607803e-04,7.293044218243997989e-07,1.608894494581665372e-03,2.588541494695192375e-06
2.344000000000000306e+00,1.015812804044800686e+02,4.156962159210800733e-05,1.728033439311052330e-09,1.475161515593991337e-04,2.176101497089561401e-08,-2.064680429875129252e-04,4.262905277509348692e-08,-4.273799181653402282e-04,1.826535944510129087e-07,8.079844949087243346e-04,6.528389440129063954e-07,1.523980820299600247e-03,2.322517540641042466e-06
2.347999999999999865e+00,1.024275385740799749e+02,3.920932576420999710e-05,1.537371226883941910e-09,1.391608106950394357e-04,1.936573123330060055e-08,-1.949568876150755781e-04,3.800818802855721188e-08,-4.038445005725543185e-04,1.630903806426958195e-07,7.642662150761453605e-04,5.841028475068168702e-07,1.443186076765555666e-03,2.082786052169956317e-06
2.352000000000000313e+00,1.032787693260800665e+02,3.697434248244452622e-05,1.367102002009101954e-09,1.312477488409076844e-04,1.722597157580598525e-08,-1.840434102021563131e-04,3.387197683883917350e-08,-3.815126368282976445e-04,1.455518920596805226e-07,7.227351550343773289e-04,5.223461043225654104e-07,1.366330992331873809e-03,1.866860380606602994e-06
2.355999999999999872e+00,1.041349907084799753e+02,3.485853636805852644e-05,1.215117557723258906e-09,1.237553934817410561e-04,1.531539741582055658e-08,-1.736991687065736728e-04,3.017140120935474584e-08,-3.603281689776022386e-04,1.298363893587514679e-07,6.832921533205362288e-04,4.668881667894152101e-07,1.293242996889487845e-03,1.672477449003703773e-06
2.360000000000000320e+00,1.049962208000000601e+02,3.285604318742696076e-05,1.079519573934065573e-09,1.166631206204500067e-04,1.361028371290166693e-08,-1.638969301833643252e-04,2.686220372353060142e-08,-3.402372616215784207e-04,1.157613941957503993e-07,6.458419838053731845e-04,4.171118680456599006e-07,1.223756027427803624e-03,1.497578814665879155e-06
2.363999999999999879e+00,1.058624777100799577e+02,3.096125943237850402e-05,9.585995856390469545e-10,1.099512186053299556e-04,1.208927047279705560e-08,-1.546106270004255769e-04,2.390444598146472550e-08,-3.211883214358396172e-04,1.031619378267722275e-07,6.102932284955268948e-04,3.724578247474933766e-07,1.157710336468909538e-03,1.340293223166955684e-06
2.368000000000000327e+00,1.067337795788800889e+02,2.916883222194216664e-05,8.508207731918116188e-10,1.036008530576233304e-04,1.073313675426726163e-08,-1.458153142587203502e-04,2.126210587236937274e-08,-3.031319187027211519e-04,9.188896013639314644e-08,5.765581530116124049e-04,3.324193038041618777e-07,1.094952303478936807e-03,1.198920546893829678e-06
2.371999999999999886e+00,1.076101445772799963e+02,2.747364951941742335e-05,7.548014179157852054e-10,9.759403287945443630e-05,9.524595253676033765e-09,-1.374871284024094936e-04,1.890271047634063531e-08,-2.860207108448800314e-04,8.180784703221046724e-08,5.445525847577741170e-04,2.965375175663727886e-07,1.035334249349712703e-03,1.071917007876533015e-06
2.376000000000000334e+00,1.084915909068800630e+02,2.587083065859825911e-05,6.692998789658676260e-10,9.191357732185218856e-05,8.448105696100101050e-09,-1.296032470034795450e-04,1.679700163384493052e-08,-2.698093679457949580e-04,7.279709503130936900e-08,5.141957937936925127e-04,2.643973143551255603e-07,9.787142540344645741e-04,9.578815910502383705e-07
2.379999999999999893e+00,1.093781367999999787e+02,2.435571717292164178e-05,5.932009590073501930e-10,8.654308409231401900e-05,7.489705404209335154e-09,-1.221418497047002455e-04,1.491863144928558256e-08,-2.544545002407422622e-04,6.474709269276590068e-08,4.854103764156291649e-04,2.356232335319628064e-07,9.249559774123071064e-04,8.555435601507563465e-07
2.384000000000000341e+00,1.102698005196800750e+02,2.292386392126206088e-05,5.255035370805404187e-10,8.146689848114244126e-05,6.636855548136768640e-09,-1.150820803040715322e-04,1.324388520711276807e-08,-2.399145875600040758e-04,5.755900932408686161e-08,4.581221414488907836e-04,2.098758964857175037e-07,8.739284834475218684e-04,7.637509941808854731e-07
2.387999999999999901e+00,1.111666003596799754e+02,2.157103050405632296e-05,4.653093570069283911e-10,7.667008348560484571e-05,5.878301701689617299e-09,-1.084040099633045286e-04,1.175142937612422740e-08,-2.261499107043621890e-04,5.114378211159099366e-08,4.322599992501020383e-04,1.868487069516982145e-07,8.255060677012712863e-04,6.814602678116158838e-07
2.392000000000000348e+00,1.120685546444800735e+02,2.029317296341561050e-05,4.118128689231023105e-10,7.213839091082330311e-05,5.203947443202753764e-09,-1.020886015223227176e-04,1.042208256078359263e-08,-2.131224847313476411e-04,4.542119349806351131e-08,4.077558534138891870e-04,1.662648359932890912e-07,7.795680882453340146e-04,6.077264042104849162e-07
2.395999999999999908e+00,1.129756817292799838e+02,1.908643576086500702e-05,3.642920300536265701e-10,6.785823342619440269e-05,4.604739843723887371e-09,-9.611767490126443348e-05,9.238607428425158269e-09,-2.007959941292443971e-04,4.031903125835155241e-08,3.845444951749920574e-04,1.478744687693894817e-07,7.359988000197316372e-04,5.416942336304849291e-07
2.400000000000000355e+00,1.138880000000000763e+02,1.794714402634314143e-05,3.220999787023042879e-10,6.381665755606756596e-05,4.072565781628395559e-09,-9.047387357101734843e-05,8.185521798944430926e-09,-1.891357298544845994e-04,3.577232430758857491e-08,3.625635004934356950e-04,1.314522918900535404e-07,6.946871926687240044e-04,4.825902956579528465e-07
2.403999999999999915e+00,1.148055278732799991e+02,1.687179607209667877e-05,2.846575026984169171e-10,6.000131758337113095e-05,3.600158111740561470e-09,-8.514063207291511367e-05,7.248927229775501915e-09,-1.781085282068190054e-04,3.172264781999924443e-08,3.417531298072008284e-04,1.167952017330174644e-07,6.555268318825737024e-04,4.297154273180040615e-07
2.408000000000000362e+00,1.157282837964800848e+02,1.585705616511466740e-05,2.514462302236010881e-10,5.640045034486892885e-05,3.181010799104025470e-09,-8.010214456787547929e-05,6.416353564372823527e-09,-1.676827115154966655e-04,2.811749174118927909e-08,3.220562304338300927e-04,1.037202155612482700e-07,6.184157042657457450e-04,3.824379832824983168e-07
2.411999999999999922e+00,1.166562862476799722e+02,1.489974755176674614e-05,2.220024771063791338e-10,5.300285089675331734e-05,2.809302203183463820e-09,-7.534333439495553278e-05,5.676618037750089561e-09,-1.578280306086390168e-04,2.490968724580149569e-08,3.034181415995919296e-04,9.206256865175002058e-08,5.832560657457590845e-04,3.401876382292212362e-07
2.416000000000000369e+00,1.175895537356800560e+02,1.399684572833571414e-05,1.959116903428297402e-10,4.979784902933256821e-05,2.479825767948198429e-09,-7.084982461904108634e-05,5.019697648548880382e-09,-1.485156090370416346e-04,2.205688612764340198e-08,2.857866020721900680e-04,8.167398192396830586e-08,5.499542935308006451e-04,3.024497249729620401e-07
2.419999999999999929e+00,1.185281047999999942e+02,1.314547195116906033e-05,1.728034328189725034e-10,4.677528660964924744e-05,2.187927437414832369e-09,-6.660790954717259876e-05,4.436613614244326794e-09,-1.397178890227791987e-04,1.952108851298164348e-08,2.691116603705489803e-04,7.242108574739369665e-08,5.184207416183977827e-04,2.687600653401695467e-07
2.424000000000000377e+00,1.194719580108800869e+02,1.234288698021500387e-05,1.523468590063610694e-10,4.392549573097131831e-05,1.929449175211579500e-09,-6.260452719283742548e-05,3.919326825038720914e-09,-1.314085791022227042e-04,1.726821466166512196e-08,2.533455875229221124e-04,6.418398671733459042e-08,4.885695998519353801e-04,2.387002538994802790e-07
2.427999999999999936e+00,1.204211319692799691e+02,1.158648504975615925e-05,1.342466358082229814e-10,4.123927764822605472e-05,1.700678020947477110e-09,-5.882723266742354002e-05,3.460643303307183451e-09,-1.235626034323984983e-04,1.526771696699217880e-08,2.384427923424532639e-04,5.685496522006628733e-08,4.603187565166003744e-04,2.118933576009892270e-07
2.432000000000000384e+00,1.213756453068800880e+02,1.087378806020760298e-05,1.182392667783134184e-10,3.870788247859887027e-05,1.498300165977021379e-09,-5.526417247793652643e-05,3.054128759671117059e-09,-1.161560527290230154e-04,1.349222858558757498e-08,2.243597391873645953e-04,5.033729256822226196e-08,4.335896644614129327e-04,1.879999971277606578e-07
2.435999999999999943e+00,1.223355166860799699e+02,1.020243998490559693e-05,1.040897816456005181e-10,3.632298964669164487e-05,1.319359576873668468e-09,-5.190405971002083927e-05,2.694031414381408538e-09,-1.091661368040334926e-04,1.191724542471695633e-08,2.110548681711536356e-04,4.454415737874303875e-08,4.083072107293787226e-04,1.667147783336052858e-07
2.440000000000000391e+00,1.233007648000000813e+02,9.570201485877966234e-06,9.158875648030082942e-11,3.407668905382836284e-05,1.161220736871305796e-09,-4.873615007530292232e-05,2.375212324162449052e-09,-1.025711386699964021e-04,1.052083848805963149e-08,1.984885177865326723e-04,3.939769169309469870e-08,3.843995896734439207e-04,1.477630445411120415e-07
2.443999999999999950e+00,1.242714083724799679e+02,8.974944732657015811e-06,8.054963295424791378e-11,3.196146295130713295e-05,1.021535113987778489e-09,-4.575021880208135977e-05,2.093082520438318902e-09,-9.635037017841369003e-05,9.283393833517349429e-09,1.866228499053527773e-04,3.482808810679583389e-08,3.617981795318568638e-04,1.308979227125657193e-07
2.448000000000000398e+00,1.252474661580800728e+02,8.414648418270167046e-06,7.080630800309662846e-11,2.997016849762669191e-05,8.982109997761354078e-10,-4.293653834842832618e-05,1.843546325346056153e-09,-9.048412915865369853e-05,8.187377629599924067e-09,1.754217771153981139e-04,3.077279988632441591e-08,3.404374224327302552e-04,1.158976385926412331e-07
2.451999999999999957e+00,1.262289569420799609e+02,7.887392966622245829e-06,6.221096780992207726e-11,2.809602097996021094e-05,7.893863949063643636e-10,-4.028585691683533962e-05,1.622950267523729813e-09,-8.495365802401006155e-05,7.217124011660449139e-09,1.648508923537227839e-04,2.717581670981869749e-08,3.202547077940486996e-04,1.025630778642515171e-07
2.456000000000000405e+00,1.272158995404800947e+02,7.391355925565876633e-06,5.463214241839779461e-11,2.633257768040920630e-05,6.934046472947850483e-10,-3.778937774963168488e-05,1.428037070704358291e-09,-7.974110381123104938e-05,6.358643637033526793e-09,1.548774007951187338e-04,2.398700927705184555e-08,3.011902590820652171e-04,9.071557216592156408e-08
2.459999999999999964e+00,1.282083127999999874e+02,6.924807540042615919e-06,4.795295946663106778e-11,2.467372236784356362e-05,6.087925754854238263e-10,-3.543873918452636139e-05,1.255904234988884059e-09,-7.482947961976332298e-05,5.599451020164574747e-09,1.454700539533456446e-04,2.116153659718929225e-08,2.831870238879793879e-04,8.019489049853100427e-08
2.464000000000000412e+00,1.292062155980801208e+02,6.486106499766880339e-06,4.206957752631817445e-11,2.311365039641965097e-05,5.342408346479102674e-10,-3.322599544977048651e-05,1.103966773628169003e-09,-7.020262741691364670e-05,4.928408896237995813e-09,1.365990859519218743e-04,1.865931028290053876e-08,2.661905672799725329e-04,7.085741810883358724e-08
2.467999999999999972e+00,1.302096268428799988e+02,6.073695856017033171e-06,3.688978135139848406e-11,2.164685439216575328e-05,4.685863050756257246e-10,-3.114359817860640976e-05,9.699237075104964254e-10,-6.584518217514617462e-05,4.335588015678187874e-09,1.282361519205572399e-04,1.644451065939223520e-08,2.501489683850912499e-04,6.257450638412537600e-08
2.472000000000000419e+00,1.312185654732801083e+02,5.686099102193004920e-06,3.233172299996009419e-11,2.026811050933150654e-05,4.107963036184742692e-10,-2.918437862286017318e-05,8.517279556024578747e-10,-6.174253730779952329e-05,3.812140913205016078e-09,1.203542684727035614e-04,1.448514993959960603e-08,2.350127201531058421e-04,5.523097863376204159e-08
2.475999999999999979e+00,1.322330504588799727e+02,5.321916412897125265e-06,2.832279430586380539e-11,1.897246523851490237e-05,3.599544372266563064e-10,-2.734153054574447084e-05,7.475592925838779269e-10,-5.788081136962364994e-05,3.350188324805954463e-09,1.129277562192011893e-04,1.275267812470333216e-08,2.207346322523241896e-04,4.872377787556879751e-08
2.480000000000000426e+00,1.332531008000001123e+02,4.979821036394223347e-06,2.479861755451443776e-11,1.775522274890529081e-05,3.152479348632439618e-10,-2.560859377416814238e-05,6.558000750903633534e-10,-5.424681598869873821e-05,2.942717044911740984e-09,1.059321842726031323e-04,1.122162766476474621e-08,2.072697370453984518e-04,4.296074389486862091e-08
2.483999999999999986e+00,1.342787355276800270e+02,4.658555835408267074e-06,2.170214247161641778e-11,1.661193274731320867e-05,2.759563096012569640e-10,-2.397943839109376013e-05,5.750134655522613362e-10,-5.082802499650298410e-05,2.583488125045132174e-09,9.934431669645995308e-05,9.869293259886531077e-09,1.945751985914205974e-04,3.785950790689076176e-08
2.488000000000000433e+00,1.353099737036801287e+02,4.356929971315464013e-06,1.898283877494696999e-11,1.553837883699632171e-05,2.414412168820151645e-10,-2.244824954874671060e-05,5.039239078028068730e-10,-4.761254472314277670e-05,2.266954415013271115e-09,9.314206085364080826e-05,8.675443500063327973e-09,1.826102246190528379e-04,3.334649413542093258e-08
2.491999999999999993e+00,1.363468344204799791e+02,4.073815726897776514e-06,1.659597457671965986e-11,1.453056735963487927e-05,2.111373877928865359e-10,-2.100951288375487705e-05,4.413996316126621734e-10,-4.458908542504281549e-05,1.988186539041765679e-09,8.730441760764814506e-05,7.622061333810623771e-09,1.713359814140720788e-04,2.935601852712325152e-08
2.496000000000000441e+00,1.373893368012801091e+02,3.808145462925836201e-06,1.450197186680263056e-11,1.358471670415875109e-05,1.845445279322497912e-10,-1.965800051558708864e-05,3.864369842708222181e-10,-4.174693381271294963e-05,1.742806482763035678e-09,8.181143333084575425e-05,6.693110623647419959e-09,1.607155115635170470e-04,2.582947565712298076e-08
2.500000000000000000e+00,1.384375000000000000e+02,3.558908703946095406e-06,1.266583116302327598e-11,1.269724706648030877e-05,1.612200830672427943e-10,-1.838875760995931297e-05,3.381464064378365434e-10,-3.907592664656081544e-05,1.526928043287401637e-09,7.664415367356247524e-05,5.874326292336660467e-09,1.507136544976048946e-04,2.271460565202341888e-08
2.504000000000000448e+00,1.394913432012801024e+02,3.325149348753525602e-06,1.105661819151599576e-11,1.186477064454308208e-05,1.407727824476112745e-10,-1.719708948918926056e-05,2.957398868991837413e-10,-3.656642536910214653e-05,1.337103464274117055e-09,7.178457904814926230e-05,5.153025789119989844e-09,1.412969697697231128e-04,1.996483366610604812e-08
2.508000000000000007e+00,1.405508856204800168e+02,3.105963001138052746e-06,9.647006164438499698e-12,1.108408225345342880e-05,1.228568794013212444e-10,-1.607854927180111189e-05,2.585197466857360865e-10,-3.420929174233129947e-05,1.170275641511936472e-09,6.721562178225179776e-05,4.517939811574722752e-09,1.324336630140949850e-04,1.753867509933087019e-08
2.512000000000000455e+00,1.416161465036801133e+02,2.900494416599982321e-06,8.412867860727672495e-12,1.035215034582190947e-05,1.071670167825006840e-10,-1.502892602401189210e-05,2.258686174352218943e-10,-3.199586445945088207e-05,1.023735342507552063e-09,6.292106489581146512e-05,3.959060407622917986e-09,1.240935145201548407e-04,1.539920034596387936e-08
2.516000000000000014e+00,1.426871451276800258e+02,2.707935060836758928e-06,7.332912293708981065e-12,9.666108422800912781e-06,9.343365204134275416e-11,-1.404423340606790196e-05,1.972404919641136304e-10,-2.991793670061909980e-05,8.950829364222512635e-10,5.888552245661796293e-05,3.467504754988858348e-09,1.162478103622475881e-04,1.351355341401707777e-08
2.520000000000000462e+00,1.437639008000001013e+02,2.527520775910384258e-06,6.388361272658630523e-12,9.023246821665422914e-06,8.141898320469515098e-11,-1.312069879674347034e-05,1.721527369148655548e-10,-2.796773460285474080e-05,7.821941788157184584e-10,5.509440146960449341e-05,3.035393073293957717e-09,1.088692760229740804e-04,1.185251926176651859e-08
2.524000000000000021e+00,1.448464328588799788e+02,2.358529550111402825e-06,5.562661638748696367e-12,8.421004866143696601e-06,7.091332295561581751e-11,-1.225475287966309956e-05,1.501789681416110371e-10,-2.613789661473986875e-05,6.831896394428299002e-10,5.153386525549761107e-05,2.655739268171784050e-09,1.019320124483395046e-04,1.039013516176843916e-08
2.528000000000000469e+00,1.459347606732801523e+02,2.200279387641575159e-06,4.841229383680384885e-12,7.856963366063636527e-06,6.173187333566603303e-11,-1.144301967546172345e-05,1.309426992930041263e-10,-2.442145370707801658e-05,5.964074011669545716e-10,4.819079827490258536e-05,2.322353038372354068e-09,9.541143447281032067e-05,9.103341828159377350e-09
2.532000000000000028e+00,1.470289036428800102e+02,2.052126274342850591e-06,4.211222245848268615e-12,7.328837453238107154e-06,5.371185841598562197e-11,-1.068230700415530326e-05,1.141116829310254441e-10,-2.281181041119854583e-05,5.203786942364663796e-10,4.505277235442110953e-05,2.029752296819291044e-09,8.928421155244894709e-05,7.971670432542457579e-09
2.536000000000000476e+00,1.481288811980801086e+02,1.913462235805099619e-06,3.661337727852250551e-12,6.834469740868012561e-06,4.670997663884047782e-11,-9.969597362453973849e-06,9.939287156944922999e-11,-2.130272665714417921e-05,4.538061630290012071e-10,4.210801427195372655e-05,1.773084865927058641e-09,8.352821074446067765e-05,6.976961990171035970e-09
2.540000000000000036e+00,1.492347127999999827e+02,1.783713484288930947e-06,3.181633794034158365e-12,6.371823794095072085e-06,4.060013846299612038e-11,-9.302039201112418477e-06,8.652793329903216307e-11,-1.988830038453685492e-05,3.955444921855688134e-10,3.934537465893538994e-05,1.548058507051995204e-09,7.812244187175067798e-05,6.103115924005063289e-09
2.544000000000000483e+00,1.503464179404801087e+02,1.662338651002873637e-06,2.763369790618053731e-12,5.938977899686415802e-06,3.527145849296366888e-11,-8.676938587775710434e-06,7.528926325603114074e-11,-1.856295089948510832e-05,3.445831460966949911e-10,3.675429817788139394e-05,1.350878434548615553e-09,7.304700481144528967e-05,5.335864911923311113e-09
2.548000000000000043e+00,1.514640161420799700e+02,1.548827100375989609e-06,2.398865386859095795e-12,5.534119123180136910e-06,3.062647446954808794e-11,-8.091751241143182259e-06,6.547643814854222684e-11,-1.732140295147294518e-05,3.000310002072956546e-10,3.432479493428294885e-05,1.178191547280576445e-09,6.828303884677136375e-05,4.662573394149687164e-09
2.552000000000000490e+00,1.525875269580801614e+02,1.442697323067607945e-06,2.081375565986441908e-12,5.155537642164194779e-06,2.657956837977194424e-11,-7.544074922637115090e-06,5.691306643836219393e-11,-1.615867150475340018e-05,2.611026647985295011e-10,3.204741308258147352e-05,1.027036685285614112e-09,6.381267402220816912e-05,4.072057365864601277e-09
2.556000000000000050e+00,1.537169699724800012e+02,1.343495404555154271e-06,1.804979902060817696e-12,4.801621344700355888e-06,2.305556753788205391e-11,-7.031642172126664277e-06,4.944399163683019390e-11,-1.507004717935912319e-05,2.271063219881098614e-10,2.991321258666602357e-05,8.948002872550746539e-10,5.961898444242005602e-05,3.554423305945524882e-09
2.560000000000000497e+00,1.548523648000001458e+02,1.250793566238976275e-06,1.564484545344816350e-12,4.470850682239790237e-06,1.998850582288399730e-11,-6.552313374619809957e-06,4.293281055922164476e-11,-1.405108233743524175e-05,1.974329148533846077e-10,2.791374009607676136e-05,7.791768861513235069e-10,5.568594345613964185e-05,3.100924298600381251e-09
2.564000000000000057e+00,1.559937310860799755e+02,1.164188776099515523e-06,1.355335506396087840e-12,4.161793766707310788e-06,1.732052735660382590e-11,-6.104070145196620217e-06,3.725967233748068832e-11,-1.309757779119553266e-05,1.715465439964184502e-10,2.604100489985525116e-05,6.781339361942851958e-10,5.199838066689644125e-05,2.703831591979469685e-09
2.568000000000000504e+00,1.571410885068801235e+02,1.083301426037081994e-06,1.173541979653975403e-12,3.873101701756601542e-06,1.500091679214988396e-11,-5.685009019815422939e-06,3.231932755538271544e-11,-1.220557010940029884e-05,1.489759416954860290e-10,2.428745592075801842e-05,5.898805151027637005e-10,4.854194071326702373e-05,2.356320008210330462e-09
2.572000000000000064e+00,1.582944567692800035e+02,1.007774073117811465e-06,1.015608582448464084e-12,3.603504138519106970e-06,1.298524207632433161e-11,-5.293335439978891535e-06,2.801940008013652421e-11,-1.137131949985194106e-05,1.293069071677130101e-10,2.264595971333986982e-05,5.128394913382124455e-10,4.530304376215839676e-05,2.052365774116038726e-09
2.576000000000000512e+00,1.594538556108801401e+02,9.372702420410283227e-07,8.784755066156477983e-13,3.351805046484133246e-06,1.123459706963650248e-11,-4.927358019599237593e-06,2.427885705330891967e-11,-1.059129824600133526e-05,1.121755985357509620e-10,2.110977943021646183e-05,4.456227875923900434e-10,4.226884765951738918e-05,1.786655482463488660e-09
2.580000000000000071e+00,1.606193048000000374e+02,8.714732862332007861e-07,7.594656886180942670e-13,3.116878690457075662e-06,9.714932771025414596e-12,-4.585483082750268552e-06,2.102665510218890609e-11,-9.862179676353105762e-06,9.726258796867224351e-11,1.967255472162814681e-05,3.870094092754538884e-10,3.942721168378475927e-05,1.554505021157973434e-09
2.584000000000000519e+00,1.617908241356801398e+02,8.100853050618487961e-07,6.562382014771485929e-13,2.897665804846269193e-06,8.396467116575377126e-12,-4.266209461338511881e-06,1.820054316801423691e-11,-9.180827645950584057e-06,8.428759626465053903e-11,1.832828253424831436e-05,3.359259406552317925e-10,3.676666184837589581e-05,1.351787423472819602e-09
2.588000000000000078e+00,1.629684334476800132e+02,7.528261147491831560e-07,5.667471590483502529e-13,2.693169956826677654e-06,7.253164416353808510e-12,-3.968123542065718133e-06,1.574600444509618202e-11,-8.544286509809956366e-06,7.300483196172041172e-11,1.707129877600610217e-05,2.914292418996674481e-10,3.427635770046814456e-05,1.174868697210441845e-09
2.592000000000000526e+00,1.641521525964801640e+02,6.994322706498194169e-07,4.892055012263622241e-13,2.502454090220290696e-06,6.262276473660262489e-12,-3.689894552390407819e-06,1.361532180776040779e-11,-7.949771568757581065e-06,6.319886799542636788e-11,1.589626081452442192e-05,2.526911078833846218e-10,3.194606056440266368e-05,1.020550785584482966e-09
2.596000000000000085e+00,1.653420014732800212e+02,6.496561386396345231e-07,4.220530984721600242e-13,2.324637242218638199e-06,5.403938307909875755e-12,-3.430270075526451707e-06,1.176675279105224809e-11,-7.394659968703588929e-06,5.468099605274736115e-11,1.479813077760734716e-05,2.189846745111698301e-10,2.976610317906335564e-05,8.860208984666455630e-10
2.600000000000000533e+00,1.665380000000001530e+02,6.032650134436799241e-07,3.639286764452033139e-13,2.158891425352067456e-06,4.660812186458681249e-12,-3.188071784841762019e-06,1.016380170530413830e-11,-6.876482034958088268e-06,4.728600517710133362e-11,1.377215962504459502e-05,1.896723807377084730e-10,2.772736067967202921e-05,7.688065302606224897e-10
2.604000000000000092e+00,1.677401681292800504e+02,5.600402818100103459e-07,3.136451172498358038e-13,2.004438667383426831e-06,4.017774371301848203e-12,-2.962191388339657548e-06,8.774577821153627433e-12,-6.392913023762896890e-06,4.086933692939726735e-11,1.281387196183354530e-05,1.641953146542638645e-10,2.582122287553497190e-05,6.667355507880505683e-10
2.608000000000000540e+00,1.689485258444801161e+02,5.197766285133342692e-07,2.701677435486887141e-13,1.860548202070288869e-06,3.461639612226984312e-12,-2.751586774219285112e-06,7.571229776058491606e-12,-5.941765273771028826e-06,3.530457456859130703e-11,1.191905156374917830e-05,1.420637901793117433e-10,2.403956777638787437e-05,5.779008188755462602e-10
2.612000000000000099e+00,1.701630931596800451e+02,4.822812832475117060e-07,2.325952361708666288e-13,1.726533804000022576e-06,2.980918976354788556e-12,-2.555278348819327914e-06,6.529447439944831201e-12,-5.520980740757716043e-06,3.048122833981762074e-11,1.108372758701849717e-05,1.228490172232348660e-10,2.237473632110987816e-05,5.006288254391936088e-10
2.616000000000000547e+00,1.713838901196801601e+02,4.473733065391304260e-07,2.001428754037547502e-13,1.601751260955607401e-06,2.565607101972878219e-12,-2.372345558550966151e-06,5.628023449176495309e-12,-5.128623899390031452e-06,2.630278310139461006e-11,1.030416143467660402e-05,1.061757428718766057e-10,2.081950826371119036e-05,4.334519243427385506e-10
2.620000000000000107e+00,1.726109368000000472e+02,4.148829128856658505e-07,1.721278314044949926e-13,1.485595977517279983e-06,2.206995408415522655e-12,-2.201923587721587105e-06,4.848467486164705927e-12,-4.762874996416579376e-06,2.268497823149023026e-11,9.576834252996018095e-06,9.171575430935780632e-11,1.936707917263888633e-05,3.750837556792629232e-10
2.624000000000000554e+00,1.738442533068801481e+02,3.846508293910916119e-07,1.479562605512546621e-13,1.377500703845736830e-06,1.897508189095500361e-12,-2.043200224439875377e-06,4.174667157151156930e-12,-4.422023640164088456e-06,1.955429307417005717e-11,8.898435032187348683e-06,7.918214602205906146e-11,1.801103850058969366e-05,3.243975078697242444e-10
2.628000000000000114e+00,1.750838597772800540e+02,3.565276882392453107e-07,1.271119924812204956e-13,1.276933383826773907e-06,1.630558866731295022e-12,-1.895412887075574762e-06,3.592590012492165361e-12,-4.104462711743441018e-06,1.684661415209232167e-11,8.265849286367386116e-06,6.832426442494022817e-11,1.674534868316397975e-05,2.804067025207416158e-10
2.632000000000000561e+00,1.763297763788801831e+02,3.303734514107930176e-07,1.091466173970796155e-13,1.183395116984964044e-06,1.400424002903856810e-12,-1.757845804023336876e-06,3.090021870722451614e-12,-3.808682583873590483e-06,1.450606302470200962e-11,7.676148288578975727e-06,5.892325254825393202e-11,1.556432522583999805e-05,2.422482197357193069e-10
2.636000000000000121e+00,1.775820233100799896e+02,3.060568661132770405e-07,9.367080529508038269e-14,1.096418228795198393e-06,1.202132932434399978e-12,-1.629827339789551186e-06,2.656337157525485184e-12,-3.533265633727482155e-06,1.248396603847966528e-11,7.126578837424859739e-06,5.078812592603186548e-11,1.446261773988887585e-05,2.091673118901484105e-10
2.640000000000000568e+00,1.788406208000001811e+02,2.834549494554928340e-07,8.034670837081600154e-14,1.015564444235793693e-06,1.031371140395956424e-12,-1.510727460683865470e-06,2.282297460464320456e-12,-3.276881036689466764e-06,1.073794932861503405e-11,6.614553532644110695e-06,4.375231843621468272e-11,1.343519188898707029e-05,1.805043810939039594e-10
2.644000000000000128e+00,1.801055891084800464e+02,2.624525009573444175e-07,6.888131525876486994e-14,9.404231596353483733e-07,8.843957191785319632e-13,-1.399955333653220806e-06,1.959874936224100796e-12,-3.038279828388308997e-06,9.231144315591292946e-12,6.137641537714298349e-06,3.767064364547593517e-11,1.247731220941252589e-05,1.556833199711548964e-10
2.648000000000000576e+00,1.813769485260802128e+02,2.429416415443844229e-07,5.902064119628016930e-14,8.706098080677541425e-07,7.579614379037717323e-13,-1.296957052045604560e-06,1.682097594850825021e-12,-2.816290222833831448e-06,7.931490619229431860e-12,5.693559808304277000e-06,3.241662329073783446e-11,1.158452576783076630e-05,1.342012372655350022e-10
2.652000000000000135e+00,1.826547193740800594e+02,2.248213777324849393e-07,5.054465188553267308e-14,8.057643137457325831e-07,6.492561293061314073e-13,-1.201213482333385206e-06,1.442913830139497859e-12,-2.609813174938177207e-06,6.811124808080889070e-12,5.280164766130961621e-06,2.788013995749083126e-11,1.075264662178725254e-05,1.156194093730328123e-10
2.656000000000000583e+00,1.839389220044801618e+02,2.079971897625273060e-07,4.326283094910879542e-14,7.455496310531049826e-07,5.558442523634209229e-13,-1.112238226062034452e-06,1.237073871513621241e-12,-2.417818176144565054e-06,5.845844732895030971e-12,4.895444398488309491e-06,2.396537585869056655e-11,9.977741049120036773e-06,9.955531644329500875e-11
2.660000000000000142e+00,1.852295768000000180e+02,1.923806424976728903e-07,3.701031160781742756e-14,6.896503640397459440e-07,4.756176246201541483e-13,-1.029575691519287602e-06,1.060026104567419165e-12,-2.239339272317200756e-06,5.014640376542130366e-12,4.537510764417101731e-06,2.058900393720107182e-11,9.256113513591027810e-06,8.567563737648244452e-11
2.663999999999999702e+00,1.865267041740798959e+02,1.778890179467043409e-07,3.164450270604290022e-14,6.377714623809465917e-07,4.067524382275311497e-13,-9.527992698423827402e-07,9.078264486121776844e-13,-2.073471293465575130e-06,4.299283204825805280e-12,4.204592889170139574e-06,1.767860136366010202e-11,8.584293335104109014e-06,7.369009206311282842e-11
2.668000000000000149e+00,1.878303245708800375e+02,1.644449683261445348e-07,2.704214760778667784e-14,5.896369899747763824e-07,3.476717799465145536e-13,-8.815096104969864951e-07,7.770591933985488725e-13,-1.919366285284777332e-06,3.683966937087885484e-12,3.895030029298271175e-06,1.517125892913529228e-11,7.959022033931912568e-06,6.334603173661367621e-11
2.671999999999999709e+00,1.891404584652798917e+02,1.519761886213912622e-07,2.309676190788469619e-14,5.449889625171198132e-07,2.970129692654866095e-13,-8.153329912708296591e-07,6.647678866546387775e-13,-1.776230132890592536e-06,3.154993484988531898e-12,3.607265291338449536e-06,1.301236288209506915e-11,7.377241319410296754e-06,5.442368948481457795e-11
2.676000000000000156e+00,1.904571263628800750e+02,1.404151076529861641e-07,1.971640245719969309e-14,5.035862505544368777e-07,2.535991117474760652e-13,-7.539197781279926663e-07,5.683950318525617375e-13,-1.643319367514127460e-06,2.700498543647031989e-12,3.339839587725141847e-06,1.115452847173604472e-11,6.836081694578508630e-06,4.673201293495137150e-11
2.679999999999999716e+00,1.917803487999998993e+02,1.296985966983957041e-07,1.682172598553310159e-14,4.652035446691048901e-07,2.164143379726998569e-13,-6.969429704662775221e-07,4.857295040823585726e-13,-1.519938147295521370e-06,2.310211971604142107e-12,3.091385914171021561e-06,9.556666870335003181e-12,6.332851649243737342e-06,4.010501001132912320e-11
2.684000000000000163e+00,1.931101463436800714e+02,1.197676947623576502e-07,1.434430070868927198e-14,4.296303796015084978e-07,1.845822630765362795e-13,-6.440968275102549055e-07,4.148607232087750437e-13,-1.405435403680007279e-06,1.975248673917185169e-12,2.860623933371549389e-06,8.183169288178114174e-12,5.865027414929754488e-06,3.439854657787759729e-11
2.687999999999999723e+00,1.944465395916799366e+02,1.105673496299663372e-07,1.222513880419521743e-14,3.966702142570084307e-07,1.573472588787009869e-13,-5.950955717564820045e-07,3.541387395241742413e-13,-1.299202145272312873e-06,1.687926214280180014e-12,2.646354850480953030e-06,7.003193994664067548e-12,5.430243256130536576e-06,2.948754182075117227e-11
2.692000000000000171e+00,1.957895491724800934e+02,1.020461738762771485e-07,1.041342160278738875e-14,3.661395646846231957e-07,1.340581808274453778e-13,-5.496721655651312138e-07,3.021394895970609986e-13,-1.200668911347173167e-06,1.441605834675605908e-12,2.447456566383968569e-06,5.990043644336005436e-12,5.026282273230309972e-06,2.526351349018925106e-11
2.695999999999999730e+00,1.971391957452798920e+02,9.415621504433174427e-08,8.865392831474443116e-15,3.378671872478393594e-07,1.141542362187665458e-13,-5.075771571639572625e-07,2.576345704746445623e-13,-1.109303367544717093e-06,1.230553961246049634e-12,2.262879095348638811e-06,5.120621800165874224e-12,4.651067693370874904e-06,2.163243068831827240e-11
2.700000000000000178e+00,1.984955000000000496e+02,8.685273924018488397e-08,7.543398313523550352e-15,3.116933093365340711e-07,9.715271908516031552e-14,-4.685775924962720819e-07,2.195649601896024193e-13,-1.024608036599823665e-06,1.049821628664945674e-12,2.091640234190443985e-06,4.374958869284255403e-12,4.302654626445209679e-06,1.851283683447036608e-11
2.703999999999999737e+00,1.998584826572799216e+02,8.009402742878014257e-08,6.415053229762185448e-15,2.874689050926747922e-07,8.263837139518126995e-14,-4.324559895044926161e-07,1.870181828583098277e-13,-9.461181572643119088e-07,8.951395675052172896e-13,1.932821470607093187e-06,3.735798837239766102e-12,3.979222264272555118e-06,1.583420982848239942e-11
2.708000000000000185e+00,2.012281644684800312e+02,7.384118374841754139e-08,5.452520417367562898e-15,2.650550137413761031e-07,7.025416030944107709e-14,-3.990093715950024418e-07,1.592084786206387472e-13,-8.733996648802507450e-07,7.628269746129342645e-13,1.785564118856546786e-06,3.188239222547956472e-12,3.679066501864477156e-06,1.353553032514132022e-11
2.711999999999999744e+00,2.026045662156799096e+02,6.805795519411375494e-08,4.631885265203995169e-15,2.443220982331690530e-07,5.969328768505831234e-14,-3.680483571786336230e-07,1.354595932218910748e-13,-8.060472873518490161e-07,6.497122294472743000e-13,1.649065671448385045e-06,2.719417588749512819e-12,3.400592960523455326e-06,1.156403248316167859e-11
2.716000000000000192e+00,2.039877087116800851e+02,6.271056205141416952e-08,3.932614592804266984e-15,2.251494420130913064e-07,5.069227123880636295e-14,-3.393963023241576701e-07,1.151898500313110391e-13,-7.436827505425488185e-07,5.530640334545309178e-13,1.522576356000565642e-06,2.318238759851961122e-12,3.142310393325260521e-06,9.874114607999953751e-12
2.719999999999999751e+00,2.053776127999999517e+02,5.776753849221116643e-08,3.337088503449098898e-15,2.074245818375724180e-07,4.302495715049177729e-14,-3.128884936998963667e-07,9.789920948979009359e-14,-6.859530873932218632e-07,4.705316381042930519e-13,1.405395886880154719e-06,1.975137598859656634e-12,2.902824454323777874e-06,8.426389812620138187e-12
2.724000000000000199e+00,2.067742993548800996e+02,5.319958277289104729e-08,2.830195607209685895e-15,1.910427746611783804e-07,3.649734175024177919e-14,-2.883713891110464861e-07,8.315805805783457853e-14,-6.325290453169872476e-07,4.000929931696193317e-13,1.296870401697894497e-06,1.681872838800058326e-12,2.680831813581822184e-06,7.186859212712401931e-12
2.727999999999999758e+00,2.081777892812798996e+02,4.897941650271054527e-08,2.398983240945994102e-15,1.759064967122275871e-07,3.094309558556893502e-14,-2.657019030676962212e-07,7.059750129379544058e-14,-5.831035866763145802e-07,3.400097927947823040e-13,1.196389573162724208e-06,1.431348010772485412e-12,2.475114600874135298e-06,6.126192287460330347e-12
2.732000000000000206e+00,2.095881035148801175e+02,4.508165247672713088e-08,2.032355390032397528e-15,1.619249729692160669e-07,2.621969687108135497e-14,-2.447467349409110141e-07,5.990096426423655128e-14,-5.373904773889456772e-07,2.887885251883189262e-13,1.103383887223790541e-06,1.217456002585082452e-12,2.284535161629036594e-06,5.219100904719408263e-12
2.735999999999999766e+00,2.110052630220799585e+02,4.148267059291290759e-08,1.720811959520121409e-15,1.490137353390125013e-07,2.220509331968526410e-14,-2.253817373818243456e-07,5.079692754524963868e-14,-4.951229589409780985e-07,2.451467444704694758e-13,1.017322078834327057e-06,1.034944212083796723e-12,2.108031109373412844e-06,4.443795158086101387e-12
2.740000000000000213e+00,2.124292888000000801e+02,3.816050139730447971e-08,1.456223866893677089e-15,1.370942079230315290e-07,1.879482184604340112e-14,-2.074913227915088705e-07,4.305264903377012536e-14,-4.560524993084101190e-07,2.079838821254474214e-13,9.377087170642820733e-07,8.792976380583418131e-13,1.944610659621901545e-06,3.781510617515127048e-12
2.743999999999999773e+00,2.138602018764799197e+02,3.509471682421544772e-08,1.231639148971870864e-15,1.260933178391800797e-07,1.589952480369248827e-14,-1.909679057376611871e-07,3.646874102182824910e-14,-4.199476185027657101e-07,1.763560022861444559e-13,8.640819316670097617e-07,7.466375846333909036e-13,1.793348230805620540e-06,3.216097876933649372e-12
2.748000000000000220e+00,2.152980233100800831e+02,3.226632772069997590e-08,1.041115904579611677e-15,1.159431301454216105e-07,1.344280942791817371e-14,-1.757113793179353811e-07,3.087448882181137128e-14,-3.865927846623245589e-07,1.494539811529704473e-13,7.960112735699664628e-07,6.336339476504799598e-13,1.653380298468680292e-06,2.733666411364382349e-12
2.751999999999999780e+00,2.167427741900799276e+02,2.965768776563803692e-08,8.795784436040760863e-16,1.065805054854278167e-07,1.135940414952930878e-14,-1.616286235692448988e-07,2.612381195688866793e-14,-3.557873768081815004e-07,1.265846574960469355e-13,7.330957021104758535e-07,5.374293084528515086e-13,1.523901489572419289e-06,2.322275749921038226e-12
2.756000000000000227e+00,2.181944756364800639e+02,2.725240341404999787e-08,7.426934918421239329e-16,9.794677914810858380e-08,9.593571545488358470e-15,-1.486330441176402824e-07,2.209178180367640252e-14,-3.273447105740888132e-07,1.071545595408339703e-13,6.749616921755261380e-07,4.555732859044497069e-13,1.404160904338033160e-06,1.971667845271403237e-12
2.759999999999999787e+00,2.196531487999999115e+02,2.503524951657292816e-08,6.267637183570650041e-16,8.998746030093894582e-08,8.097743011413062053e-15,-1.366441393546014930e-07,1.867162081995975165e-14,-3.010911234010047752e-07,9.065586459087908473e-14,6.212614547295442094e-07,3.859657951326695176e-13,1.293458653628365913e-06,1.673035288646104999e-12
2.764000000000000234e+00,2.211188148620801144e+02,2.299209028247556563e-08,5.286362155575073667e-16,8.265195022204814706e-08,6.831344875507924855e-15,-1.255870945128776241e-07,1.577211830818645680e-14,-2.768651158617116360e-07,7.665429238111900292e-14,5.716712645264561915e-07,3.268080346852774714e-13,1.191142600419470904e-06,1.418820694534059384e-12
2.767999999999999794e+00,2.225914950348799550e+02,2.110980527218565907e-08,4.456238786295974647e-16,7.589327841811430195e-08,5.759789709049414438e-15,-1.153924010984966611e-07,1.331540623127633340e-14,-2.545165459479924909e-07,6.477867216129657370e-14,5.258898891024190687e-07,2.765601754601546425e-13,1.096605294442485723e-06,1.202543171799290716e-12
2.772000000000000242e+00,2.240712105612801111e+02,1.937622012208332017e-08,3.754379062194265371e-16,6.966785557432140129e-08,4.853610100324505405e-15,-1.059955002153782350e-07,1.123504606590824803e-14,-2.339058733128943076e-07,5.471195757026775885e-14,4.836371134336917393e-07,2.339048574904736198e-13,1.009281089586751292e-06,1.018648317797419882e-12
2.775999999999999801e+00,2.255579827148799552e+02,1.778004172030742577e-08,3.161298835758726544e-16,6.393524233909415642e-08,4.087715212958697928e-15,-9.733644839523446976e-08,9.474384186198142428e-15,-2.149034506137728518e-07,4.618349308570630504e-14,4.446523549205397540e-07,1.977157167363816657e-13,9.286434341464159965e-07,8.623786277832488179e-13
2.780000000000000249e+00,2.270518328000000849e+02,1.631079756755928459e-08,2.660421172898978861e-16,5.865793300012968542e-08,3.440753103847702970e-15,-8.935960461826540902e-08,7.985138937532721177e-15,-1.973888592483296912e-07,3.896236175535691262e-14,4.086933636231460048e-07,1.670302654696010387e-13,8.542023244653402859e-07,7.296616111219904721e-13
2.783999999999999808e+00,2.285527821516799349e+02,1.495877907139757594e-08,2.237650713068821323e-16,5.380115315949746097e-08,2.894564081291703623e-15,-8.201333727966114867e-08,6.726187491747457268e-15,-1.812502869159329798e-07,3.285166650710802789e-14,3.755350029295622406e-07,1.410265384253063277e-13,7.855019129894253135e-07,6.170132553100467353e-13
2.788000000000000256e+00,2.300608521356801361e+02,1.371498853632947012e-08,1.881009105516487779e-16,4.933267056437707648e-08,2.433712385013356424e-15,-7.524974992323549036e-08,5.662524863509479930e-15,-1.663839445703718414e-07,2.768361701079656860e-14,3.449681060790959463e-07,1.190029942117984008e-13,7.221182621719675990e-07,5.214547845622625025e-13
2.791999999999999815e+00,2.315760641484799010e+02,1.257108962514262718e-08,1.580322943633685982e-16,4.522261829644433083e-08,2.045085205585901531e-15,-6.902442462674891292e-08,4.764371195053741475e-15,-1.526935204580422345e-07,2.331531118987056250e-14,3.167984041975136957e-07,1.003612289020912677e-13,6.636572360967116616e-07,4.404409270235264882e-13
2.796000000000000263e+00,2.330984396172801496e+02,1.151936107941860129e-08,1.326956796780240850e-16,4.144332956709355262e-08,1.717549565606730625e-15,-6.329618198374773887e-08,4.006406653719712046e-15,-1.400896690576063099e-07,1.962511537666965934e-14,2.908455217233713171e-07,8.459111750654006071e-14,6.097525220853996688e-07,3.717981381895058066e-13
2.799999999999999822e+00,2.346279999999999291e+02,1.055265349904575517e-08,1.113584958709226282e-16,3.796918340768985772e-08,1.441658888646790807e-15,-5.802685668416175415e-08,3.367116096644247720e-15,-1.284895328536168591e-07,1.650956005294068649e-14,2.669420353179728368e-07,7.125805021970185306e-14,5.600637749422696582e-07,3.136714320025853029e-13
2.804000000000000270e+00,2.361647667852800794e+02,9.664348991835479324e-09,9.339964143599145102e-17,3.477646058396637216e-08,1.209402210748166614e-15,-5.318108775057377770e-08,2.828228094334228371e-15,-1.178162949876469499e-07,1.388067936461624430e-14,2.449325925552301922e-07,5.999197489582640790e-14,5.142748768575509966e-07,2.644786489668492219e-13
2.807999999999999829e+00,2.377087614924799652e+02,8.848323515063278023e-09,7.829282902722176520e-17,3.184320910160763029e-08,1.013989965888706973e-15,-4.872612253910883801e-08,2.374235017696250262e-15,-1.079987609363187988e-07,1.166373236378013890e-14,2.246730868823575403e-07,5.047799596924737873e-14,4.720923063460548222e-07,2.228711457111372833e-13
2.812000000000000277e+00,2.392600056716801475e+02,8.098911740930744867e-09,6.559237138738587191e-17,2.914911870607165949e-08,8.496711213406567381e-16,-4.463163366339082864e-08,1.991982723463121443e-15,-9.897096746647224675e-08,9.795252401249507875e-15,2.060298855281960137e-07,4.244831373076155114e-14,4.332436099358832054e-07,1.877000255502757049e-13
2.815999999999999837e+00,2.408185209036799392e+02,7.410874287598788105e-09,5.492105770659284230e-17,2.667540381388452302e-08,7.115771686338049646e-16,-4.086954804708232260e-08,1.670319957572770546e-15,-9.067181721374499639e-08,8.221378436842782798e-15,1.888791072133309366e-07,3.567531714170496170e-14,3.974759706465607119e-07,1.579871472414255978e-13
2.820000000000000284e+00,2.423843288000001337e+02,6.779367166598937659e-09,4.595981917955970516e-17,2.440469434506842876e-08,5.955891060762149718e-16,-3.741388735525807915e-08,1.399798967031940402e-15,-8.304473732223915191e-08,6.896428396919700329e-15,1.731059466853373531e-07,2.996566877782685651e-14,3.645548676059789030e-07,1.329002514952128032e-13
2.823999999999999844e+00,2.439574510028799352e+02,6.199913306110697270e-09,3.843892500328847586e-17,2.232093395711599967e-08,4.982240927179341559e-16,-3.424061909735994855e-08,1.172419996170490738e-15,-7.603736066990128843e-08,5.781680217644651124e-15,1.586040432637640009e-07,2.515524253961392362e-14,3.342628214519010169e-07,1.117316338049854590e-13
2.828000000000000291e+00,2.455379091852800855e+02,5.668376017819125365e-09,3.213048667938700819e-17,2.040928521007228308e-08,4.165389227860752371e-16,-3.132751773483345683e-08,9.814133674263047046e-16,-6.960122828692641107e-08,4.844330979048845352e-15,1.452748907331310043e-07,2.110479387752315151e-14,3.063982204468372948e-07,9.387986949298870649e-14
2.831999999999999851e+00,2.471257250508799359e+02,5.180934282859090494e-09,2.684208004330463688e-17,1.865604121990381015e-08,3.480478739987500239e-16,-2.865403516484647270e-08,8.210537312282582230e-16,-6.369151165307730330e-08,4.056608656654081680e-15,1.330272860685603779e-07,1.769625883876659817e-14,2.807742225053348351e-07,7.883416402347527460e-14
2.836000000000000298e+00,2.487209203340801764e+02,4.734059739730504316e-09,2.241132161933724900e-17,1.704854338349001036e-08,2.906528314987409904e-16,-2.620117998782408532e-08,6.865018327543532876e-16,-5.826675363446306651e-08,3.395014579099215000e-15,1.217768146179547191e-07,1.482959257849571085e-14,2.572177285905663925e-07,6.616095990129027330e-14
2.839999999999999858e+00,2.503235168000000215e+02,4.324495264051208956e-09,1.870125928880133414e-17,1.557510478333305759e-08,2.425838890118042773e-16,-2.395140500098776674e-08,5.736698015213417716e-16,-5.328862689120338759e-08,2.839677755949884807e-15,1.114453694971670255e-07,1.242007038236008627e-14,2.355684231829765946e-07,5.549248200091394273e-14
2.844000000000000306e+00,2.519335362444801376e+02,3.949235036619722429e-09,1.559645737446478020e-17,1.422493890351194951e-08,2.023488868086477533e-16,-2.188850239274320258e-08,4.791065369971248795e-16,-4.872170865467870400e-08,2.373804894231393832e-15,1.019607030806241993e-07,1.039598497269520842e-14,2.156778777580998193e-07,4.651694695423785153e-14
2.847999999999999865e+00,2.535510004940799149e+02,3.605506002506161068e-09,1.299967353410795748e-17,1.298809331056762295e-08,1.686905678440114257e-16,-1.999750614369946987e-08,3.999002519672980609e-16,-4.453327083688507483e-08,1.983212211431358660e-15,9.325600858964421241e-08,8.696683138071794556e-15,1.974087134339073003e-07,3.897020013963053111e-14
2.852000000000000313e+00,2.551759314060800818e+02,3.290750629793568547e-09,1.082903970748676835e-17,1.185538797395779060e-08,1.405502240130630191e-16,-1.826460116940027671e-08,3.335956558772579768e-16,-4.069308449492485118e-08,1.655927125711093414e-15,8.526952989447088913e-08,7.270892728424064568e-15,1.806338191605942770e-07,3.262857662454227646e-14
2.855999999999999872e+00,2.568083508684799199e+02,3.002610882169892470e-09,9.015672109725059458e-18,1.081835792052038356e-08,1.170368680964861261e-16,-1.667703876758014499e-08,2.781236220553710835e-16,-3.717323773101588756e-08,1.381849603406623278e-15,7.794419775409241554e-08,6.075297963529065014e-15,1.652356220279902732e-07,2.730281078697686558e-14
2.860000000000000320e+00,2.584482808000001341e+02,2.738913324838767434e-09,7.501646200979350929e-18,9.869199936088647461e-09,9.740110737849216184e-17,-1.522305795899673183e-08,2.317414936229737438e-16,-3.394796616273205228e-08,1.152464406586000305e-15,7.122729082044607819e-08,5.073326957620402361e-15,1.511054064581573079e-07,2.283284386088492974e-14
2.863999999999999879e+00,2.600957431500800112e+02,2.497655288190240638e-09,6.238281938624673771e-18,9.000723045061975819e-09,8.101301533390973023e-17,-1.389181233570458044e-08,1.929824499704339466e-16,-3.099349514963344633e-08,9.605967415903519318e-16,6.507011983088010295e-08,4.234120494805096305e-15,1.381426792336293109e-07,1.908339982584539863e-14
2.868000000000000327e+00,2.617507598988801192e+02,2.276992018365111346e-09,5.184692651698423196e-18,8.206302515405823306e-09,6.734340097435594361e-17,-1.267330205409239491e-08,1.606125849542625238e-16,-2.828789301113540339e-08,8.002048910094431515e-16,5.942773350496690914e-08,3.531655509537366508e-15,1.262545774855168125e-07,1.594021833604636917e-14
2.871999999999999886e+00,2.634133530572800055e+02,2.075224748272688951e-09,4.306557755843444868e-18,7.479837152280477405e-09,5.594796382463532465e-17,-1.155831063217020521e-08,1.335945446697388092e-16,-2.581093451652891749e-08,6.662043406165438703e-16,5.425864474916336778e-08,2.944000530015913313e-15,1.153553169307276353e-07,1.330684914418861773e-14
2.876000000000000334e+00,2.650835446668801296e+02,1.890789626794812902e-09,3.575085412794867891e-18,6.815709658329273384e-09,4.645389814664293754e-17,-1.053834623152598824e-08,1.110567412955180080e-16,-2.354397397162317261e-08,5.543187103764694092e-16,4.952457585560387044e-08,2.452683613677461666e-15,1.053656778041954454e-07,1.110192605913752422e-14
2.879999999999999893e+00,2.667613567999999873e+02,1.722247447841836913e-09,2.966136271597720804e-18,6.208749852637138691e-09,3.854857473262169426e-17,-9.605587124134305476e-09,9.226730399933475926e-17,-2.146982726765113268e-08,4.609534829027760981e-16,4.519022145969882001e-08,2.042156115576623742e-15,9.621252608062042763e-08,9.256850174814066766e-15
2.884000000000000341e+00,2.684468115596800999e+02,1.568274124631169548e-09,2.459483729987661300e-18,5.654200553543441510e-09,3.196998389969096203e-17,-8.752831062848350555e-09,7.661205161476298590e-17,-1.957266229697555556e-08,3.830891093914484317e-16,4.122302809539380370e-08,1.699338045353626894e-15,8.782836772114594968e-08,7.713822176560832284e-15
2.887999999999999901e+00,2.701399310796799682e+02,1.427651858047722791e-09,2.038189827787115281e-18,5.147685942900427902e-09,2.649867056673466701e-17,-7.973448291997889787e-09,6.357587766516407143e-17,-1.783789717686428201e-08,3.181905756923827180e-16,3.759298925711517461e-08,1.413232841285577007e-15,8.015093381395905955e-08,6.424172191249645624e-15
2.892000000000000348e+00,2.718407375244801187e+02,1.299260951229474539e-09,1.688079019389718935e-18,4.685182241049786286e-09,2.195093263184829768e-17,-7.261337951100968130e-09,5.272702884009920686e-17,-1.625210575727550215e-08,2.641309415456675253e-16,3.427245494377335100e-08,1.174601167872974405e-15,7.312279460433043254e-08,5.346943090747095752e-15
2.895999999999999908e+00,2.735492530892799437e+02,1.182072225611049195e-09,1.397294746561059234e-18,4.262990532782981821e-09,1.817308828259733109e-17,-6.610887640328066801e-09,4.370383539304239630e-17,-1.480292992130656893e-08,2.191267342551133020e-16,3.123595472289530027e-08,9.756848674507652398e-16,6.669100052941512484e-08,4.447689551614448394e-15
2.900000000000000355e+00,2.752655000000001451e+02,1.075139996564091987e-09,1.155926012211835642e-18,3.877711594892188602e-09,1.503664721316132145e-17,-6.016935931082381519e-09,3.620351799875020442e-17,-1.347899821781190898e-08,1.816833929557766217e-16,2.846003341218466702e-08,8.099735018226676439e-16,6.080674848651925628e-08,3.697460661502812184e-15
2.903999999999999915e+00,2.769895005132800065e+02,9.775955695050402773e-10,9.556930975158839670e-19,3.526222585642721907e-09,1.243424572349684361e-17,-5.474737618925296140e-09,2.997275199607582070e-17,-1.226985039477845909e-08,1.505492287102451000e-16,2.592309853172973829e-08,6.720070374857685438e-16,5.542507167079476689e-08,3.071938569712736537e-15
2.908000000000000362e+00,2.787212769164801216e+02,8.886412199080637349e-10,7.896832177196916921e-19,3.205655465637737055e-09,1.027622696437309708e-17,-4.979931529126959438e-09,2.479971803479277756e-17,-1.116586742945148243e-08,1.246765954520854447e-16,2.360527873285582878e-08,5.572091840558157204e-16,5.050455141973562998e-08,2.550709714108720138e-15
2.911999999999999922e+00,2.804608515276800063e+02,8.075446230724153429e-10,6.521283182531693487e-19,2.913377028133283240e-09,8.487765708054721627e-18,-4.528510697400545970e-09,2.050740913647117959e-17,-1.015820667701449415e-08,1.031891628929418567e-16,2.148829245940386069e-08,4.617467128208727816e-16,4.600704959768740043e-08,2.116648612684068507e-15
2.916000000000000369e+00,2.822082466956802023e+02,7.336337017577088809e-10,5.382184083547189060e-19,2.646970424926744618e-09,7.006452430436870769e-18,-4.116794759926187691e-09,1.694799909535571740e-17,-9.238741783926854624e-09,8.535434975007596215e-17,1.955532614416013397e-08,3.824107806044728464e-16,4.189746014411235488e-08,1.755397166527483208e-15
2.919999999999999929e+00,2.839634847999999465e+02,6.662918619258371409e-10,4.439448452685988608e-19,2.404218081512823927e-09,5.780264583473203797e-18,-3.741404397625693941e-09,1.399810686657288070e-17,-8.400007034889801298e-09,7.056011818619815041e-17,1.779092128740459032e-08,3.165168802546257950e-16,3.814347849482695951e-08,1.454924951685326658e-15
2.924000000000000377e+00,2.857265882508800701e+02,6.049535888221355788e-10,3.659688446287814792e-19,2.183085902305994768e-09,4.765864056847179640e-18,-3.399237689849239496e-09,1.155481687209159425e-17,-7.635145823921441638e-09,5.829545175254503405e-17,1.618086980622453341e-08,2.618205476859887816e-16,3.471538766609267192e-08,1.205158140807099156e-15
2.927999999999999936e+00,2.874975794892799854e+02,5.491003774982882247e-10,3.015112245687626508e-19,1.981708673392734475e-09,3.927169266199991483e-18,-3.087448242215696888e-09,9.532336648360795822e-18,-6.937862960245638541e-09,4.813394245514837428e-17,1.471211708248726353e-08,2.164463890488135405e-16,3.158585986752983478e-08,9.976665435712318220e-16
2.932000000000000384e+00,2.892764809868801308e+02,4.982569736324162562e-10,2.482600117733343467e-19,1.798376576525595562e-09,3.234158310995921254e-18,-2.803424962343116049e-09,7.859191519488501333e-18,-6.302380538707128109e-09,3.972000045467434989e-17,1.337267217430510973e-08,1.788283610814341439e-16,2.872977258156403357e-08,8.253998325883885041e-16
2.935999999999999943e+00,2.910633152460799806e+02,4.519879021444060880e-10,2.042930636849012043e-19,1.631522733927908010e-09,2.661866431323595229e-18,-2.544773365647306972e-09,6.475871482507921933e-18,-5.723397122281570818e-09,3.275727461934096845e-17,1.215152469057971737e-08,1.476595523057684911e-16,2.612403811472229299e-08,6.824653674194630899e-16
2.940000000000000391e+00,2.928581048000002056e+02,4.098942626431712971e-10,1.680133065477890848e-19,1.479711708964934029e-09,2.189546741647925614e-18,-2.309298301305292406e-09,5.332858644411508695e-18,-5.196050001016829202e-09,2.699893561306699219e-17,1.103856786089380075e-08,1.218499804195575476e-16,2.374744568978111556e-08,5.639411767891037307e-16
2.943999999999999950e+00,2.946608722124799442e+02,3.716107721831868786e-10,1.380945660025844213e-19,1.341628892875912257e-09,1.799968086199446137e-18,-2.094987995905836681e-09,4.388974702989553736e-18,-4.715880307480466987e-09,2.223952707448206508e-17,1.002452736373885238e-08,1.004911488663490305e-16,2.158051520773019221e-08,4.657186366310741022e-16
2.948000000000000398e+00,2.964716400780802132e+02,3.368030371560033989e-10,1.134362858375082077e-19,1.216070712571855256e-09,1.478827977975019883e-18,-1.899999319269243340e-09,3.609997413223588389e-18,-4.278800783555139876e-09,1.830813614535207743e-17,9.100895504930573500e-09,8.282629899166552448e-17,1.960536186494656428e-08,3.843702138555010080e-16
2.951999999999999957e+00,2.982904310220800426e+02,3.051650374039380802e-10,9.312570005374692989e-20,1.101935599005299458e-09,1.214262064355168096e-18,-1.722644183439548268e-09,2.967502982738108195e-18,-3.881066007272316849e-09,1.506267335280468321e-17,8.259870365171054961e-09,6.822545844943102131e-17,1.780557086405747504e-08,3.170383537949724386e-16
2.956000000000000405e+00,3.001172677004802267e+02,2.764168068228806611e-10,7.640625109415772177e-20,9.982156598286650397e-10,9.964345035271770468e-19,-1.561376991959371122e-09,2.437898111020093901e-18,-3.519244901357243997e-09,1.238508467572895820e-17,7.494299561163736586e-09,5.616452591245897439e-17,1.616608150688244889e-08,2.613421912871667107e-16
2.959999999999999964e+00,3.019521727999999712e+02,2.503022958240032480e-10,6.265123929476683029e-20,9.039890039946790230e-10,8.171961193432917809e-19,-1.414783062254898416e-09,2.001611113243347820e-18,-3.190195357323418502e-09,1.017734641788789380e-17,6.797628288564905185e-09,4.620775034949784269e-17,1.467308000475470112e-08,2.152992768259322107e-16
2.964000000000000412e+00,3.037951690380801892e+02,2.265874020547261166e-10,5.134185076991009837e-20,8.184126696317568442e-10,6.697992978137791655e-19,-1.281567949308462448e-09,1.642416408694697811e-18,-2.891040820349566847e-09,8.358117024927495795e-18,6.163851337451409117e-09,3.799306331020152701e-17,1.331390038558905689e-08,1.772599434773884365e-16
2.967999999999999972e+00,3.056462791628799209e+02,2.050581567419214614e-10,4.204884764639442916e-20,7.407161099647820026e-10,5.486603555613590234e-19,-1.160547603800493059e-09,1.346870740687066147e-18,-2.619148690840706415e-09,6.859939864732586642e-18,5.587468791981047654e-09,3.121980750136214966e-17,1.207693291844266144e-08,1.458523087165639796e-16
2.972000000000000419e+00,3.075055259532801415e+02,1.855190549191581137e-10,3.441731973809760412e-20,6.701951952620075155e-10,4.491615997522803745e-19,-1.050639302581696026e-09,1.103842944129352647e-18,-2.372110408559390473e-09,5.626907790395798331e-18,5.063445145598763069e-09,2.563847674248768045e-17,1.095153951515185425e-08,1.199362177519325150e-16
2.975999999999999979e+00,3.093729322188800666e+02,1.677915186386944370e-10,2.815399372707934235e-20,6.062066917856496341e-10,3.674865531657016322e-19,-9.508532937094611136e-10,9.041219861581307111e-19,-2.147723094553617708e-09,4.612714490878967546e-18,4.587171581573445175e-09,2.104214311879502181e-17,9.927975605064041194e-09,9.856469961474670897e-17
2.980000000000000426e+00,3.112485208000002785e+02,1.517124830516078541e-10,2.301667751368440030e-20,5.481631815202306810e-10,3.004828735743813874e-19,-8.602851023681204070e-10,7.400904573565273944e-19,-1.943972634842141794e-09,3.779029605015098803e-18,4.154431185908187960e-09,1.725929847844651149e-17,8.997318013050388706e-09,8.095173142796099072e-17
2.983999999999999986e+00,3.131323145676799982e+02,1.371330959693785228e-10,1.880548601014678113e-20,4.955283890612301458e-10,2.455483843656178604e-19,-7.781084478080799819e-10,6.054527565502995241e-19,-1.759018097981920227e-09,3.094144669027932136e-18,3.761366875819056505e-09,1.414788077450880958e-17,8.151398403011049206e-09,6.644529592461108162e-17
2.988000000000000433e+00,3.150243364236802677e+02,1.239175222007147565e-10,1.535555230836463330e-20,4.478128844787836803e-10,2.005363795052084595e-19,-7.035687250004712739e-10,4.950089507987887731e-19,-1.591177386270315653e-09,2.531845474578033283e-18,3.404451842088336252e-09,1.159029234509866605e-17,7.382741879089876938e-09,5.450487765326752771e-17
2.991999999999999993e+00,3.169246093004799718e+02,1.119418445915184408e-10,1.253097657055166641e-20,4.045701332380583646e-10,1.636769927082603059e-19,-6.359770080273607974e-10,4.044667547394337569e-19,-1.438914027458663664e-09,2.070473578417311965e-18,3.080462317728904827e-09,9.489248090947736784e-18,6.684510364916080025e-09,4.468267881867050616e-17
2.996000000000000441e+00,3.188331561612802716e+02,1.010930542865646665e-10,1.021980562498631121e-20,3.653928663699197238e-10,1.335119467940260239e-19,-5.747045353273826066e-10,3.302853029258627848e-19,-1.300825020504502097e-09,1.692145733970538267e-18,2.786452498604791565e-09,7.764317526980885204e-18,6.050450407494606300e-09,3.660795013355164695e-17
3.000000000000000000e+00,3.207500000000000000e+02,9.126812328147491309e-11,8.329870327322503135e-21,3.299097460524175016e-10,1.088404405403706071e-19,-5.191776398067999660e-10,2.695454216753593427e-19,-1.175629655095975302e-09,1.382105085941081802e-18,2.519731453994190471e-09,6.349046600247676837e-18,5.474845076980023113e-09,2.997392861693239552e-17
3.004000000000000448e+00,3.226751638412802095e+02,8.237315284549055853e-11,6.785336309706549498e-21,2.977823035946791897e-10,8.867430033415368606e-20,-4.688730895195609557e-10,2.198419740756182200e-19,-1.062159230471082733e-09,1.128182230874922555e-18,2.277841876607218385e-09,5.188563614825494407e-18,4.952469656588555879e-09,2.452695569943036767e-17
3.008000000000000007e+00,3.246086707404800222e+02,7.432259187185819935e-11,5.523847662550802122e-21,2.687021285187386113e-10,7.220083387050072133e-20,-4.233138071292422567e-10,1.791945793062533161e-19,-9.593476044522759288e-10,9.203478261683204698e-19,2.058540532330898073e-09,4.237589123249176956e-18,4.478550838423670058e-09,2.005741761234535695e-17
3.012000000000000455e+00,3.265505437836802685e+02,6.703851965562275899e-11,4.494163117617318941e-21,2.423882890198406673e-10,5.875208265396581702e-20,-3.820649387025473103e-10,1.459736173857812246e-19,-8.662225086478696295e-10,7.503414344882085650e-19,1.859780280014851376e-09,3.458782689932118950e-18,4.048729161101205613e-09,1.639220781995127182e-17
3.016000000000000014e+00,3.285008060876800187e+02,6.044998801045985540e-11,3.654201050464740319e-21,2.185849655595717608e-10,4.777938716867917352e-20,-3.447302445592205391e-10,1.188389415138599970e-19,-7.818975704588166022e-10,6.113638106894000595e-19,1.679693540977191542e-09,2.821370391600496422e-18,3.659024443844622137e-09,1.338845988065244665e-17
3.020000000000000462e+00,3.304594808000003354e+02,5.449241801890513274e-11,2.969423621547096791e-21,1.970592807160397599e-10,3.883236011632296095e-20,-3.109487869272391259e-10,9.668914809152156092e-20,-7.055649868943314581e-10,4.978219507311980749e-19,1.516577106642781086e-09,2.300006120392989514e-18,3.305803989259538614e-09,1.092834001540427907e-17
3.024000000000000021e+00,3.324265910988800670e+02,4.910704706587509398e-11,2.411502071530071669e-21,1.775993096880931340e-10,3.154151480168721272e-20,-2.803918910346812921e-10,7.861961255800458685e-20,-6.364887992631435516e-10,4.051179915874382303e-19,1.368878180864873259e-09,1.873827474047924572e-18,2.985753343364905326e-09,8.914723027414710237e-18
3.028000000000000469e+00,3.344021601932802241e+02,4.424042213552360929e-11,1.957214950729327228e-21,1.600122570326505790e-10,2.560392240068303324e-20,-2.527603580199536397e-10,6.388779858637513936e-20,-5.739987215880901700e-10,3.294745323847618435e-19,1.235181561063339426e-09,1.525673488790868102e-18,2.695849416727442975e-09,7.267604077669694082e-18
3.032000000000000028e+00,3.363862113228798876e+02,3.984393565793419716e-11,1.587539208713600165e-21,1.441227863116447239e-10,2.077137753423200816e-20,-2.277819096687184992e-10,5.188459837232823492e-20,-5.174844791085543369e-10,2.677901861182518235e-19,1.114197869373387899e-09,1.241436892116197115e-18,2.433335784784135986e-09,5.921123041511026758e-18
3.036000000000000476e+00,3.383787677580802438e+02,3.587340047650059011e-11,1.286900861747392769e-21,1.297714903435232507e-10,1.684063970597914964e-20,-2.052088464970349174e-10,4.211067068064364245e-20,-4.663906165050188619e-10,2.175202071639315607e-19,1.004752751571027449e-09,1.009528091789550852e-18,2.195699998708555766e-09,4.821098484328751631e-18
3.040000000000000036e+00,3.403798527999999806e+02,3.228866077058779833e-11,1.042557614358095490e-21,1.168134906990240922e-10,1.364539160929098814e-20,-1.848159021035428381e-10,3.415691767034633148e-20,-4.202117385188758682e-10,1.765779051890560997e-19,9.057769676567646165e-10,8.204319151374836212e-19,1.980652750540982560e-09,3.922985318225559565e-18
3.044000000000000483e+00,3.423894897804803463e+02,2.905323601259343347e-11,8.440905228034559831e-22,1.051171559570304561e-10,1.104961647649466384e-20,-1.663982780161754294e-10,2.768838692674841054e-20,-3.784881484637680066e-10,1.432532785275312862e-19,8.162973036666000033e-10,6.663412879733613392e-19,1.786108747816876971e-09,3.190184459027972089e-18
3.048000000000000043e+00,3.444077020620800909e+02,2.613399526515453245e-11,6.829857085191195333e-22,9.456292904839220998e-11,8.942147550211259619e-21,-1.497698444676028260e-10,2.243100631184994197e-20,-3.408018527463963039e-10,1.161459028353763835e-19,7.354282395670208182e-10,5.408546955526473609e-19,1.610169163646960133e-09,2.592644735559551084e-18
3.052000000000000490e+00,3.464345130380801834e+02,2.350085933419905348e-11,5.522903894458108045e-22,8.504225476806163304e-11,7.232185096035900991e-21,-1.347614936547332402e-10,1.816066017205470727e-20,-3.067729019483124812e-10,9.410961336978894932e-20,6.623643130044914641e-10,4.387264831419119634e-19,1.451105538175876655e-09,2.105707282924700521e-18
3.056000000000000050e+00,3.484699461324800041e+02,2.112652848797352898e-11,4.463302059531571082e-22,7.645659923283467746e-11,5.845611566250296056e-21,-1.212196330770567958e-10,1.469419944333628154e-20,-2.760560412783037378e-10,7.620693792624853406e-20,5.963731232444514691e-10,3.556609021283417195e-19,1.307345016622933803e-09,1.709150992488819064e-18
3.060000000000000497e+00,3.505140248000002430e+02,1.898623363216782701e-11,3.604770675352607232e-22,6.871655370726204536e-11,4.721964753403029187e-21,-1.090048075119783746e-10,1.188204806072345766e-20,-2.483376452993902643e-10,6.167158607284576878e-20,5.367889238731569077e-10,2.881423487929018293e-19,1.177456817732899861e-09,1.386404557625687383e-18
3.064000000000000057e+00,3.525667725260801149e+02,1.705750899781216899e-11,2.909586132104430878e-22,6.174101581749579709e-11,3.811953034176266019e-21,-9.799043907777060724e-11,9.602126150654272648e-21,-2.233329137762711233e-10,4.987759037579935383e-20,4.830067567695221262e-10,2.332955270850123178e-19,1.060139834479725326e-09,1.123896468650699424e-18
3.068000000000000504e+00,3.546282128268802012e+02,1.531998455268451544e-11,2.347019266944921626e-22,5.545644172533407930e-11,3.075416928835374805e-21,-8.806167566127180316e-11,7.754858720271030929e-21,-2.007833072886778199e-10,4.031393648577962079e-20,4.344770835038294924e-10,1.887703360899936259e-19,9.542112763113049708e-10,9.105191598396495605e-19
3.072000000000000064e+00,3.566983692492800060e+02,1.375519648941907133e-11,1.892054304625267405e-22,4.979616334566649978e-11,2.479657883948299755e-21,-7.911433875253515753e-11,6.259078596250886109e-21,-1.804542029232606556e-10,3.256371935266933330e-20,3.907008737049081561e-10,1.526471727137785984e-19,8.585962691366317272e-10,7.371875533753433805e-19
3.076000000000000512e+00,3.587772653708803432e+02,1.234641427517397464e-11,1.524339454542197126e-22,4.469976516284986944e-11,1.998069005613926994e-21,-7.105396243658872130e-11,5.048665577940160861e-21,-1.621327519004853891e-10,2.628702923882434894e-20,3.512251130750980231e-10,1.233590800546154040e-19,7.723183356732021857e-10,5.964756116170250301e-19
3.080000000000000071e+00,3.608649247999999830e+02,1.107848286936718226e-11,1.227327826868621094e-22,4.011251563800623082e-11,1.609013910809294377e-21,-6.379491594729754544e-11,4.069791300722758407e-21,-1.456259224220931836e-10,2.120690928128550309e-20,3.156386966398522037e-10,9.962778681650464091e-20,6.944906847255759029e-10,4.823173111705992670e-19
3.084000000000000519e+00,3.629613711756803127e+02,9.937678828343028078e-12,9.875746049529726167e-23,3.598484860240042209e-11,1.294909328937679622e-21,-5.725960279377903441e-11,3.278662112101347645e-21,-1.307587123469939716e-10,1.709784085464391481e-20,2.835686755119816053e-10,8.041119373161951624e-20,6.243082434866983261e-10,3.897607828854466211e-19
3.088000000000000078e+00,3.650666281676801077e+02,8.911579119558508036e-12,7.941624240415119174e-23,3.227189040431908596e-11,1.041474910268382372e-21,-5.137773002941075184e-11,2.639671142975015148e-21,-1.173725175264994032e-10,1.377630787050840987e-20,2.546768279441035777e-10,6.486028669167053125e-20,5.610403720712689933e-10,3.147662990938679467e-19
3.092000000000000526e+00,3.671807194764803057e+02,7.988941563603517683e-12,6.382318730667181252e-23,2.893302892047224611e-11,8.371201625128833499e-22,-4.608564175046033784e-11,2.123886375551773096e-21,-1.053236427605677967e-10,1.109306972435570581e-20,2.286565277506767525e-10,5.228380768299600661e-20,5.040242042325165977e-10,2.540403984522215806e-19
3.096000000000000085e+00,3.693036688332800850e+02,7.159595910676166886e-12,5.125981360417089031e-23,2.593152085995755037e-11,6.724437741104135849e-22,-4.132571138881376558e-11,1.707814421791531597e-21,-9.448194338176998331e-11,8.926837625195988633e-21,2.052298853160560476e-10,4.211930582684151811e-20,4.526585626059751986e-10,2.048997743005075625e-19
3.100000000000000533e+00,3.714355000000002178e+02,6.414344639566632971e-12,4.114381715513719641e-23,2.323413408120920179e-11,5.398249865036069674e-22,-3.704578780403380013e-11,1.372390394021499484e-21,-8.472958643911120103e-11,7.179102818142816985e-21,1.841451383794194783e-10,3.390943198877555132e-20,4.063984008903745431e-10,1.651596602462535715e-19
3.104000000000000092e+00,3.735762367692800581e+02,5.744872642266809068e-12,3.300356167586562691e-23,2.081082191190943936e-11,4.330903086492100758e-22,-3.319869058670420834e-11,1.102153056671722688e-21,-7.595992134536858676e-11,5.769909650794581956e-21,1.651742716125509734e-10,2.728254000273675947e-20,3.647497291391478049e-10,1.330423649070816990e-19
3.108000000000000540e+00,3.757259029644802695e+02,5.143665026490017632e-12,2.645728990473655366e-23,1.863442671025574784e-11,3.472418588198928418e-22,-2.974175036018839286e-11,8.845717144877663524e-22,-6.807645067455824635e-11,4.634403136445561709e-21,1.481108456929125096e-10,2.193682261186974153e-20,3.272649818175005466e-10,1.071023683240089591e-19
3.112000000000000099e+00,3.778845224396800972e+02,4.603932332093750564e-12,2.119619291849820000e-23,1.668041013482243139e-11,2.782360822658868956e-22,-2.663639021386580391e-11,7.094972836253259324e-22,-6.099189255550197527e-11,3.720010957501897447e-21,1.327680181321199536e-10,1.762734663873093331e-20,2.935387914992543019e-10,8.616502211484268540e-20
3.116000000000000547e+00,3.800521190796802671e+02,4.119542516057144690e-12,1.697063054160243080e-23,1.492660780099039398e-11,2.228036204445872935e-22,-2.384774471975865065e-11,5.687149282187766258e-22,-5.462732680785948669e-11,2.984144834172683711e-21,1.189767395580948791e-10,1.415546455587473779e-20,2.632041340533020209e-10,6.927641618274858056e-20
3.120000000000000107e+00,3.822287168000000293e+02,3.684959114653185844e-12,1.357892367666558982e-23,1.335300619590312598e-11,1.783027744678272657e-22,-2.134431327823226340e-11,4.555797093193221376e-22,-4.891141761275104714e-11,2.392326772888933356e-21,1.065841104764432272e-10,1.136017260605465521e-20,2.359288139188041386e-10,5.566240523713370527e-20
3.124000000000000554e+00,3.844143395468802851e+02,3.295185041126240030e-12,1.085824445526213967e-23,1.194153990240237157e-11,1.426003752406680443e-22,-1.909764480901010818e-11,3.647200372511107123e-22,-4.377970610524074295e-11,1.916662666661253662e-21,9.545188476105996188e-11,9.111062304438671244e-21,2.114122606073795267e-10,4.469514393512255818e-20
3.128000000000000114e+00,3.866090112972800625e+02,2.945711522866195166e-12,8.677216375946678305e-24,1.067590734657737864e-11,1.139749976727048406e-22,-1.708205105282748478e-11,2.917964681714045945e-22,-3.917396682423753690e-11,1.534599676746463164e-21,8.545510725309563883e-11,7.302575355638078244e-21,1.893826099146149184e-10,3.586577293807120089e-20
3.132000000000000561e+00,3.888127560588803249e+02,2.632471724065683116e-12,6.929907378005349673e-24,9.541403434517066836e-12,9.103837950021407418e-23,-1.527434597826980128e-11,2.333056450638868360e-22,-3.504162246028506083e-11,1.227915304649154479e-21,7.648087388824213899e-11,5.849324070709198155e-21,1.695940454863222375e-10,2.876214026441673580e-20
3.136000000000000121e+00,3.910255978700801052e+02,2.351798638439048871e-12,5.530956835763764233e-24,8.524767582596674930e-12,7.267166233729115117e-23,-1.365360899920460631e-11,1.864210387031610068e-22,-3.133521180650260286e-11,9.818954989583800764e-22,6.842720373132681735e-11,4.682282210488506429e-21,1.518243783802787666e-10,2.305064187055805826e-20
3.140000000000000568e+00,3.932475608000003717e+02,2.100386872033062190e-12,4.411625012208830827e-24,7.614045773098648055e-12,5.797369303484138880e-23,-1.220096990211517010e-11,1.488636665523202682e-22,-2.801190624562640105e-11,7.846668915137634096e-22,6.120201318051816939e-11,3.745686417348319749e-21,1.358728441039434951e-10,1.846142976489453394e-20
3.144000000000000128e+00,3.954786689484800490e+02,1.875257968713032203e-12,3.516592449221727385e-24,6.798465384032865973e-12,4.621913157789314296e-23,-1.089941356087315499e-11,1.187972159709456189e-22,-2.503307049949071359e-11,6.266546186324722404e-22,5.472218341669382280e-11,2.994517357890280361e-21,1.215580983043000684e-10,1.477637126335787989e-20
3.148000000000000576e+00,3.977189464460803947e+02,1.673728960789340193e-12,2.801368634184964640e-24,6.068321649491383564e-12,3.682452764168582893e-23,-9.733602680251029340e-12,9.474302113699002460e-23,-2.236386372898873046e-11,5.001424008887777682e-22,4.891271292196378547e-11,2.392453485386442891e-21,1.087163938481725234e-10,1.181925429135096399e-20
3.152000000000000135e+00,3.999684174540800541e+02,1.493383854667262245e-12,2.230195337380850593e-24,5.414874705496328621e-12,2.932086807622395222e-23,-8.689716959886959586e-12,7.551118084294706338e-23,-1.997287740498662291e-11,3.989158318346251853e-22,4.370594757986361621e-11,1.910209853853786359e-21,9.719992347001980370e-11,9.447825122577706541e-21
3.156000000000000583e+00,4.022271061644802899e+02,1.332047786550889107e-12,1.774351305655122854e-24,4.830256266769898973e-12,2.333137560266988035e-23,-7.755307208510738134e-12,6.014478989837861185e-23,-1.783180667607789856e-11,3.179733293330162947e-22,3.904088150288059510e-11,1.524190428521964164e-21,8.687531348856404761e-11,7.547320093736277846e-21
3.160000000000000142e+00,4.044950368000001504e+02,1.187763606288924181e-12,1.410782384424470481e-24,4.307385062814759857e-12,1.855356607935971141e-23,-6.919163064977900228e-12,4.787481751975437104e-23,-1.591515223954532541e-11,2.532920708079045786e-22,3.486252231497059431e-11,1.215395462161822592e-21,7.762225531223697939e-11,6.025214519758101759e-21
3.164000000000000590e+00,4.067722336140803350e+02,1.058770668581994613e-12,1.120995328649563814e-24,3.839890237735812557e-12,1.474475703785879433e-23,-6.171193098929594616e-12,3.808362426427625576e-23,-1.419994997937810005e-11,2.016385794168401089e-22,3.112131515148331229e-11,9.685362567579446885e-22,6.933226257431873229e-11,4.806962633674277774e-21
3.168000000000000149e+00,4.090587208908800108e+02,9.434856301311529528e-13,8.901651342639788055e-25,3.422041987910343949e-12,1.171037136702137861e-23,-5.502316170520794100e-12,3.027548324037461578e-23,-1.266552587146642144e-11,1.604155456007852547e-22,2.777262013007747787e-11,7.713184288895847376e-22,6.190754276921842450e-11,3.832543851722608729e-21
3.171999999999999709e+00,4.113545229452798253e+02,8.404850690372126860e-13,7.064151512744881438e-25,3.048688775431472945e-12,9.294503249441854589e-24,-4.904363026401558639e-12,2.405277669473465395e-23,-1.129327387282486014e-11,1.275380347666286246e-22,2.477623849714892552e-11,6.138619940676044271e-22,5.525997320849621995e-11,3.053664639003720091e-21
3.176000000000000156e+00,4.136596641228801445e+02,7.484897589915213469e-13,5.602369193151857040e-25,2.715200513679638187e-12,7.372313829486170405e-24,-4.369987198700289273e-12,1.909678811680440207e-23,-1.006645471041910487e-11,1.013335104369189810e-22,2.209598306814264554e-11,4.882324677476465100e-22,4.931017198535426122e-11,2.431493061225216297e-21
3.179999999999999716e+00,4.159741687999997453e+02,6.663504456517662174e-13,4.440229164203074443e-25,2.417417174853134241e-12,5.843905797274908963e-24,-3.892584355796650347e-12,1.515221296699282464e-23,-8.970013667312187997e-12,8.046114519176745285e-23,1.969928895977486314e-11,3.880619855207078210e-22,4.398665543536823610e-11,1.934825856389809917e-21
3.184000000000000163e+00,4.182980613836800785e+02,5.930349861831919774e-13,3.516904948372987092e-25,2.151602318212465652e-12,4.629392535737256221e-24,-3.466219328788234125e-12,1.201467643526515666e-23,-7.990415630724129919e-12,6.384674195172049430e-23,1.755686096033952271e-11,3.082433667806940176e-22,3.922507431470380086e-11,1.538606454994035934e-21
3.187999999999999723e+00,4.206313663116799262e+02,5.276167253694123338e-13,2.783794088895418747e-25,1.914401082535035603e-12,3.664931504811316350e-24,-3.085560106306481625e-12,9.520681169630066909e-24,-7.115495819432439286e-12,5.063028075636051924e-23,1.564235420340301366e-11,2.446832450247199124e-22,3.496752159006971668e-11,1.222727566151991837e-21
3.192000000000000171e+00,4.229741080524800623e+02,4.692639930529914282e-13,2.202086951760380051e-25,1.702802227178160066e-12,2.899535424882902398e-24,-2.745818153238733852e-12,7.539517330655371058e-24,-6.334324747857038706e-12,4.012367001131413607e-23,1.393208510260378106e-11,1.941029953061942145e-22,3.116190535193946246e-11,9.710643451632334014e-22
3.195999999999999730e+00,4.253263111052798422e+02,4.172306180419633689e-13,1.740813886316787396e-25,1.514103843524904463e-12,2.292510448976888284e-24,-2.442694466440055649e-12,5.966756256376867796e-24,-5.637086112213559170e-12,3.177673983651098171e-23,1.240476977310051880e-11,1.538783131236282951e-22,2.776138092850993527e-11,7.706942710578351222e-22
3.200000000000000178e+00,4.276880000000002156e+02,3.708473630954111301e-13,1.375277667148197084e-25,1.345882392729453282e-12,1.811399415059158490e-24,-2.172330833109463818e-12,4.719021248478056816e-24,-5.014966401245707273e-12,2.514988800562332044e-23,1.104128741042275179e-11,1.219100276795599524e-22,2.472383679652170024e-11,6.112681059410403939e-22
3.203999999999999737e+00,4.300591992972798039e+02,3.295141942536981378e-13,1.085796042146639041e-25,1.195964756854608851e-12,1.430331699638303722e-24,-1.931265805565194530e-12,3.729787611745379506e-24,-4.460055141148738818e-12,1.989209186208729513e-23,9.824466321892641442e-12,9.652013851000273093e-23,2.201142936019821251e-11,4.845030224789958905e-22
3.208000000000000185e+00,4.324399335884801872e+02,2.926933056756779368e-13,8.566937118735584278e-26,1.062403018950304050e-12,1.128700174674720091e-24,-1.716394950056072132e-12,2.946011624577986378e-24,-3.965254782191821893e-12,1.572324548769511159e-23,8.738890511087925983e-12,7.636820736478258898e-23,1.959016210464866478e-11,3.837744512864126098e-22
3.211999999999999744e+00,4.348302274956797646e+02,2.599028283494120202e-13,6.754948018402392594e-26,9.434517135860669021e-13,8.901011358684859903e-25,-1.524934967334904490e-12,2.325426654600706373e-24,-3.524199323993427300e-12,1.241998087523572966e-23,7.770724903557142634e-12,6.038416552676316875e-23,1.742950502833535628e-11,3.037876455327674561e-22
3.216000000000000192e+00,4.372301056716801213e+02,2.307111576128606815e-13,5.322763824706623938e-26,8.375473130313338565e-13,7.014855015660071371e-25,-1.354391319312301266e-12,1.834375845828515845e-24,-3.131180858098198039e-12,9.804293566120568375e-24,6.907557473613427855e-12,4.771435025127271977e-23,1.550205062360295831e-11,2.403135735367488624e-22
3.219999999999999751e+00,4.396395927999997753e+02,2.047318404101915895e-13,4.191512647774415991e-26,7.432897358678791557e-13,5.524796314465415565e-25,-1.202529029497300180e-12,1.446076066783718684e-24,-2.781083281088524667e-12,7.734424216350114206e-24,6.138256688845021369e-12,3.767819517815064453e-23,1.378320300754836458e-11,1.899766851472902815e-22
3.224000000000000199e+00,4.420587135948801460e+02,1.816189686670522709e-13,3.298544977968371714e-26,6.594256844954156474e-13,4.348422333722474778e-25,-1.067346355383541847e-12,1.139228242350530053e-24,-2.469322499531596511e-12,6.097553606692971714e-24,5.452842832209644052e-12,2.973349495278009453e-23,1.225089711021054196e-11,1.500844800049649990e-22
3.227999999999999758e+00,4.444874928012798136e+02,1.610630301396123199e-13,2.594129967775366831e-26,5.848336359173520853e-13,3.420303817003099297e-25,-9.470510587038176479e-13,8.969057077920219001e-25,-2.191792510157988477e-12,4.803954407584656060e-24,4.842371892350590317e-12,2.344856554382703768e-23,1.088534510551882491e-11,1.184907380662426267e-22
3.232000000000000206e+00,4.469259551948802027e+02,1.427871726190039756e-13,2.038817666452923927e-26,5.185103265183170398e-13,2.688529587061317572e-25,-8.400390247790879128e-13,7.056655631518010672e-25,-1.944816795292873348e-12,3.782312367253241857e-24,4.298830832121293457e-12,1.847994652319665147e-23,9.668807524813347644e-12,9.348583895188721922e-23
3.235999999999999766e+00,4.493741255820798415e+02,1.265438414931540527e-13,1.601334381984449797e-26,4.595585864056904409e-13,2.111940943391964356e-25,-7.448750052397476145e-13,5.548387734309139936e-25,-1.725104525177366201e-12,2.975985622787426114e-24,3.815043154186633377e-12,1.455455426830629582e-23,8.585386725032675008e-12,7.370886521836728654e-23
3.240000000000000213e+00,4.518320288000002165e+02,1.121117544169744829e-13,1.256904547845199687e-26,4.071763924101643841e-13,1.657926145361561643e-25,-6.602752793891868250e-13,4.359634445724687552e-25,-1.529711105849995150e-12,2.340016067360815204e-24,3.384583781862246601e-12,1.145540737644494700e-23,7.620840595684715886e-12,5.807721138483617510e-23
3.243999999999999773e+00,4.542996897164798042e+02,9.929318025162564582e-14,9.859135644481821251e-27,3.606470211409683159e-13,1.300662738578540396e-25,-5.850920485891504236e-13,3.423327053222487512e-25,-1.356002654097121492e-12,1.838743197918437800e-24,3.001702363865980713e-12,9.010217081238616184e-24,6.762414582167844615e-12,4.573025098111630306e-23
3.248000000000000220e+00,4.567771332300800395e+02,8.791149253359939772e-14,7.728430519485102451e-27,3.193301946760475519e-13,1.019717732318424252e-25,-5.182993954351664088e-13,2.686342633084590143e-25,-1.201624019985085042e-12,1.443900285405116143e-24,2.661254194132421584e-12,7.082273885787403893e-24,5.998690279444970855e-12,3.598428506870757975e-23
3.251999999999999780e+00,4.592643842700798587e+02,7.780897055173759175e-14,6.054235898321167946e-27,2.826541216334884226e-13,7.989335247639887062e-26,-4.589806553071861661e-13,2.106632419462140584e-25,-1.064470012985230099e-12,1.133096408544776008e-24,2.358638012965630992e-12,5.563173276206460111e-24,5.319449010926656181e-12,2.829653777984858015e-23
3.256000000000000227e+00,4.617614677964801331e+02,6.884482366980020764e-14,4.739609746125882864e-27,2.501083456070895766e-13,6.255418454231536438e-26,-4.063170622621012604e-13,1.650935550853042644e-25,-9.426595199983351674e-13,8.886069706434917401e-25,2.089740024205499437e-12,4.367013368766401690e-24,4.715548954007620028e-12,2.223640193764235837e-23
3.259999999999999787e+00,4.642684087999999178e+02,6.089341685653855401e-14,3.708008216464173649e-27,2.212373213379308167e-13,4.894595235278285793e-26,-3.595775443061350882e-13,1.292960103692305338e-25,-8.345122329547510052e-13,6.964106669511246226e-25,1.850883525336522257e-12,3.425769824362152818e-24,4.178814507235591374e-12,1.746249068588263742e-23
3.264000000000000234e+00,4.667852323020801464e+02,5.384267749520807543e-14,2.899033919852986319e-27,1.956346466099473070e-13,3.827291495419896657e-26,-3.181095549610246977e-13,1.011936889575011885e-25,-7.385277303654415957e-13,5.454232085187304260e-25,1.638783604104414127e-12,2.685611701081453150e-24,3.701936715686424520e-12,1.370433544694719024e-23
3.267999999999999794e+00,4.693119633548798220e+02,4.759266545911033407e-14,2.265061805502793934e-27,1.729378847694308148e-13,2.990751198852492795e-26,-2.813308388235480526e-13,7.914704087316116980e-26,-6.533666814604372667e-13,4.268880204426244677e-25,1.450506406712227346e-12,2.103968835913217504e-24,3.278383681797815624e-12,1.074779956507820180e-23
3.272000000000000242e+00,4.718486270412800536e+02,4.205429017649810328e-14,1.768563322249105022e-27,1.528239190387482737e-13,2.335515023036188823e-26,-2.487220386096134045e-13,6.186265249012202650e-26,-5.778339635889545371e-13,3.338920894769212443e-25,1.283432529489724681e-12,1.647199057752392922e-24,2.902319989615686567e-12,8.423461322122798373e-24
3.275999999999999801e+00,4.743952484748799066e+02,3.714815998294122504e-14,1.379985790118195834e-27,1.350047854807642190e-13,1.822629210270716495e-26,-2.198200600599617144e-13,4.832085880476517384e-26,-5.108635035655546665e-13,2.609815192752735074e-25,1.135224128476885120e-12,1.288733821876103379e-24,2.568534261994947872e-12,6.597368255041931313e-24
3.280000000000000249e+00,4.769518528000001538e+02,3.280355048659259997e-14,1.076072924526429577e-27,1.192239366249181346e-13,1.421434706434249456e-26,-1.942121191452228968e-13,3.771834722287825407e-26,-4.515046718086631498e-13,2.038564686650486149e-25,1.003795380009666283e-12,1.007605164928750371e-24,2.272374053561628737e-12,5.163683839300107721e-24
3.283999999999999808e+00,4.795184651916798657e+02,2.895747996501918405e-14,8.385356459244874415e-28,1.052528924365701048e-13,1.107817136626419644e-26,-1.715304033173915452e-13,2.942267926222701096e-26,-3.989100745958322084e-13,1.591292476140524266e-25,8.872859604870516783e-13,7.872763756774298599e-25,2.009687357912128141e-12,4.038843276551830278e-24
3.288000000000000256e+00,4.820951108556801046e+02,2.555388098352434104e-14,6.530008333201269128e-28,9.288823954187642295e-14,8.628225045189014142e-27,-1.514472851802207933e-13,2.293628018845912393e-26,-3.523246047045650831e-13,1.241326270802280387e-25,7.840372453477500257e-13,6.147144020924879320e-25,1.776770076263243891e-12,3.156911903904493399e-24
3.291999999999999815e+00,4.846818150284799458e+02,2.254285848528146549e-14,5.081804686874265807e-28,8.194894345106729700e-14,6.715629332746225823e-27,-1.336710329542312339e-13,1.786794505105117335e-26,-3.110756242557848578e-13,9.676804400612624786e-26,6.925709561806202191e-13,4.796545293449385862e-25,1.570318857183568705e-12,2.465901313226309334e-24
3.296000000000000263e+00,4.872786029772802294e+02,1.988002556324972643e-14,3.952154163954626228e-28,7.227394199006923949e-14,5.223522690783893417e-27,-1.179419675493258342e-13,1.391030770940622792e-26,-2.745641658547606484e-13,7.538548117152050908e-26,6.115700110986272956e-13,3.740178784751751295e-25,1.387388773691422392e-12,1.924847609364988885e-24
3.299999999999999822e+00,4.898854999999998654e+02,1.752590899198999178e-14,3.071574859955156611e-28,6.371999128724029833e-14,4.060237289645979486e-27,-1.040290209808252959e-13,1.082203720622899019e-26,-2.422570492462971316e-13,5.868847790952283421e-26,5.398613572628639386e-13,2.914502850657016115e-25,1.225355355408154992e-12,1.501495747027445881e-24
3.304000000000000270e+00,4.925025314252802104e+02,1.544541738256508665e-14,2.385609181216437508e-28,5.615973849892969600e-14,3.153916228268166192e-27,-9.172665532004456145e-14,8.413779296202259850e-27,-2.136798207721138919e-13,4.565906580520271720e-26,4.764005859713098510e-13,2.269575183138073666e-25,1.081880540076501948e-12,1.170465502996223578e-24
3.307999999999999829e+00,4.951297226124798385e+02,1.360736553337244593e-14,1.851603967588123872e-28,4.947999802232220272e-14,2.448270204289008942e-27,-8.085210540115109035e-14,6.537062947798845082e-27,-1.884104320343118899e-13,3.549849089935605941e-26,4.202581502278875125e-13,1.766169128329656803e-25,9.548821510197904014e-13,9.117999223361818080e-25
3.312000000000000277e+00,4.977670989516801114e+02,1.198404919101428866e-14,1.436174350126502336e-28,4.358021026180125872e-14,1.899234726462807689e-27,-7.124291215105253829e-14,5.075552531762589325e-27,-1.660735824170165799e-13,2.758043477682159628e-26,3.706070223649490838e-13,1.373495650262138734e-25,8.425065454206984822e-13,7.098172790767194888e-25
3.315999999999999837e+00,5.004146858636798356e+02,1.055086501453235331e-14,1.113207525548827910e-28,3.837106410884425330e-14,1.472338560845035627e-27,-6.275471670406111634e-14,3.938154468606966956e-27,-1.463356575783825452e-13,2.141412467889762802e-26,3.267116452745256940e-13,1.067404991579875121e-25,7.431041129957087679e-13,5.522037227511390740e-25
3.320000000000000284e+00,5.030725088000000937e+02,9.285971059321008788e-15,8.622925851454734244e-29,3.377326618616611523e-14,1.140633508881631475e-27,-5.525928844053328707e-14,3.053588958954055802e-27,-1.289002027698151903e-13,1.661526227409947260e-26,2.879180452637383305e-13,8.289680078849207607e-26,6.552073360602283988e-13,4.292966532271410916e-25
3.323999999999999844e+00,5.057405932428799815e+02,8.169983569062678265e-15,6.674863151875414210e-29,2.971644161349377685e-14,8.830669021681846789e-28,-4.864276277814163253e-14,2.366118370690561120e-27,-1.135038759347326577e-13,1.288312985220718296e-26,2.536449876275125056e-13,6.433577974856097499e-26,5.775111504180079146e-13,3.335191288571309803e-25
3.328000000000000291e+00,5.084189647052803025e+02,7.185706289904021308e-15,5.163437488476620977e-29,2.613815259230421465e-14,6.832030209385795192e-28,-4.280406697281499288e-14,1.832188149413231216e-27,-9.991283104579132008e-14,9.982573807584842274e-27,2.233760678546389405e-13,4.989686769020025998e-26,5.088553722394179618e-13,2.589337898569166002e-25
3.331999999999999851e+00,5.111076487308799301e+02,6.317888905175547581e-15,3.991572021814027702e-29,2.298302249584425119e-14,5.282193230444828924e-28,-3.765351437817516037e-14,1.417787145027443461e-27,-8.791948711217839685e-14,7.729836214068502538e-27,1.966526420674666073e-13,3.867226163211513696e-26,4.482089793648256806e-13,2.008912891832587429e-25
3.336000000000000298e+00,5.138066708940802982e+02,5.553011535218966883e-15,3.083593711027490630e-29,2.020195440308702417e-14,4.081189617044071943e-28,-3.311154958978627932e-14,1.096374716236875871e-27,-7.733964277734473807e-14,5.981420344927291875e-27,1.730675099469503488e-13,2.995236299923775807e-26,3.946560565084402251e-13,1.557534029387931549e-25
3.339999999999999858e+00,5.165160568000000012e+02,4.879092558930040048e-15,2.380554419860648606e-29,1.775143414397701765e-14,3.151134141679530673e-28,-2.910762868397512006e-14,8.472540476041711598e-28,-6.800990047791917198e-14,4.625346563016470732e-27,1.522592721098085840e-13,2.318288594340873363e-26,3.473832328511297771e-13,1.206751104661022416e-25
3.344000000000000306e+00,5.192358320844800801e+02,4.285517294723222592e-15,1.836565848337184764e-29,1.559290894018762877e-14,2.431388092169832755e-28,-2.557922036879545661e-14,6.542965146754003609e-28,-5.978536778789895993e-14,3.574290201534346364e-27,1.339072917709159945e-13,1.793116278942122614e-26,3.056684576861170790e-13,9.343320602420954645e-26
3.347999999999999865e+00,5.219660224140800437e+02,3.762885331749269028e-15,1.415930601989380692e-29,1.369223364138751144e-14,1.874772620903439025e-28,-2.247091531362662902e-14,5.049420350321797382e-28,-5.253760686617634025e-14,2.760200135224899220e-27,1.177271976216064018e-13,1.385969305983676672e-26,2.688709752905657712e-13,7.229160135370002856e-26
3.352000000000000313e+00,5.247066534860800857e+02,3.302874530044278702e-15,1.090898016121521510e-29,1.201917738141868141e-14,1.444606249260064233e-28,-1.973363222911408311e-14,3.894162409539300603e-28,-4.615280589422962190e-14,2.130081491910436628e-27,1.034668712559017713e-13,1.070539344748535279e-26,2.364223741949527031e-13,5.589553901997823586e-26
3.355999999999999872e+00,5.274577510284799473e+02,2.898119913303549359e-15,8.399099031886572528e-30,1.054698422065911861e-14,1.112388761508324318e-28,-1.732391044446982022e-14,3.001178730880105413e-28,-4.053014906543728401e-14,1.642692983266566673e-27,9.090286824782985216e-14,8.263331455682312715e-27,2.078185986528049209e-13,4.318856994601560979e-26
3.360000000000000320e+00,5.302193408000001682e+02,2.542105862373128053e-15,6.462302215511825747e-30,9.251982008181564923e-15,8.559917107971538508e-29,-1.520327978707365938e-14,2.311397162840424880e-28,-3.558036409616487287e-14,1.265962309215658305e-27,7.983722718392919739e-14,6.373982844418322975e-27,1.826128215050398659e-13,3.334744257803155064e-26
3.363999999999999879e+00,5.329914485900799264e+02,2.229070183345006618e-15,4.968753882277741389e-30,8.113234297383990030e-15,6.582457076424788491e-29,-1.333769952120390494e-14,1.778942285179228747e-28,-3.122442839711925936e-14,9.749649287268276086e-28,7.009462564025752328e-14,4.913256543647847672e-27,1.604090879032323717e-13,2.573107548194692933e-26
3.368000000000000327e+00,5.357741002188802213e+02,1.953918773148596930e-15,3.817798572062517915e-30,7.112230688129569652e-15,5.058382536117200928e-29,-1.169705895887437850e-14,1.368211882873833690e-28,-2.739241699468230210e-14,7.503445088105597860e-28,6.151984631218630299e-14,3.784691490275022473e-27,1.408566486113737045e-13,1.984059545802800526e-26
3.371999999999999886e+00,5.385673215372798950e+02,1.712149739399245415e-15,2.931456730124904035e-30,6.232611453048219926e-15,3.884544552466784154e-29,-1.025473312549256427e-14,1.051595514750744971e-28,-2.402247704707984711e-14,5.770794034774781033e-28,5.397552030288074593e-14,2.913356791966691546e-27,1.236449099430422517e-13,1.528806375482302749e-26
3.376000000000000334e+00,5.413711384268802931e+02,1.499785951485840420e-15,2.249357900274287544e-30,5.459922740906752303e-15,2.981075633667070173e-29,-8.987187554832785598e-15,8.076954014574130210e-29,-2.105991537839692429e-14,4.435200357452392253e-28,4.734011799335952762e-14,2.241086771625202598e-27,1.084989348984095089e-13,1.177201887408930515e-26
3.379999999999999893e+00,5.441855767999999216e+02,1.313315107803382793e-15,1.724796572384610881e-30,4.781399040726583617e-15,2.286177678666109399e-29,-7.873626909292655912e-15,6.199400070673741656e-29,-1.845638687190799253e-14,3.406382163655376822e-28,4.150616099033702956e-14,1.722761400155775321e-27,9.517543682305935643e-14,9.058363774460163515e-27
3.384000000000000341e+00,5.470106625996802450e+02,1.149636500883378787e-15,1.321664084163379001e-30,4.185769941027515178e-15,1.752066999920948682e-29,-6.895682679497672678e-15,4.755043961632420093e-29,-1.616917283861156013e-14,2.614421502848938001e-28,3.637863141114725992e-14,1.323404823348110018e-27,8.345921299069262916e-14,6.965440233025797572e-27
3.387999999999999901e+00,5.498464217996798880e+02,1.006013749048232876e-15,1.012063663274080920e-30,3.663088533190488370e-15,1.341821760199164414e-29,-6.037135718305619173e-15,3.644700768124150576e-29,-1.416053962142029398e-14,2.005208823698140026e-28,3.187355724826496284e-14,1.015923651658423984e-27,7.315997098015617206e-14,5.352381353817293303e-27
3.392000000000000348e+00,5.526928804044803201e+02,8.800328411125611082e-16,7.744578014366462276e-31,3.204579090065517921e-15,1.026932714448514311e-29,-5.283669813808327942e-15,2.791716670134933265e-29,-1.239716872298816062e-14,1.536897923462359107e-28,2.791675478674145996e-14,7.793451978230522000e-28,6.410950563346244927e-14,4.110028712566953192e-27
3.395999999999999908e+00,5.555500644492799438e+02,7.695649104749872805e-16,5.922301514343752204e-31,2.802501903858436755e-15,7.854016921130162983e-30,-4.622652909157687215e-15,2.136891991854402791e-29,-1.084965066726138947e-14,1.177149196016055140e-28,2.444271105112678106e-14,5.974461235288752372e-28,5.615918879953579476e-14,3.153854486621906823e-27
3.400000000000000355e+00,5.584180000000002337e+02,6.727332175016529597e-16,4.525699819301263227e-31,2.450033393951320139e-15,6.002663631476624799e-30,-4.042942938586458724e-15,1.634538760466611153e-29,-9.492035632011081278e-15,9.009874043936800839e-29,2.139359105665369426e-14,4.576857382993329224e-28,4.917773803722979367e-14,2.418449918458397989e-27
3.403999999999999915e+00,5.612967131532799385e+02,5.878838751311743473e-16,3.456074506392462029e-31,2.141159798299997161e-15,4.584565281856084332e-30,-3.534715573035541481e-15,1.249421418225997597e-29,-8.301434631325122666e-15,6.891381693816407166e-29,1.871835625296437106e-14,3.503768608128903536e-28,4.304923401496720554e-14,1.853236549275409456e-27
3.408000000000000362e+00,5.641862300364800831e+02,5.135599027921387847e-16,2.637437737558710320e-31,1.870582943801779429e-15,3.499080549642131431e-30,-3.089311459114303890e-15,9.543845291414949518e-30,-7.257665691871952179e-15,5.267371129497518013e-29,1.637198199586408143e-14,2.680417944728976326e-28,3.767135954321099533e-14,1.419131329833874194e-27
3.411999999999999922e+00,5.670865768076798759e+02,4.484782386154431710e-16,2.011327305116104010e-31,1.633636753696623747e-15,2.668769043028443464e-30,-2.699100795118258407e-15,7.285145102208015222e-30,-6.342940062434815702e-15,4.023288863564058279e-29,1.431476318011538682e-14,2.049124449027871770e-28,3.295383604610871617e-14,1.085955310153814125e-27
3.416000000000000369e+00,5.699977796556803469e+02,3.915093800829697659e-16,1.532795946929512791e-31,1.426213295601852705e-15,2.034084364551497585e-30,-2.357363320583695050e-15,5.557161825233384717e-30,-5.541584029734019448e-15,3.070915355860313110e-29,1.251169832916044262e-14,1.565425950799162113e-28,2.881703585281491379e-14,8.304215553424201365e-28
3.419999999999999929e+00,5.729198647999999139e+02,3.416593591661468874e-16,1.167311177058221608e-31,1.244697303938223576e-15,1.549271378431082488e-30,-2.058182004144787494e-15,4.236113162185454111e-30,-4.839792391207469218e-15,2.342359038998971239e-29,1.093194347943915704e-14,1.195073882376522956e-28,2.519075099678577202e-14,6.345739357820633840e-28
3.424000000000000377e+00,5.758528584908802941e+02,2.980537901095616760e-16,8.883606179867464624e-32,1.085908226863609985e-15,1.179196677170069443e-30,-1.796348900774867590e-15,3.226869373315075349e-30,-4.225410062887406980e-15,1.785409019955015952e-29,9.548328129898243874e-15,9.117057007620609359e-29,2.201310127949537126e-14,4.845766279413207090e-28
3.427999999999999936e+00,5.787967870092800240e+02,2.599237566991494001e-16,6.756035929659861199e-32,9.470489518123237859e-16,8.969017171288211622e-31,-1.567281816092065676e-15,2.456372291052843552e-30,-3.687738682916579385e-15,1.359941659347930862e-29,8.336926362402360939e-15,6.950434117211946668e-29,1.922956620768531298e-14,3.697762165357529225e-28
3.432000000000000384e+00,5.817516766668802575e+02,2.265933314753963865e-16,5.134453786911885791e-32,8.256604566235753434e-16,6.817151896318509169e-31,-1.366950564318799432e-15,1.868553845291484241e-30,-3.217365413205634200e-15,1.035144020209186123e-29,7.276676986023215203e-15,5.295002795891990173e-29,1.679212707222007617e-14,2.819755316095864061e-28
3.435999999999999943e+00,5.847175538060799909e+02,1.974685422277473612e-16,3.899382516955164071e-32,7.195817161835734118e-16,5.177978462656968298e-31,-1.191811739530745712e-15,1.420415222483302035e-30,-2.806011447403077541e-15,7.873700242957113511e-30,6.349047226571514857e-15,4.031040068523544428e-29,1.465850692153713471e-14,2.148718251687521046e-28
3.440000000000000391e+00,5.876944448000002694e+02,1.720276215231932217e-16,2.959350256692701032e-32,6.269142685381841272e-16,3.930215000967664210e-31,-1.038751038657307047e-15,1.079003720311634185e-30,-2.446398006473098776e-15,5.984863206075551799e-30,5.537735080339049291e-15,3.066650982001773689e-29,1.279149751128171452e-14,1.636224085811262926e-28
3.443999999999999950e+00,5.906823760524799809e+02,1.498123932370663944e-16,2.244375316741741602e-32,5.459909104880258971e-16,2.981060743355434928e-31,-9.050322807803717951e-16,8.190834292545217580e-31,-2.132127847124171469e-15,4.545969156482354399e-30,4.828405985118396814e-15,2.331350435712715606e-29,1.115836349998107316e-14,1.245090759977098548e-28
3.448000000000000398e+00,5.936813739980802893e+02,1.304206662985038134e-16,1.700955019774568901e-32,4.753480515920554912e-16,2.259557701523634546e-31,-7.882523619504979410e-16,6.213417861205387933e-31,-1.857580526133388418e-15,3.450605411069995981e-30,4.208459938724553680e-15,1.771113505584947424e-29,9.730315222940191864e-15,9.467903433778163306e-29
3.451999999999999957e+00,5.966914651020800875e+02,1.134995203444038601e-16,1.288214111840974552e-32,4.137013080305661103e-16,1.711487722662013521e-31,-6.863014691941835759e-16,4.710097066180948804e-31,-1.617819857993639132e-15,2.617341092918558521e-30,3.666825621357828871e-15,1.344561013744622728e-29,8.482042325897860622e-15,7.194504201832278366e-29
3.456000000000000405e+00,5.997126758604803172e+02,9.873938088033134008e-17,9.749465336631141570e-33,3.599239645887524776e-16,1.295452602852855452e-31,-5.973279526957782759e-16,3.568006830717299434e-31,-1.408512176722851990e-15,1.983906551976546525e-30,3.193778458529667681e-15,1.020022084216814085e-29,7.391301388042682824e-15,5.463133620888168890e-29
3.459999999999999964e+00,6.027450327999999899e+02,8.586879304190830552e-17,7.373449618474080439e-33,3.130279747230742743e-16,9.798651295922962891e-32,-5.197073222667269348e-16,2.700957008176515648e-31,-1.225854167317870190e-15,1.502718439530588899e-30,2.780779900696022443e-15,7.732736856114980502e-30,6.438551421258245973e-15,4.145494440418657785e-29
3.464000000000000412e+00,6.057885624780802800e+02,7.464981328573896292e-17,5.572594623595689600e-33,2.721472058077178906e-16,7.406410162894835583e-32,-4.520148940283357940e-16,2.043174644234476398e-31,-1.066509170187070475e-15,1.137441810093113617e-30,2.420335498496690474e-15,5.858023925283223458e-30,5.606631808394170111e-15,3.143432023489728441e-29
3.467999999999999972e+00,6.088432914828798630e+02,6.487394744931917383e-17,4.208629057657025644e-33,2.365226697145598106e-16,5.594297328890274988e-32,-3.930016665084517590e-16,1.544503098784203290e-31,-9.275509847304007460e-16,8.603508292743361682e-31,2.105869622437788170e-15,4.434686866706272444e-30,4.880477846441227151e-15,2.381906400960359753e-29
3.472000000000000419e+00,6.119092464332803729e+02,5.635857172518315183e-17,3.176288606902613980e-33,2.054895082937203152e-16,4.222593801879494842e-32,-3.415730527836172772e-16,1.166721503879197892e-31,-8.064143076457585554e-16,6.503040355757880885e-31,1.831614916439467724e-15,3.354813202123558572e-30,4.246869598358946458e-15,1.803590138546548037e-29
3.475999999999999979e+00,6.149864539788800357e+02,4.894378030370430913e-17,2.395493630417273811e-33,1.784655294841902416e-16,3.184994521407237821e-32,-2.967701375106681243e-16,8.807251451810087294e-32,-7.008510389551994350e-16,4.911921788045824725e-31,1.592514789008716442e-15,2.536103353211476609e-30,3.694210236822612326e-15,1.364718927384498015e-29
3.480000000000000426e+00,6.180749408000004905e+02,4.248960984817455804e-17,1.805366945050092550e-33,1.549411130454075644e-16,2.400674851174976608e-32,-2.577531652448029839e-16,6.643669419371471290e-32,-6.088917754442502686e-16,3.707491942036512804e-31,1.384137436675237160e-15,1.915836443605896076e-30,3.212330490482073873e-15,1.031906718008080167e-29
3.483999999999999986e+00,6.211747336076799684e+02,3.687359666157337527e-17,1.359662130760395161e-33,1.344703255746381677e-16,1.808226846014918873e-32,-2.237869998360274526e-16,5.008062129561015077e-32,-5.288118883406607303e-16,2.796420132504154244e-31,1.202600064246993262e-15,1.446246914526872257e-30,2.792316183985684895e-15,7.797029671348377182e-30
3.488000000000000433e+00,6.242858591436803408e+02,3.198862746424061839e-17,1.023272287045969258e-33,1.166631028421933062e-16,1.361027956476817191e-32,-1.942283243812957595e-16,3.772464199196584949e-32,-4.591016506537165131e-16,2.107743256329671785e-31,1.044502117642288740e-15,1.090984673759225522e-30,2.426356201978832477e-15,5.887204418881144611e-30
3.491999999999999993e+00,6.274083441804799577e+02,2.774104919473825517e-17,7.695658104248879658e-34,1.011783737878940392e-16,1.023706332236280340e-32,-1.685143775872798433e-16,2.839709545362832477e-32,-3.984399405727891253e-16,1.587543862436477300e-31,9.068664795456862531e-16,8.224068117235866128e-31,2.107608508985914393e-15,4.442013627149829427e-30
3.496000000000000441e+00,6.305422155212804682e+02,2.404900723444321497e-17,5.783547489623021208e-34,8.771801500220073551e-17,7.694450155926313197e-33,-1.461530458278520933e-16,2.136071280475823497e-32,-3.456711015085078482e-16,1.194885104181051281e-31,7.870876977146589690e-16,6.195070438937623491e-31,1.830082125514674905e-15,3.349200586128310063e-30
3.500000000000000000e+00,6.336875000000000000e+02,2.084098499518768798e-17,4.343466555696383898e-34,7.602153736464164497e-17,5.779274143283605724e-33,-1.267141509824313075e-16,1.605647605919839638e-32,-2.997845874894586730e-16,8.987079889622489857e-32,6.828864220434172599e-16,4.663338654112601990e-31,1.588533199455303787e-15,2.523437725771703825e-30
3.504000000000000448e+00,6.368442244812803210e+02,1.805452094798101996e-17,3.259657266610854486e-34,6.586141790979251095e-17,4.337726369088337659e-33,-1.098217926036047269e-16,1.206082613066916971e-32,-2.598970653613877600e-16,6.754648458346146289e-32,5.922693209114367574e-16,3.507829484928944617e-31,1.378373524083786089e-15,1.899913571895155491e-30
3.508000000000000007e+00,6.400124158604799049e+02,1.563508195364477410e-17,2.444557876971884835e-34,5.703900009710377905e-17,3.253447532077405205e-33,-9.514761934161661455e-17,9.053069466377175803e-33,-2.252366831643019312e-16,5.073156344285613251e-32,5.134938311965659033e-16,2.636759146769273214e-31,1.195590042584594643e-15,1.429435549927432883e-30
3.512000000000000455e+00,6.431921010636805249e+02,1.353507422246081839e-17,1.831982342075233216e-34,4.938089461818294620e-17,2.438472753292089368e-33,-8.240491907869733063e-17,6.790570688366655824e-33,-1.951292477126997178e-16,3.807542331292413004e-32,4.450371707694264751e-16,1.980580833664556657e-31,1.036674046545873920e-15,1.074693078781796728e-30
3.516000000000000014e+00,6.463833070476800913e+02,1.171297541481823980e-17,1.371937930681365137e-34,4.273582081117575853e-17,1.826350380404923097e-33,-7.134343010252400220e-17,5.089885018793727970e-33,-1.689860842462251139e-16,2.855629666887229227e-32,3.855691083380453322e-16,1.486635373045953404e-31,8.985589246441757566e-16,8.074081410576975344e-31
3.520000000000000462e+00,6.495860608000002685e+02,1.013257332969128859e-17,1.026690422815712149e-34,3.697183578032688684e-17,1.366916640967459481e-33,-6.174478705805834763e-17,3.812418728844969824e-33,-1.462933774727111714e-16,2.140175229237315573e-32,3.339280441002661655e-16,1.115079386366293079e-31,7.785654497763319785e-16,6.061641595854221371e-31
3.524000000000000021e+00,6.528003893388798815e+02,8.762298340529313541e-18,7.677787220844276065e-35,3.197390454098884969e-17,1.022330571596267449e-33,-5.341852552359420600e-17,2.853538869114885679e-33,-1.266028167680403337e-16,1.602827321360199449e-32,2.891000066091203018e-16,8.357881382139339924e-32,6.743537100459628082e-16,4.547529262527544891e-31
3.528000000000000469e+00,6.560263197132802588e+02,7.574638253688795192e-18,5.737514467424564006e-35,2.764177001660625809e-17,7.640674496509527182e-34,-4.619857800540732567e-17,2.134308609721705397e-33,-1.095233890622384275e-16,1.199537275167844793e-32,2.502002172973005272e-16,6.260014873561640226e-32,5.838808929088872859e-16,3.409168971040795159e-31
3.532000000000000028e+00,6.592638790028798894e+02,6.545625605064329429e-18,4.284521456167376716e-35,2.388808658498898626e-17,5.706406806919307498e-34,-3.994020206548634983e-17,1.595219741031879961e-33,-9.471418132722185412e-17,8.970776144485860740e-33,2.164569148964818848e-16,4.685359600650279966e-32,5.053642238875424550e-16,2.553929987854581263e-31
3.536000000000000476e+00,6.625130943180804479e+02,5.654388595825894660e-18,3.197211039260593088e-35,2.063678517814273344e-17,4.258769024888116428e-34,-3.451728830386463249e-17,1.191443191852110099e-33,-8.187807085471778808e-17,6.704018486890186575e-33,1.871971681099858884e-16,3.504277974839831529e-32,4.372484428846604002e-16,1.911862008050601343e-31
3.540000000000000036e+00,6.657739928000000873e+02,4.882757915716706150e-18,2.384132486349415153e-35,1.782164174681783682e-17,3.176109145519203302e-34,-2.982000211386816955e-17,8.892325260711020758e-34,-7.075619591015691953e-17,5.006439259676506705e-33,1.618344368743191131e-16,2.619038495842797964e-32,3.781772734255169186e-16,1.430180501355581895e-31
3.544000000000000483e+00,6.690466016204804873e+02,4.214922627843696938e-18,1.776557275870881483e-35,1.538502426449870135e-17,2.366989716192137899e-34,-2.575271860666551407e-17,6.632025156340961404e-34,-6.112311208095104930e-17,3.736034830460504077e-33,1.398576708409016096e-16,1.956016809304198083e-32,3.269684041746785919e-16,1.069083373285359702e-31
3.548000000000000043e+00,6.723309479820800334e+02,3.637129106202996467e-18,1.322870813518900832e-35,1.327679641624300258e-17,1.762733230783630354e-34,-2.223221494228810852e-17,4.942713812400986606e-34,-5.278255089350864258e-17,2.785997678825829969e-33,1.208217587375965061e-16,1.459789738444597661e-32,2.825915587333406265e-16,7.985798906733910034e-32
3.552000000000000490e+00,6.756270591180805241e+02,3.137417738683491951e-18,9.843390067005835925e-36,1.145335874044483057e-17,1.311794264373239939e-34,-1.918608858022714497e-17,3.681059950083224502e-34,-4.556370721989920680e-17,2.076051415620694942e-33,1.043391643988992318e-16,1.088666122746052048e-32,2.441492798521790673e-16,5.960887085233764859e-32
3.556000000000000050e+00,6.789349622924800087e+02,2.705392744962523715e-18,7.319149904495858918e-36,9.876810306095951066e-18,9.755138182260319927e-35,-1.655137373821237939e-17,2.739479726219864500e-34,-3.931799078106736790e-17,1.545904399060098503e-33,9.007260481180341526e-17,8.113074137583312260e-33,2.108600985271319249e-16,4.446198115087178427e-32
3.560000000000000497e+00,6.822546848000005184e+02,2.332021020300906826e-18,5.438322039125282436e-36,8.514216049856778436e-18,7.249187494363876406e-35,-1.427333168008612728e-17,2.037279972497502572e-34,-3.391618481123955785e-17,1.150307592150156867e-33,7.772864280321572906e-17,6.041741912029900087e-33,1.820437976360723209e-16,3.313994425776325267e-32
3.564000000000000057e+00,6.855862539660799939e+02,2.009456411417325244e-18,4.037915069386194553e-36,7.336966697655884201e-18,5.383108032251148895e-35,-1.230439339365581521e-17,1.513980967858408669e-34,-2.924596179526433764e-17,8.553262813300612386e-34,6.705208225384704263e-17,4.495981734576669190e-33,1.571085144053389487e-16,2.468308529865259333e-32
3.568000000000000504e+00,6.889296971468804713e+02,1.730886267057798721e-18,2.995967269489281177e-36,6.320219782510538391e-18,3.994517809923755490e-35,-1.060323581220281927e-17,1.124286096891803900e-34,-2.520971223156532037e-17,6.355295907983340862e-34,5.782106719345546937e-17,3.343275811390092393e-33,1.355394565846598214e-16,1.837094429126488411e-32
3.572000000000000064e+00,6.922850417292802376e+02,1.490397490389424349e-18,2.221284679359094101e-36,5.442411668549179064e-18,2.961984476996026005e-35,-9.133975019031243880e-18,8.342949964828681679e-35,-2.172264770094819564e-17,4.718734231395099404e-34,4.984279801815339552e-17,2.484304514278436204e-33,1.168890342178496765e-16,1.366304632038163232e-32
3.576000000000000512e+00,6.956523151308805382e+02,1.282859658982057996e-18,1.645728904643562078e-36,4.684831722765402517e-18,2.194764827062905050e-35,-7.865461888626420610e-18,6.186549072143469815e-35,-1.871114421805693666e-17,3.501069179489255332e-34,4.294978855429446373e-17,1.844684336858603580e-33,1.007682327342937412e-16,1.015423672839278895e-32
3.580000000000000071e+00,6.990315447999998923e+02,1.103823076252961406e-18,1.218425383668550988e-36,4.031250860295209196e-18,1.625098349863086354e-35,-6.770667392206284369e-18,4.584193693588544877e-35,-1.611129598089856244e-17,2.595738581841181785e-34,3.699659693689384772e-17,1.368748184910983258e-33,8.683907411647697281e-17,7.541024793406980556e-33
3.584000000000000519e+00,7.024227582156803464e+02,9.494298805829702560e-19,9.014170981437931193e-37,3.467597643220777685e-18,1.202423341527029189e-35,-5.826146357656837956e-18,3.394398138083803875e-35,-1.386765327937351534e-17,1.923118074769190238e-34,3.185697141707650405e-17,1.014866627868429422e-33,7.480803144480428125e-17,5.596241568646826178e-33
3.588000000000000078e+00,7.058259828876800839e+02,8.163365690707285151e-19,6.664053940021683079e-37,2.981675952330416105e-18,8.890391484705494304e-36,-5.011569848830322402e-18,2.511583234970517923e-35,-1.193212153362467161e-17,1.423755242931895779e-34,2.742135938996989825e-17,7.519309507938902870e-34,6.442027846951659158e-17,4.149972278090062832e-33
3.592000000000000526e+00,7.092412463564804739e+02,7.016464957939991629e-19,4.923078050599984472e-37,2.562918989420152316e-18,6.568553746330414748e-36,-4.309317538905389357e-18,1.857021765111760197e-35,-1.026300125818045348e-17,1.053291948254135659e-34,2.359473425462070995e-17,5.567114845461718906e-34,5.545467026516979746e-17,3.075220454218707165e-33
3.596000000000000085e+00,7.126685761932800460e+02,6.028510827856956835e-19,3.634294280158857203e-37,2.202175016567296576e-18,4.849574803593172988e-36,-3.704122516401908879e-18,1.372052361651561080e-35,-8.824151233428618446e-18,7.786564499041981288e-35,2.029470028095326471e-17,4.118748594937245404e-34,4.771936371165822851e-17,2.277137673045524272e-33
3.600000000000000533e+00,7.161080000000005157e+02,5.177786386185207361e-19,2.680947186096486742e-37,1.891520808919317073e-18,3.577850970574787915e-36,-3.182761897714224452e-18,1.012997329754145087e-35,-7.584259351862153594e-18,5.752098991630853564e-35,1.744984055413154329e-17,3.044969353646138444e-34,4.104799771728522166e-17,1.684938116598252610e-33
3.604000000000000092e+00,7.195595454092799628e+02,4.445498171001022291e-19,1.976245398837343336e-37,1.624099298276624619e-18,2.637698530662624591e-36,-2.733787441896820173e-18,7.473593777472759914e-36,-6.516207528142301023e-18,4.246096054981839557e-35,1.499827737242785722e-17,2.249483241402814834e-34,3.529636293128638253e-17,1.245833236177087427e-33
3.608000000000000540e+00,7.230232400844804488e+02,3.815388693851556303e-19,1.455719088517028546e-37,1.393978324372998105e-18,1.943175568821751495e-36,-2.347291085366704947e-18,5.509775439442004000e-36,-5.596518750604859802e-18,3.132102212587178187e-35,1.288641826032441296e-17,1.660597755800224674e-34,3.033949934262285077e-17,9.204852203610123322e-34
3.612000000000000099e+00,7.264991117196801724e+02,3.273399488221372996e-19,1.071514420948794723e-37,1.196027796576478465e-18,1.430482490183586229e-36,-2.014700948076016626e-18,4.059019910178400480e-36,-4.804875835055843730e-18,2.308683179030359159e-35,1.106786408556383671e-17,1.224976154165138307e-34,2.606916776791227156e-17,6.796015081115560890e-34
3.616000000000000547e+00,7.299871880396806318e+02,2.807378208436531013e-19,7.881372405204306856e-38,1.025812907197055511e-18,1.052292120572074890e-36,-1.728603919070438647e-18,2.988071509025679563e-36,-4.123702744013355840e-18,1.700492432098328000e-35,9.502458691603938057e-18,9.029672118563923106e-35,2.239164791719558344e-17,5.013858964476493048e-34
3.620000000000000107e+00,7.334874968000000308e+02,2.406824117489105236e-19,5.792802332527210749e-38,8.795013343893396064e-19,7.735225971926289752e-37,-1.482591417470164251e-18,2.198077311156190955e-36,-3.537800477559744054e-18,1.251603221902195268e-35,8.155462023501947004e-18,6.651156081678247621e-35,1.922582160079253223e-17,3.696322162255007081e-34
3.624000000000000554e+00,7.370000657868804410e+02,2.062667016947476251e-19,4.254595222803000523e-38,7.537826328029344392e-19,5.681882575153235085e-37,-1.271125352988728335e-18,1.615759663010719197e-36,-3.034030544754784635e-18,9.205341346505014681e-36,6.996830978146334152e-18,4.895564373674819112e-35,1.650150480012173359e-17,2.722996606684406318e-34
3.628000000000000114e+00,7.405249228172800713e+02,1.767075298280607632e-19,3.122555109793498205e-38,6.457982380918525209e-19,4.170553643225410018e-37,-1.089421685376168680e-18,1.186839608567851920e-36,-2.601039903974381735e-18,6.765408582067061545e-36,6.000594186506183087e-18,3.600713059113180374e-35,1.415799685521522855e-17,2.004488749522843127e-34
3.632000000000000561e+00,7.440620957388806573e+02,1.513289343312754509e-19,2.290044636583947686e-38,5.530807110539908685e-19,3.058982729399881383e-37,-9.333493110188175226e-19,8.711409363793014165e-37,-2.229022031447907525e-18,4.968539216680156520e-36,5.144308669324237931e-18,2.646391168528451054e-35,1.214281899699197609e-17,1.474480531937092197e-34
3.636000000000000121e+00,7.476116124300800720e+02,1.295476981606858103e-19,1.678260609873215838e-38,4.735010219755414977e-19,2.242032178118822138e-37,-7.993422929762373492e-19,6.389481013405088474e-37,-1.909509452786285893e-18,3.646226350280180676e-36,4.408587827694639378e-18,1.943564663449733971e-35,1.041061793963007843e-17,1.083809658849476264e-34
3.640000000000000568e+00,7.511735008000005109e+02,1.108608132690414634e-19,1.229011991867327855e-38,4.052228287363250920e-19,1.642055409290690579e-37,-6.843237029463641227e-19,4.682989304142236014e-37,-1.635193663986621439e-18,2.673858318741991834e-36,3.776691562050766899e-18,1.426339915486546215e-35,8.922213306267411765e-18,7.960589028253526246e-35
3.644000000000000128e+00,7.547477887884799657e+02,9.483461285300285529e-20,8.993603794978933953e-39,3.466628360611812283e-19,1.201751219059814066e-37,-5.856395643928429796e-19,3.429736993822388592e-37,-1.399768886460344006e-18,1.959352935502431426e-36,3.234170480004146996e-18,1.045985869373025459e-35,7.643770341541341132e-18,5.842722503422702811e-35
3.648000000000000576e+00,7.583345043660805231e+02,8.109535329929625954e-20,6.576456326737680254e-39,2.964564403304806971e-19,8.788642101341986499e-38,-5.010015791921496900e-19,2.510025823530278388e-37,-1.197796554040492865e-18,1.434716584871279293e-36,2.768557175287253796e-18,7.664908832834538004e-36,6.546081712821994170e-18,4.285118579094253313e-35
3.652000000000000135e+00,7.619336755340801801e+02,6.932105558913544485e-20,4.805408747992006623e-39,2.534279666577822854e-19,6.422573428429801255e-38,-4.284374890501061936e-19,1.835586820235598665e-37,-1.024587826587924284e-18,1.049780214392166440e-36,2.369098454441312433e-18,5.612627486836215399e-36,5.603944258669170988e-18,3.140419125427116198e-35
3.656000000000000583e+00,7.655453303244805738e+02,5.923444045871283313e-20,3.508718936456796061e-39,2.165648943235292550e-19,4.690035345336139151e-38,-3.662480705786829866e-19,1.341376492026079502e-37,-8.761017716973054793e-19,7.675543143711576263e-37,2.026523170427161162e-18,4.106796160278153215e-36,4.795618343540319746e-18,2.299795529690040103e-35
3.660000000000000142e+00,7.691694968000001609e+02,5.059681304378147883e-20,2.560037490187375723e-39,1.849955447194511642e-19,3.422335156604645334e-38,-3.129698919363555205e-19,9.795015325865406017e-38,-7.488571592270011927e-19,5.607870449255341897e-37,1.732841006732635423e-18,3.002737954614173306e-36,4.102359053362044316e-18,1.682934980270152924e-35
3.664000000000000590e+00,7.728062030540805836e+02,4.320277144469923607e-20,1.866479460502919787e-39,1.579697741140283529e-19,2.495444953363714467e-38,-2.673430716238060842e-19,7.147231794525151323e-38,-6.398560783297871662e-19,4.094158009755747358e-37,1.481168153868783931e-18,2.193859100035061458e-36,3.508009844781806852e-18,1.230613307108607645e-35
3.668000000000000149e+00,7.764554772108801899e+02,3.687562997393275087e-20,1.359812085974407544e-39,1.348422730291146957e-19,1.818243859565831363e-38,-2.282833784171443250e-19,5.211330086154511185e-38,-5.465178180801718081e-19,2.986817254791117850e-37,1.265576343002582963e-18,1.601683479967791447e-36,2.998650465973925038e-18,8.991904617085637493e-36
3.672000000000000597e+00,7.801173474252806272e+02,3.146346208866327495e-20,9.899494466047511654e-40,1.150581259051315803e-19,1.323837233680111127e-38,-1.948580972925393032e-19,3.796967808046871236e-38,-4.666216548413146117e-19,2.177357687668469533e-37,1.080962158197630073e-18,1.168479187455278228e-36,2.562292020106170023e-18,6.565340396299757382e-36
3.676000000000000156e+00,7.837918418828802487e+02,2.683568042807816463e-20,7.201537440379374753e-40,9.814032997807147240e-20,9.631524368204754684e-39,-1.662651611117225047e-19,2.764410379950704360e-38,-3.982573658464048104e-19,1.586089294509171251e-37,9.229339475284046684e-19,8.518070715003640058e-37,2.188612962732047113e-18,4.790026700638748994e-36
3.679999999999999716e+00,7.874789887999996836e+02,2.288008219736364514e-20,5.234981613581168397e-40,8.367901173009821198e-20,7.002177004125914094e-39,-1.418151131686714819e-19,2.011152632304309964e-38,-3.397824422963683064e-19,1.154521080928848549e-37,7.877140014039401036e-19,6.204933480078065475e-37,1.868730627943286064e-18,3.492154159813307989e-36
3.684000000000000163e+00,7.911788164236800185e+02,1.950029756929326403e-20,3.802616052909847866e-40,7.132211363830014197e-20,5.086843893834599054e-39,-1.209155226471303796e-19,1.462056361702869873e-38,-2.897851094156692508e-19,8.397540963905140267e-38,6.720539701109049087e-19,4.516565387418290896e-37,1.595003579582265483e-18,2.544036418880240292e-36
3.687999999999999723e+00,7.948913530316797278e+02,1.661358698576310971e-20,2.760112725335173581e-40,6.076735387432974084e-20,3.692671296888017740e-39,-1.030575246616532847e-19,1.062085338938727442e-38,-2.470523778328430009e-19,6.103487739286181263e-38,5.731617574188054555e-19,3.285144001674135881e-37,1.360860695897593862e-18,1.851941833638883428e-36
3.692000000000000171e+00,7.986166269324801306e+02,1.414894038996379406e-20,2.001925141587488127e-40,5.175528766302122098e-20,2.678609801082076635e-39,-8.780419977654922163e-20,7.709577498400166790e-39,-2.105424525301272902e-19,4.432812431740090222e-38,4.886383579549631956e-19,2.387674448649227558e-37,1.160653429897949506e-18,1.347116384333874452e-36
3.695999999999999730e+00,8.023546664652797062e+02,1.204543764022786384e-20,1.450925679446182064e-40,4.406332168261136224e-20,1.941576317705288525e-39,-7.478054552796859716e-20,5.592129989460583975e-39,-1.793609143374724449e-19,3.217033759197413071e-38,4.164233072286783068e-19,1.734083708032702006e-37,9.895281531222050179e-19,9.791659658214420094e-37
3.700000000000000178e+00,8.061055000000001201e+02,1.025083476723511611e-20,1.050796134251562094e-40,3.750055261360622563e-20,1.406291446325848788e-39,-6.366482522429035971e-20,4.053209970839437905e-39,-1.527401661953804961e-19,2.332955836939245601e-38,3.547475884099286391e-19,1.258458514826601266e-37,8.433158961969223099e-19,7.111817007784182661e-37
3.703999999999999737e+00,8.098691559372798565e+02,8.720345440693819006e-21,7.604442460502947573e-41,3.190331809452717043e-20,1.017821705440584692e-39,-5.418110779046701351e-20,2.935592441402205459e-39,-1.300217036368020439e-19,1.690564341661638227e-38,3.020929925319901309e-19,9.126017613693304339e-38,7.184371529354935163e-19,5.161519427180577214e-37
3.708000000000000185e+00,8.136456627084802449e+02,7.415591100365027174e-21,5.499099136781299426e-41,2.713136325040125139e-20,7.361108718252235811e-40,-4.609283719696173301e-20,2.124549640865619183e-39,-1.106408274174349949e-19,1.224139269161463430e-38,2.571570615659994586e-19,6.612975431325923633e-38,6.118197224551343071e-19,3.743233727850775749e-37
3.711999999999999744e+00,8.174350487756795474e+02,6.303696758498955897e-21,3.973659282311024324e-41,2.306453891216557270e-20,5.319729552307998365e-40,-3.919729154916418360e-20,1.536427664790178054e-39,-9.411346707350153112e-20,8.857344684595057238e-39,2.188228593272746173e-19,4.788344376416421254e-38,5.208278316383214363e-19,2.712616302090757150e-37
3.716000000000000192e+00,8.212373426316801215e+02,5.356512565565250726e-21,2.869222686505842649e-41,1.959995889404044726e-20,3.841583886480752214e-40,-3.332081062472942487e-20,1.110276420689081267e-39,-8.002482838373929521e-20,6.403973157846926584e-39,1.861329156224111877e-19,3.464546227809964408e-38,4.432010133142998645e-19,1.964271382028221978e-37
3.719999999999999751e+00,8.250525727999996661e+02,4.549943908995248633e-21,2.070198957500296414e-41,1.664955346145379763e-20,2.772076304658081183e-40,-2.831468689776907145e-20,8.017214941186954715e-40,-6.801961611246181709e-20,4.626668176086675316e-39,1.582667763611258030e-19,2.504837249974260762e-38,3.770014182221336459e-19,1.421300693415001185e-37
3.724000000000000199e+00,8.288807678348803165e+02,3.863375138263244697e-21,1.492566745895054503e-41,1.413796459643651365e-20,1.998820429300922654e-40,-2.405162919792350181e-20,5.784808670744062899e-40,-5.779361675996876131e-20,3.340102138198142340e-39,1.345216682237429278e-19,1.809607922169876894e-38,3.205684150227134711e-19,1.027641087101746679e-37
3.727999999999999758e+00,8.327219563212796629e+02,3.279174025054767792e-21,1.075298228659388720e-41,1.200073601828800319e-20,1.440176649806350063e-40,-2.042272039648693872e-20,4.170875083930836096e-40,-4.908645499778949083e-20,2.409480064250012798e-39,1.142958523680473125e-19,1.306354186853846547e-38,2.724794857494610611e-19,7.424507015429074917e-38
3.732000000000000206e+00,8.365761668748801867e+02,2.782265814668929238e-21,7.741003063475360898e-42,1.018275729108187055e-20,1.036885460490809932e-40,-1.733480113312385016e-20,3.004953303249519189e-40,-4.167536258899276824e-20,1.736835846924017927e-39,9.707429886571478806e-20,9.423419500270115009e-39,2.315165570953331746e-19,5.359991620927666109e-38
3.735999999999999766e+00,8.404434281420797106e+02,2.359767239206501393e-21,5.568501423232273870e-42,8.636926873876891980e-21,7.459650582469686452e-41,-1.470822080661779022e-20,2.163317592962244787e-40,-3.536982038543431261e-20,1.251024194097884676e-39,8.241636320336126560e-20,6.792456923668360711e-39,1.966370234216942498e-19,3.866611898014393333e-38
3.740000000000000213e+00,8.443237688000002663e+02,2.000672175038678487e-21,4.002689151973996659e-42,7.323003755585468327e-21,5.362638400431887167e-41,-1.247490503584005919e-20,1.556232556532276641e-40,-3.000695288828545202e-20,9.004172216397825601e-40,6.994518924821202756e-20,4.892329498968195624e-39,1.669488176090248950e-19,2.787190770105146124e-38
3.743999999999999773e+00,8.482172175564797953e+02,1.695581763138078476e-21,2.874997515486434882e-42,6.206621461288628139e-21,3.852214996372858399e-41,-1.057669571339723224e-20,1.118664922137953788e-40,-2.544757123394866312e-20,6.475788817068914840e-40,5.933860042020332460e-20,3.521069499828554249e-39,1.416889728289759021e-19,2.007576502133027202e-38
3.748000000000000220e+00,8.521238031500802208e+02,1.436472794255247726e-21,2.063454088635479157e-42,5.258441804826407949e-21,2.765121021474601047e-41,-8.963925764241461364e-21,8.035196510683186510e-41,-2.157277465445308406e-20,4.653846062918133547e-40,5.032127317824205315e-20,2.532230534279263086e-39,1.202051937288674359e-19,1.444928859939455223e-38
3.751999999999999780e+00,8.560435543500797166e+02,1.216499011813824397e-21,1.479869845744011157e-42,4.453428867266420305e-21,1.983302867580187106e-41,-7.594195906882002655e-21,5.767181147210335789e-41,-1.828103274714209072e-20,3.341961583020815154e-40,4.265801496985667003e-20,1.819706241168515662e-39,1.019400208898403133e-19,1.039176785902108008e-38
3.756000000000000227e+00,8.599764999564800974e+02,1.029820721331321810e-21,1.060530718083364021e-42,3.770226366355188359e-21,1.421460685355984675e-41,-6.431325201927204193e-21,4.136194385294399183e-41,-1.548568152334434302e-20,2.398063322424483573e-40,3.614799307834438023e-20,1.306677403592033191e-39,8.641722906210858222e-20,7.467937478772944515e-39
3.759999999999999787e+00,8.639226687999998830e+02,8.714587314209543933e-22,7.594403205698191598e-43,3.190623903957004121e-21,1.018008089650183351e-41,-5.444451053951125178e-21,2.964204727886951772e-41,-1.311277540780140614e-20,1.719448788954413336e-40,3.061978182434353500e-20,9.375710389703986893e-40,7.323014874010363127e-20,5.362654684497701740e-39
3.764000000000000234e+00,8.678820897420802112e+02,7.371692012713246518e-22,5.434184313030027776e-43,2.699099585192884756e-21,7.285138570788403042e-42,-4.607257688537024312e-21,2.122682340858352389e-41,-1.109924531967007373e-20,1.231932466662180280e-40,2.592711377019806814e-20,6.722152284527942726e-40,6.203164311427712497e-20,3.847924747457044367e-39
3.767999999999999794e+00,8.718547916748798343e+02,6.233364444755869030e-22,3.885483230114664276e-43,2.282428236585180670e-21,5.209478655161337578e-42,-3.897315026734673591e-21,1.518906441761189027e-41,-9.391319847005873499e-21,8.819688846876642056e-41,2.194523631036521442e-20,4.815933967177718628e-40,5.252550919365876740e-20,2.758929116053131559e-39
3.772000000000000242e+00,8.758408035212801224e+02,5.268811492159554222e-22,2.776037453991259028e-43,1.929345947549801448e-21,3.722375785326840953e-42,-3.295512384869706660e-21,1.086040187882962128e-41,-7.943172473312226504e-21,6.309398894078507143e-41,1.856778863555506441e-20,3.447627748146477914e-40,4.445910369015982079e-20,1.976611900932382666e-39
3.775999999999999801e+00,8.798401542348797193e+02,4.451818288098464750e-22,1.981868607024794705e-43,1.630262951807837136e-21,2.657757292037202322e-42,-2.785573591479790548e-21,7.759420233549619450e-42,-6.715762951777566241e-21,4.510147202446812794e-41,1.570412581587100141e-20,2.466195676407060631e-40,3.761702175006158107e-20,1.415040325344606124e-39
3.780000000000000249e+00,8.838528728000002275e+02,3.760076220482457275e-22,1.413817318383764062e-43,1.377017980273567726e-21,1.896178517996695850e-42,-2.353641980998292584e-21,5.539630574717567074e-42,-5.675845358623287110e-21,3.221522053500550854e-41,1.327702690545689631e-20,1.762794434482263242e-40,3.181568038242048571e-20,1.012237518196335704e-39
3.783999999999999808e+00,8.878789882316799549e+02,3.174608261627243609e-22,1.007813761479194873e-43,1.162668178633267720e-21,1.351797293606400182e-42,-1.987925335486190125e-21,3.951847139467881307e-42,-4.795119185691574935e-21,2.299316800498743426e-41,1.122073274224220109e-20,1.259048432728261759e-40,2.689867896578184536e-20,7.235389301041946764e-40
3.788000000000000256e+00,8.919185295756801679e+02,2.679277723323790485e-22,7.178529118699114429e-44,9.813095119033722186e-22,9.629683581520345806e-43,-1.678392235786693270e-21,2.817000497149055064e-42,-4.049503135738158081e-21,1.639847564635317623e-41,9.479266687338703782e-21,8.985649692968928711e-41,2.273282694597549105e-20,5.167814209556693721e-40
3.791999999999999815e+00,8.959715259084798618e+02,2.260368493165448465e-22,5.109265724895040112e-44,8.279232927331907729e-22,6.854569786501687107e-43,-1.416512481921194504e-21,2.006507611438542362e-42,-3.418514132774080639e-21,1.168623887597612439e-41,8.004998080982289230e-21,6.407999427653013351e-41,1.920474414441858598e-20,3.688221976525799340e-40
3.796000000000000263e+00,9.000380063372801942e+02,1.906226493462599652e-22,3.633699444378718549e-44,6.982450856834586711e-22,4.875461996811005586e-43,-1.195035275351009173e-21,1.428109309333262320e-42,-2.884736515728908132e-21,8.321704765179760918e-42,6.757413825775011328e-21,4.566264161277527532e-41,1.621795230434578367e-20,2.630219769460347096e-40
3.799999999999999822e+00,9.041179999999999382e+02,1.606953555283032980e-22,2.582299728836779896e-44,5.886527696702705975e-22,3.465120832404806393e-43,-1.007799745422693631e-21,1.015660326874046066e-42,-2.433368500010044883e-21,5.921282256841135944e-42,5.702068364929152001e-21,3.251358363832581194e-41,1.369038789471587170e-20,1.874267207077828858e-40
3.804000000000000270e+00,9.082115360652802565e+02,1.354146149147935353e-22,1.833711793252182458e-44,4.960709969062843131e-22,2.460864339715947522e-43,-8.495731684097219416e-22,7.217745684817338170e-43,-2.051834814420337487e-21,4.210026105667341058e-42,4.809686508643675320e-21,2.313308431142898488e-41,1.155227601370290970e-20,1.334550810967755824e-40
3.807999999999999829e+00,9.123186437324798135e+02,1.140672488423534798e-22,1.301133725846339237e-44,4.178896791174020020e-22,1.746317839128452087e-43,-7.159128869579998098e-22,5.125312617125377880e-43,-1.729455990399066220e-21,2.991018022727215025e-42,4.055397166998882229e-21,1.644624618210255867e-41,9.744313698546141068e-21,9.495164945567397844e-41
3.812000000000000277e+00,9.164393522316803455e+02,9.604824454709765727e-23,9.225265280579075022e-45,3.518944693188282349e-22,1.238297175371797491e-43,-6.030485050634170222e-22,3.636674994592221267e-43,-1.457166131330441678e-21,2.123333134296526090e-42,3.418079151967339071e-21,1.168326508911376281e-41,8.216118240619903871e-21,6.750459894384710241e-41
3.815999999999999837e+00,9.205736908236798399e+02,8.084455149005718084e-23,6.535841505628507360e-45,2.962074975712032351e-22,8.773888161739437098e-44,-5.077814216111259019e-22,2.578419721334159991e-43,-1.227272151717786652e-21,1.506196934382005937e-42,2.879802882828803577e-21,8.293264643949088089e-42,6.924902383752233717e-21,4.795427302449736528e-41
3.820000000000000284e+00,9.247216888000002655e+02,6.802127407556962964e-23,4.626893726863761101e-45,2.492368684506860791e-22,6.211901659510459308e-44,-4.273991849326353495e-22,1.826700632810810259e-43,-1.033248475303489505e-21,1.067602411716985767e-42,2.425354127751010125e-21,5.882342644998862879e-42,5.834343688508729483e-21,3.403956627564164889e-41
3.823999999999999844e+00,9.288833754828798419e+02,5.720991106220467625e-23,3.272973923745369104e-45,2.096336421120301125e-22,4.394626390515472605e-44,-3.596025112489433432e-22,1.293139660965464306e-43,-8.695620401676643533e-22,7.561381417005507440e-43,2.041827890868405445e-21,4.169061135928121174e-42,4.913619995206648256e-21,2.414366145729458415e-41
3.828000000000000291e+00,9.330587802252802021e+02,4.809834229023693974e-23,2.313450531068795400e-45,1.762552046856024347e-22,3.106589717876361058e-44,-3.024431194408419339e-22,9.147184049710737624e-44,-7.315231968616986256e-22,5.351261875467595073e-43,1.718282253231094102e-21,2.952493901768925751e-42,4.136586917525465049e-21,1.711135132624282974e-41
3.831999999999999851e+00,9.372479324108797982e+02,4.042230653681862294e-23,1.633962865756529445e-45,1.481340915451599315e-22,2.194370907790982434e-44,-2.542708003821805324e-22,6.465363992699469624e-44,-6.151587194881202692e-22,3.784202501622638061e-43,1.445443435864966682e-21,2.089306726285120067e-42,3.481076736417899937e-21,1.211789524482989808e-41
3.836000000000000298e+00,9.414508614540803819e+02,3.395815135676626942e-23,1.153156043569046772e-45,1.244514623523251672e-22,1.548816648163220877e-44,-2.136883671844175771e-22,4.566271826994247453e-44,-5.171036938016477962e-22,2.673962301433083307e-43,1.215454607025069003e-21,1.477329901738464805e-42,2.928301018132507471e-21,8.574946852795880168e-42
3.839999999999999858e+00,9.456675968000000694e+02,2.851666753314297814e-23,8.132003271958108381e-46,1.045145428654043080e-22,1.092328967036443516e-44,-1.795133283921400475e-22,3.222503507042431643e-44,-4.345095133748699643e-22,1.887985172132662982e-43,1.021662032163928359e-21,1.043793307965327761e-42,2.462341817535154925e-21,6.063127226382330624e-42
3.844000000000000306e+00,9.498981679244802763e+02,2.393784798896688068e-23,5.730205663428857097e-46,8.773744800127078419e-23,7.697859781775694380e-45,-1.507452939775167679e-22,2.272414365636795128e-44,-3.649656154295535341e-22,1.331999004458727577e-43,8.584330888881282497e-22,7.369073680980131663e-43,2.069718506434674205e-21,4.283734695878178275e-42
3.847999999999999865e+00,9.541426043340798060e+02,2.008643433833035011e-23,4.034648444280565734e-46,7.362488589242711071e-23,5.420623822672912673e-45,-1.265382678199333846e-22,1.601193322286918798e-44,-3.064329313825807800e-22,9.390114143572146675e-44,7.210014615663034794e-22,5.198431075807458090e-43,1.739019136244976376e-21,3.024187556226224020e-42
3.852000000000000313e+00,9.584009355660801930e+02,1.684813423236976714e-23,2.838596271119500015e-46,6.175831569687385927e-23,3.814089557714735948e-45,-1.061771035978897518e-22,1.127357732843701166e-44,-2.571873215134531165e-22,6.614531834726430920e-44,6.053355096754598146e-22,3.664310792740487024e-43,1.460586848174874017e-21,2.133313941061412562e-42
3.855999999999999872e+00,9.626731911884797910e+02,1.412640975681539109e-23,1.995554526174490946e-46,5.178419442678789753e-23,2.681602792431370773e-45,-8.905750656914876612e-23,7.931239476313975489e-45,-2.157715153393574800e-22,4.655734683184257720e-44,5.080263862908582704e-22,2.580908091677483380e-43,1.226253219428077223e-21,1.503696958157724253e-42
3.860000000000000320e+00,9.669594008000003669e+02,1.183975177119399774e-23,1.401797220034914132e-46,4.340400155299796376e-23,1.883907350812649511e-45,-7.466905407418582505e-23,5.575467636333686864e-45,-1.809542952375318955e-22,3.274445696491185946e-44,4.261929820069078808e-22,1.816404579119404903e-43,1.029111612696306821e-21,1.059070711386393474e-42
3.863999999999999879e+00,9.712595940300800521e+02,9.919367596102318589e-24,9.839385350660469289e-47,3.636577589763250389e-23,1.322469656636829067e-45,-6.258078492091784766e-23,3.916354641318178433e-45,-1.516958457094307054e-22,2.301162960549940637e-44,3.574011967981372358e-22,1.277356154727408157e-43,8.633246061855374654e-22,7.453293756454132837e-43
3.868000000000000327e+00,9.755738005388803913e+02,8.307220156125236692e-24,6.900990672233340098e-47,3.045693844948400853e-23,9.276250997156573448e-46,-5.242897394857939036e-23,2.748797309300816284e-45,-1.271183488492163568e-22,1.615907461415106606e-44,2.995954080301513164e-22,8.975740851275284639e-44,7.239604463482589601e-22,5.241187278767703245e-43
3.871999999999999886e+00,9.799020500172799757e+02,6.954365831374441592e-24,4.836320411658832897e-47,2.549820817326386035e-23,6.501586200470999552e-46,-4.390676461917250116e-23,1.927803979323418157e-45,-1.064810418563184697e-22,1.133821227480704619e-44,2.510403157380077854e-22,6.302124012583863853e-44,6.068542059153269084e-22,3.682720272371220046e-43
3.876000000000000334e+00,9.842443721868803550e+02,5.819546083189197415e-24,3.386711661436273100e-47,2.133844644935257067e-23,4.553292968718872959e-46,-3.675538081622564029e-23,1.350958018945767775e-45,-8.915906808252037614e-23,7.949339421343504139e-45,2.102716139123223064e-22,4.421415161729273782e-44,5.084899633859972469e-22,2.585620428642928123e-43
3.879999999999999893e+00,9.886007967999998982e+02,4.867994590728325580e-24,2.369737133536023695e-47,1.785029017434163249e-23,3.186328593081974092e-46,-3.075668031995228952e-23,9.459733843037405197e-46,-7.462555193420695466e-23,5.568973001485019386e-45,1.760541653288626643e-22,3.099506912964250817e-44,4.259008620359647391e-22,1.813915442829778557e-43
3.884000000000000341e+00,9.929713536396802738e+02,4.070427329358801272e-24,1.656837864359102390e-47,1.492645437514551678e-23,2.227990402133007439e-46,-2.572684768652331347e-23,6.618706918855699375e-46,-6.243641237093225785e-23,3.898305589753102990e-45,1.473465529760618742e-22,2.171100667392740899e-44,3.565843698062032470e-22,1.271524127900871090e-43
3.887999999999999901e+00,9.973560725196798558e+02,3.402187879960897890e-24,1.157488237055282846e-47,1.247660295610623691e-23,1.556656213243188860e-46,-2.151105435525020610e-23,4.627254594745288952e-46,-5.221750182291009492e-23,2.726667496625619210e-45,1.232710481460279206e-22,1.519575131102033463e-44,2.984304573721389757e-22,8.906073788734405678e-44
3.892000000000000348e+00,1.001754983284480318e+03,2.842524401509673573e-24,8.079944973177927732e-48,1.042470135141573588e-23,1.086743982662090620e-46,-1.797893948609172741e-23,3.232422650445482634e-46,-4.365371886991730632e-23,1.905647171173774211e-45,1.030881778543543919e-22,1.062717241333100313e-44,2.496607499146724182e-22,6.233049004795660262e-44
3.895999999999999908e+00,1.006168115809280039e+03,2.373978231292057712e-24,5.635772642648567138e-48,8.706777773420688969e-24,7.580797919573253120e-47,-1.502078693017991289e-23,2.256240400018636734e-46,-3.647979550770280343e-23,1.330775480283813662e-45,8.617519595875828442e-23,7.426164398530390159e-45,2.087769969115964630e-22,4.358783443942476151e-44
3.900000000000000355e+00,1.010595500000000357e+03,1.981867086780424350e-24,3.927797149663525862e-48,7.269030755851624074e-24,5.283880812951683097e-47,-1.254429240603677249e-23,1.573592719681518397e-46,-3.047250458357823470e-23,9.285735355961965663e-46,7.200786617374431436e-23,5.185132790895870426e-45,1.745174507571034317e-22,3.045634061875802347e-44
3.903999999999999915e+00,1.015037165793279996e+03,1.653848406666195941e-24,2.735214552232315124e-48,6.066230068079132852e-24,3.679914723886736192e-47,-1.047183086351479105e-23,1.096592416340609265e-46,-2.544407113206091681e-23,6.474007557733756659e-46,6.014505371626916055e-23,3.617427486532902981e-45,1.458199553058943596e-22,2.126345936541302945e-44
3.908000000000000362e+00,1.019493143156480301e+03,1.379550551073784625e-24,1.903159722967982700e-48,5.060366060501748879e-24,2.560730466627798893e-47,-8.738147568627524192e-24,7.635522293111110785e-47,-2.123660384544753249e-23,4.509933428884768876e-46,5.021569778470450167e-23,2.521616304004776489e-45,1.217907247658034359e-22,1.483298063897968568e-44
3.911999999999999922e+00,1.023963462087680000e+03,1.150261438341961602e-24,1.323101376536518363e-48,4.219509296136464627e-24,1.780425870018204303e-47,-7.288407979908427738e-24,5.312089088159285170e-47,-1.771739059637233017e-23,3.139059295444226562e-46,4.190780137183520640e-23,1.756263815821192762e-45,1.016779462206160411e-22,1.033840474764248827e-44
3.916000000000000369e+00,1.028448152615680556e+03,9.586657757281255607e-25,9.190400695524087368e-49,3.516848103971184216e-24,1.236822058640571289e-47,-6.076551305673044860e-24,3.692447577047678470e-47,-1.477492549470214339e-23,2.182984233739993875e-46,3.495912967101880571e-23,1.222140747355107383e-45,8.484946930236272107e-23,7.199432440892594244e-45
3.919999999999999929e+00,1.032947244799999908e+03,7.986233847947113086e-25,6.377993107409615382e-49,2.929876604927845251e-24,8.584176920103517226e-48,-5.063900983882539946e-24,2.564309317456655791e-47,-1.231555501285099120e-23,1.516728952745591829e-46,2.914935494756001504e-23,8.496848938588415019e-46,7.077395744729033762e-23,5.008953052750863162e-45
3.924000000000000377e+00,1.037460768730880318e+03,6.649822639781307734e-25,4.422014114054803768e-49,2.439709938977375711e-24,5.952184586344990807e-48,-4.217992427985418394e-24,1.779146012254232579e-47,-1.026064776783601184e-23,1.052808926155981306e-46,2.429342540828475705e-23,5.901705180678954508e-46,5.900496958524688868e-23,3.481586435755910182e-45
3.927999999999999936e+00,1.041988754529279959e+03,5.534210007367736922e-25,3.062748040564920826e-49,2.030506971063731686e-24,4.122958559538410199e-48,-3.511584417574043029e-24,1.233122512174883025e-47,-8.544207046385743630e-24,7.300347405150779114e-47,2.023596933208063593e-23,4.094944548089080174e-46,4.916752144450456286e-23,2.417445164995815925e-45
3.932000000000000384e+00,1.046531232346880415e+03,4.603159691867515473e-25,2.118907914883383987e-49,1.688983767131739600e-24,2.852666165634522391e-48,-2.921825639486633757e-24,8.537065067561476901e-48,-7.110857478221412861e-24,5.056429407557739096e-47,1.684657439555995876e-23,2.838070688651363721e-46,4.094674396970841129e-23,1.676635841720852071e-45
3.935999999999999943e+00,1.051088232366079865e+03,3.826294479917805757e-25,1.464052944704947138e-49,1.404003689171088100e-24,1.971226359206025391e-48,-2.429552237639561215e-24,5.902724075419399377e-48,-5.914147724317516154e-24,3.497714330505005477e-47,1.401580648674072552e-23,1.964428314737633823e-46,3.407831441638980341e-23,1.161331513462321097e-45
3.940000000000000391e+00,1.055659784800000352e+03,3.178153860109507808e-25,1.010066195852896465e-49,1.166232127564739614e-24,1.360097375364179107e-48,-2.018695923185291222e-24,4.075133230284915330e-48,-4.915119926417922306e-24,2.415840389107052391e-47,1.165185298256790632e-23,1.357656779273766083e-46,2.834038501075342639e-23,8.031774225577374581e-46
3.943999999999999950e+00,1.060245919892480060e+03,2.637400456236202051e-25,6.955881166554927157e-50,9.678457279421530249e-25,9.367253530958760856e-49,-1.675785328455697024e-24,2.808256467067368355e-48,-4.081104195848352226e-24,1.665541145737102520e-47,9.677693016695597042e-24,9.365774212539871765e-47,2.354677593699783535e-23,5.544506570271802723e-46
3.948000000000000398e+00,1.064846667918080584e+03,2.186151792009887780e-25,4.779259657708043867e-50,8.022875274025559952e-25,6.436652766257070742e-49,-1.389525941992874938e-24,1.930782343471186476e-48,-3.384702803624788775e-24,1.145621306886550491e-47,8.028712145682784729e-24,6.446021871823426392e-47,1.954123493578477153e-23,3.818598628155352260e-46
3.951999999999999957e+00,1.069462059182080111e+03,1.809417543311572915e-25,3.273991846043688026e-50,6.640607332785543092e-25,4.409766574824512219e-49,-1.150446208818223110e-24,1.323526479384222573e-48,-2.802934140256563838e-24,7.856439794615803102e-48,6.650691429495886525e-24,4.423169649037003538e-47,1.619259590385759986e-23,2.622001621056259328e-46
3.956000000000000405e+00,1.074092124020480696e+03,1.494625478643409197e-25,2.233905321410039812e-50,5.485549921672390662e-25,3.009125794315997214e-49,-9.505992803544222503e-25,9.036389918103454975e-49,-2.316511087317512403e-24,5.366223617664963750e-48,5.498111612026733822e-24,3.022923129830320868e-47,1.339069437422853848e-23,1.793106958239958354e-46
3.959999999999999964e+00,1.078736892799999850e+03,1.231221858927498883e-25,1.515907265900885947e-50,4.518999379997458947e-25,2.042135539641741995e-49,-7.833115034015358039e-25,6.135769113611742272e-49,-1.909232306855800406e-24,3.645168001541920989e-48,4.532722104846685971e-24,2.054556967976577100e-47,1.104291930731730560e-23,1.219460668279213295e-46
3.964000000000000412e+00,1.083396395918080543e+03,1.010334234201520311e-25,1.020775264799572499e-50,3.708416010758289065e-25,1.375234930884842336e-49,-6.429700907768400936e-25,4.134105376335779649e-49,-1.567468213381476825e-24,2.456956599961318852e-48,3.722332084933587065e-24,1.385575615052602459e-47,9.071298811782034896e-24,8.228846213263816125e-47
3.967999999999999972e+00,1.088070663802879835e+03,8.244863963141981870e-26,6.797778177071731078e-51,3.026379269232204225e-25,9.158971481238451013e-50,-5.248435544487519327e-25,2.754607566464000246e-49,-1.279726134788195041e-24,1.637698980059933491e-48,3.039787419687005892e-24,9.240307556887385382e-48,7.410032727052113380e-24,5.490858501598337824e-47
3.972000000000000419e+00,1.092759726913280247e+03,6.673567733288747768e-26,4.453650629079271501e-51,2.449702128104546688e-25,6.001040516439944651e-50,-4.249294362415013644e-25,1.805650257845201596e-49,-1.036281467563459048e-24,1.073879280015476424e-48,2.462102503139515034e-24,6.061948735965865477e-48,6.003397849076507859e-24,3.604078573429644161e-47
3.975999999999999979e+00,1.097463615738879980e+03,5.335728248588156436e-26,2.846999594278163583e-51,1.958677360612368271e-25,3.836417002975433243e-50,-3.398246674793243228e-25,1.154808046274333367e-49,-8.288635504814464891e-25,6.870147853167093659e-49,1.969720571052248749e-24,3.879799128026396634e-48,4.803962311907793894e-24,2.307805389423047684e-47
3.980000000000000426e+00,1.102182360800000424e+03,4.185350528568953956e-26,1.751715904699242255e-51,1.536432347481106447e-25,2.360624358386303362e-50,-2.666145489605479422e-25,7.108331771743642046e-50,-6.503865717125696281e-25,4.230026926640294800e-49,1.545879780573404662e-24,2.389744295985677840e-48,3.771054538425419987e-24,1.422085233177895618e-47
3.983999999999999986e+00,1.106915992647680241e+03,3.182651082320020564e-26,1.012926791179279780e-51,1.168372184088467265e-25,1.365093560551655263e-50,-2.027768842921554208e-25,4.111846480323418612e-50,-4.947171298769699480e-25,2.447450385937067644e-49,1.176065392202673367e-24,1.383129806736828046e-48,2.869439481419651534e-24,8.233682937529878437e-48
3.988000000000000433e+00,1.111664541863680597e+03,2.292731734392365424e-26,5.256618805889824130e-52,8.416934268314874878e-26,7.084478247713326296e-51,-1.460982374096014388e-25,2.134469497419226477e-50,-3.564711249145307201e-25,1.270716628978309715e-49,8.475308590812924917e-25,7.183085570950736974e-49,2.068160784498076768e-24,4.277289030535700254e-48
3.991999999999999993e+00,1.116428039060479932e+03,1.484403534367258266e-26,2.203453852842008004e-52,5.449528399560485347e-26,2.969735977761626318e-51,-9.459963058468113738e-26,8.949090106758139415e-51,-2.308334874200495697e-25,5.328409891450218032e-50,5.488725754502016532e-25,3.012611040813373227e-49,1.339512153891073723e-24,1.794292810421903504e-48
3.996000000000000441e+00,1.121206514881280555e+03,7.291222626270886849e-27,5.316192738584452772e-53,2.676770378784497177e-26,7.165099660738100037e-52,-4.646926117322152952e-26,2.159392233985074062e-51,-1.133948863831159370e-25,1.285840025783977198e-50,2.696445114617132990e-25,7.270816256142603894e-50,6.581047636426763815e-25,4.331018799291829821e-49
4.000000000000000000e+00,1.126000000000000000e+03,0.000000000000000000e+00,0.000000000000000000e+00,0.000000000000000000e+00,0.000000000000000000e+00,-0.000000000000000000e+00,0.000000000000000000e+00,-0.000000000000000000e+00,0.000000000000000000e+00,0.000000000000000000e+00,0.000000000000000000e+00,0.000000000000000000e+00,0.000000000000000000e+00
