x,psi_0,psi_1,psi_2,psi_3,psi_4,psi_5
-4.000000000000000000e+00,0.000000000000000000e+00,-0.000000000000000000e+00,-0.000000000000000000e+00,0.000000000000000000e+00,0.000000000000000000e+00,-0.000000000000000000e+00
-3.993333333333333179e+00,4.956262026890851519e-26,-2.690445634650489444e-26,-1.090519797178796134e-25,2.400968951161150897e-25,5.723116148959960417e-25,-1.379459356977650274e-24
-3.986666666666666803e+00,1.040652490294596439e-25,-5.648918343381142523e-26,-2.289332898379714571e-25,5.039785367769897698e-25,1.201126978938826617e-24,-2.894597364304151382e-24
-3.979999999999999982e+00,1.688715778288526238e-25,-9.166417498993663985e-26,-3.713975433188137980e-25,8.174532086439015197e-25,1.947735644920966762e-24,-4.692527226480135724e-24
-3.973333333333333162e+00,2.502805946055608051e-25,-1.358465681632185649e-25,-5.502393726855461821e-25,1.210798531977147577e-24,2.884000524998850110e-24,-6.945633055770178716e-24
-3.966666666666666785e+00,3.561202826090768901e-25,-1.932825465557501648e-25,-7.825895162054164847e-25,1.721596688367822713e-24,4.099063056622102971e-24,-9.867589590576229579e-24
-3.959999999999999964e+00,4.964719352831094619e-25,-2.694400190428794905e-25,-1.090493528867467276e-24,2.398188690267641337e-24,5.707506257049944978e-24,-1.373284868066170210e-23
-3.953333333333333144e+00,6.845896564953296864e-25,-3.715070598841647450e-25,-1.502914263742915192e-24,3.304053496706691082e-24,7.859695551513955194e-24,-1.890130364767293425e-23
-3.946666666666666767e+00,9.380953088660521720e-25,-5.090395929529806194e-25,-2.058332161304270296e-24,4.523491480048611913e-24,1.075518998161731179e-23,-2.585025105394242943e-23
-3.939999999999999947e+00,1.280551585722140507e-24,-6.948139382647784467e-25,-2.808165780477196021e-24,6.169096991790073528e-24,1.466036298347520553e-23,-3.521635241236538399e-23
-3.933333333333333126e+00,1.743546700626467463e-24,-9.459565246461871512e-25,-3.821301525220217244e-24,8.391649391782750515e-24,1.993171063989818394e-23,-4.785109887857567243e-23
-3.926666666666666750e+00,2.369465756336999614e-24,-1.285445576374795825e-24,-5.190111194803002872e-24,1.139324679165146867e-23,2.704678154511343254e-23,-6.489435963477540929e-23
-3.919999999999999929e+00,3.215179337471755534e-24,-1.744109616126672488e-24,-7.038455604937255285e-24,1.544476662287693556e-23,3.664527042033262742e-23,-8.787202993489016639e-23
-3.913333333333333108e+00,4.356953477746313657e-24,-2.363287468716468972e-24,-9.532331116717619238e-24,2.090908151062209789e-23,4.958362286657190030e-23,-1.188256943947868036e-22
-3.906666666666666732e+00,5.896982435157657588e-24,-3.198367102734710810e-24,-1.289402536703251349e-23,2.827191355436053178e-23,6.700756101957543023e-23,-1.604847255465073011e-22
-3.899999999999999911e+00,7.972073951639609689e-24,-4.323490050062489769e-24,-1.742092441607215296e-23,3.818280871872167131e-23,9.044833781156673500e-23,-2.164945307771452943e-22
-3.893333333333333535e+00,1.076518540491326164e-23,-5.837799448538497572e-24,-2.351047630013040723e-23,5.150949968649659767e-23,1.219503634271361675e-22,-2.917189823446769400e-22
-3.886666666666666714e+00,1.452073091112216020e-23,-7.873729682754030763e-24,-3.169329218013617608e-23,6.940995764342870550e-23,1.642402546939174162e-22,-3.926407272500155708e-22
-3.879999999999999893e+00,1.956487019921149984e-23,-1.060799290632793564e-23,-4.267699049984547229e-23,9.342778574673826780e-23,2.209505098819965797e-22,-5.278904816426933829e-22
-3.873333333333333517e+00,2.633237100906008954e-23,-1.427612379960591753e-23,-5.740420676268147856e-23,1.256183764896554568e-22,2.969151326285300661e-22,-7.089460937362252200e-22
-3.866666666666666696e+00,3.540213521185901239e-23,-1.919171353163003113e-23,-7.712926003296027916e-23,1.687155676368930630e-22,3.985599109723824595e-22,-9.510547905367863539e-22
-3.859999999999999876e+00,4.754413028216645735e-23,-2.577181622486042713e-23,-1.035193626598312450e-22,2.263515498496182652e-22,5.344170780986043727e-22,-1.274448487285139825e-21
-3.853333333333333499e+00,6.378131811270116448e-23,-3.457047109596917951e-23,-1.387880798556601519e-22,3.033467143817517919e-22,7.158032281180714106e-22,-1.705943471324523143e-21
-3.846666666666666679e+00,8.547128190086786036e-23,-4.632288298834900930e-23,-1.858711171245233995e-22,4.060912537296778546e-22,9.577112627979517375e-22,-2.281043640833443806e-21
-3.839999999999999858e+00,1.144136957685014416e-22,-6.200358472701439355e-23,-2.486575994530741814e-22,5.430469934076369985e-22,1.279982615700154832e-21,-3.046702673265442105e-21
-3.833333333333333481e+00,1.529916600523159865e-22,-8.290292017889467735e-23,-3.322940172709928622e-22,7.254065922303112691e-22,1.708846084616811418e-21,-4.064947450316627753e-21
-3.826666666666666661e+00,2.043573656402810885e-22,-1.107275061363104682e-22,-4.435832217658883368e-22,9.679584849645397145e-22,2.278935647022406218e-21,-5.417625901565397317e-21
-3.819999999999999840e+00,2.726757179097670060e-22,-1.477320430524686527e-22,-5.915076052438216528e-22,1.290220505062856200e-21,3.035933365285843391e-21,-7.212621160357450315e-21
-3.813333333333333464e+00,3.634436564127564268e-22,-1.968920635573460116e-22,-7.879143493899645265e-22,1.717923979768231333e-21,4.040027127199597223e-21,-9.591975698279859071e-21
-3.806666666666666643e+00,4.839082223499128757e-22,-2.621300803947436246e-22,-1.048411941182184721e-21,2.284954470945808636e-21,5.370429356743641826e-21,-1.274250050805417553e-20
-3.799999999999999822e+00,6.436133009352757456e-22,-3.486113103064882402e-22,-1.393541780836327621e-21,3.035886825862816139e-21,7.131275610617023289e-21,-1.690961386757097880e-20
-3.793333333333333446e+00,8.551138470440334943e-22,-4.631299488070536590e-22,-1.850307583464087896e-21,4.029292828982566758e-21,9.459315803363872786e-21,-2.241537250855094601e-20
-3.786666666666666625e+00,1.134907862306273353e-21,-6.146131616467407638e-22,-2.454169614606711857e-21,5.342052098502666966e-21,1.253393162373275934e-20,-2.968193887317998523e-20
-3.779999999999999805e+00,1.504651161677285220e-21,-8.147779369415950831e-22,-3.251642143204843853e-21,7.074964256216358319e-21,1.659016910210565415e-20,-3.926208908464949015e-20
-3.773333333333333428e+00,1.992738981745184762e-21,-1.078986211659795877e-21,-4.303672813494672069e-21,9.360047032420872623e-21,2.193567492757609319e-20,-5.187882957772613809e-20
-3.766666666666666607e+00,2.636362933266515265e-21,-1.427356890426176602e-21,-5.690034439801106996e-21,1.237001621882764960e-20,2.897268129232597646e-20,-6.847678438072861459e-20
-3.759999999999999787e+00,3.484183204769773374e-21,-1.886210332545460774e-21,-7.515026210131582914e-21,1.633058608278471879e-20,3.822651239333947045e-20,-9.028877581059283266e-20
-3.753333333333333410e+00,4.599796214310644232e-21,-2.489942636921116382e-21,-9.914866507713927512e-21,2.153641168522659698e-20,5.038250609465113714e-20,-1.189219945017427404e-19
-3.746666666666666590e+00,6.066229537853997837e-21,-3.283454928580402122e-21,-1.306726868212918537e-20,2.837172851802150913e-20,6.633378181534660933e-20,-1.564693980894441076e-19
-3.740000000000000213e+00,7.991762032214217041e-21,-4.325298525939757635e-21,-1.720383066558916722e-20,3.733704395699679313e-20,8.724297233654206795e-20,-2.056535647156905183e-19
-3.733333333333333393e+00,1.051745157025788892e-20,-5.691742476171947451e-21,-2.262604762314767233e-20,4.908361689382056236e-20,1.146219132411750935e-19,-2.700122503457391859e-19
-3.726666666666666572e+00,1.382686072173631398e-20,-7.482028186196634623e-21,-2.972598433550479883e-20,6.445794892008123614e-20,1.504344000688205213e-19,-3.541374744788398796e-19
-3.719999999999999751e+00,1.815860837686552942e-20,-9.825150162961162794e-21,-3.901293399420598335e-20,8.455913082983785036e-20,1.972285442925446127e-19,-4.639832344817549426e-19
-3.713333333333333375e+00,2.382255072263986270e-20,-1.288859652208625655e-20,-5.114775927397091564e-20,1.108126776103297903e-19,2.583070659713573997e-19,-6.072611099423759066e-19
-3.706666666666666554e+00,3.122061824170951288e-20,-1.688960337159500634e-20,-6.698708103373991368e-20,1.450654884003144845e-19,3.379461554672769846e-19,-7.939482984368855234e-19
-3.700000000000000178e+00,4.087361923978017291e-20,-2.210963028783647025e-20,-8.764007635829463023e-20,1.897078416200163704e-19,4.416764472982289437e-19,-1.036939316045934214e-18
-3.693333333333333357e+00,5.345568084765735889e-20,-2.891295851098463205e-20,-1.145414043115097961e-19,2.478299506566364440e-19,5.766433372564819774e-19,-1.352881067673593101e-18
-3.686666666666666536e+00,6.983845564562048185e-20,-3.777056005875783551e-20,-1.495447367286066665e-19,3.234226513300445582e-19,7.520685416370112068e-19,-1.763241704753909820e-18
-3.680000000000000160e+00,9.114780134218216488e-20,-4.929069833109849638e-20,-1.950425853358445846e-19,4.216343807472335654e-19,9.798406982733147348e-19,-2.295677218447657254e-18
-3.673333333333333339e+00,1.188363740778373267e-19,-6.425811606998649222e-20,-2.541196515224236606e-19,5.490998782412532304e-19,1.275270260339736382e-18,-2.985776786644942650e-18
-3.666666666666666519e+00,1.547765027350131865e-19,-8.368416619350774480e-20,-3.307488639253108108e-19,7.143601682584785381e-19,1.658053332190118254e-18,-3.879289404363949956e-18
-3.660000000000000142e+00,2.013788819623174722e-19,-1.088708718846590984e-19,-4.300417150780323430e-19,9.283985914945569899e-19,2.153500937145424708e-18,-5.034961403883124344e-18
-3.653333333333333321e+00,2.617440977870750962e-19,-1.414926979417195614e-19,-5.585675909482161815e-19,1.205324207903426717e-18,2.794105107845046365e-18,-6.528148514148335278e-18
-3.646666666666666501e+00,3.398558595297628390e-19,-1.837008176939981649e-19,-7.247606674817948113e-19,1.563242144583348072e-18,3.621531920072236492e-18,-8.455408862177312307e-18
-3.640000000000000124e+00,4.408271523420877296e-19,-2.382559210224913821e-19,-9.394378272197869575e-19,2.025360827873111001e-18,4.689155108373077211e-18,-1.094033694957148953e-17
-3.633333333333333304e+00,5.712134670473719197e-19,-3.086971943167979036e-19,-1.216457176774170313e-18,2.621399050818476404e-18,6.065273396334182442e-18,-1.414096583556278260e-17
-3.626666666666666483e+00,7.394109586344955261e-19,-3.995570935788028141e-19,-1.573554433417711498e-18,3.389372141212562415e-18,7.837191623311205792e-18,-1.825914886097739189e-17
-3.620000000000000107e+00,9.561620189170499725e-19,-5.166340280676290924e-19,-2.033404082448425239e-18,4.377856926691066546e-18,1.011639198433890816e-17,-2.355243738797455979e-17
-3.613333333333333286e+00,1.235196554924958752e-18,-6.673381989105054736e-19,-2.624964265370295318e-18,5.648860752162563121e-18,1.304507948926792026e-17,-3.034910232139612646e-17
-3.606666666666666465e+00,1.594044530787879105e-18,-8.611297500404401989e-19,-3.385179435804919171e-18,7.281451742058783195e-18,1.680445789679416508e-17,-3.906711093706678774e-17
-3.600000000000000089e+00,2.055064414273682264e-18,-1.110073279726447632e-18,-4.361133649912572320e-18,9.376347362464801194e-18,2.162518235579005853e-17,-5.023807456826102945e-17
-3.593333333333333268e+00,2.646743511598114494e-18,-1.429538867455835692e-18,-5.612770848868283848e-18,1.206170803703054863e-17,2.780054706854388936e-17,-6.453743660670185122e-17
-3.586666666666666448e+00,3.405340321710942882e-18,-1.839087386655451366e-18,-7.216327763573805382e-18,1.550044446336332607e-17,3.570310575177667868e-17,-8.282248589531235124e-17
-3.580000000000000071e+00,4.376956668146871707e-18,-2.363587361159027972e-18,-9.268661508695667829e-18,1.989942426891411109e-17,4.580559600443526369e-17,-1.061801724835771981e-16
-3.573333333333333250e+00,5.620149304009098487e-18,-3.034622429324770722e-18,-1.189269923714629644e-17,2.552105931376270944e-17,5.870725388073087762e-17,-1.359871887647020305e-16
-3.566666666666666430e+00,7.209217957627048884e-18,-3.892263154618318267e-18,-1.524429349239394560e-17,3.269787368957925821e-17,7.516687182004518128e-17,-1.739853811570062282e-16
-3.560000000000000053e+00,9.238340652557299561e-18,-4.987295142260281907e-18,-1.952083669928421747e-17,4.185079967971936247e-17,9.614428363440839707e-17,-2.223763026179379610e-16
-3.553333333333333233e+00,1.182676914380268608e-17,-6.384018019948931584e-18,-2.497207473497560422e-17,5.351213125916992047e-17,1.228523692438767550e-16,-2.839396372999068624e-16
-3.546666666666666856e+00,1.512534936237777976e-17,-8.163757837476326504e-18,-3.191366659532502896e-17,6.835429024106101082e-17,1.568221773275339333e-16,-3.621813658115610691e-16
-3.540000000000000036e+00,1.932469618204636992e-17,-1.042927008655483508e-17,-4.074416956445835563e-17,8.722583885116805767e-17,1.999843880867579178e-16,-4.615189419745242168e-16
-3.533333333333333215e+00,2.466543146779899112e-17,-1.331025337047777494e-17,-5.196629281172729105e-17,1.111965164743698880e-16,2.547711078403959400e-16,-5.875124795993615105e-16
-3.526666666666666394e+00,3.145099272473527209e-17,-1.697024663715831697e-17,-6.621346407407503010e-17,1.416135023910430328e-16,3.242429350502815831e-16,-7.471530736643366683e-16
-3.520000000000000018e+00,4.006364100169782278e-17,-2.161524811768798912e-17,-8.428300268986487936e-17,1.801716285846827634e-16,4.122474036444262692e-16,-9.492219932192748006e-16
-3.513333333333333197e+00,5.098444621910070565e-17,-2.750447447896310846e-17,-1.071774982853325820e-16,2.290009091753926591e-16,5.236163428796469867e-16,-1.204737691347912972e-15
-3.506666666666666821e+00,6.481821212713285072e-17,-3.496377760743486476e-17,-1.361563707262673962e-16,2.907755425097863891e-16,6.644114526749113847e-16,-1.527511511707569469e-15
-3.500000000000000000e+00,8.232452938117601426e-17,-4.440235803605479141e-17,-1.728000491626046824e-16,3.688495109766935754e-16,8.422295512314302763e-16,-1.934837790492764827e-15
-3.493333333333333179e+00,1.044564231377107343e-16,-5.633356334765851208e-17,-2.190897750963124642e-16,4.674250917439176269e-16,1.066581594995553563e-15,-2.448349949668867396e-15
-3.486666666666666359e+00,1.324084025354941384e-16,-7.140074305658770289e-17,-2.775067294283204341e-16,5.917620467454561235e-16,1.349362805180273835e-15,-3.095081384893991631e-15
-3.479999999999999982e+00,1.676761372776138496e-16,-9.040935591271302050e-17,-3.511550343065734925e-16,7.484370404262342969e-16,1.705435187846077853e-15,-3.908778751098076840e-15
-3.473333333333333162e+00,2.121304980497427354e-16,-1.143668002877555849e-16,-4.439142211022729059e-16,9.456650091744818651e-16,2.153348560261578819e-15,-4.931525979828546428e-15
-3.466666666666666785e+00,2.681093230125645976e-16,-1.445317741863788509e-16,-5.606280268530004056e-16,1.193696861861312991e-15,2.716232081156565127e-15,-6.215750434573798962e-15
-3.459999999999999964e+00,3.385310366567291505e-16,-1.824753816447362371e-16,-7.073379323900446716e-16,1.505311128827976528e-15,3.422895451054093391e-15,-7.826698516218239696e-15
-3.453333333333333144e+00,4.270351795779257542e-16,-2.301567027430109969e-16,-8.915717456614396460e-16,1.896421120408384568e-15,4.309187671452588495e-15,-9.845487363285733712e-15
-3.446666666666666767e+00,5.381560440155636878e-16,-2.900161543531683527e-16,-1.122699835228786930e-15,2.386823954219910910e-15,5.419671853341846355e-15,-1.237286276263611672e-14
-3.439999999999999947e+00,6.775369934413741551e-16,-3.650907111874233152e-16,-1.412374417922956753e-15,3.001123641677699949e-15,6.809687436932831580e-15,-1.553382184992917223e-14
-3.433333333333333570e+00,8.521947270131938229e-16,-4.591559595308537583e-16,-1.775070705025812653e-15,3.769867503123497434e-15,8.547886794172084100e-15,-1.948329365898201882e-14
-3.426666666666666750e+00,1.070844793761522287e-15,-5.769010526817746294e-16,-2.228752837791504279e-15,4.730943765140813672e-15,1.071935209520852567e-14,-2.441311230015944614e-14
-3.419999999999999929e+00,1.344302141937948419e-15,-7.241439677500981387e-16,-2.795692545191398374e-15,5.931298591694095575e-15,1.342942120176189656e-14,-3.056056797465547357e-14
-3.413333333333333108e+00,1.685973495978602288e-15,-9.080960762497327939e-16,-3.503474513645281759e-15,7.429043382142206910e-15,1.680837900811745265e-14,-3.821888191264899607e-14
-3.406666666666666732e+00,2.112461994807605158e-15,-1.137686993578280465e-15,-4.386229784616016749e-15,9.296038375690887320e-15,2.101720404418831822e-14,-4.775002474442128488e-14
-3.399999999999999911e+00,2.644308929729299584e-15,-1.423963034067333119e-15,-5.486147347603389983e-15,1.162105696104553820e-14,2.625460042981567339e-14,-5.960038625900502198e-14
-3.393333333333333535e+00,3.306902742157897899e-15,-1.780575451357493406e-15,-6.855324779289323358e-15,1.451365723125221468e-14,3.276559378950782821e-14,-7.431991093076318286e-14
-3.386666666666666714e+00,4.131591865072513878e-15,-2.224378086959056400e-15,-8.558031659298157991e-15,1.810891399684336788e-14,4.085202812572274890e-14,-9.258544151335533001e-14
-3.379999999999999893e+00,5.157045737027776059e-15,-2.776158200533868777e-15,-1.067347500394583112e-14,2.257319656787389590e-14,5.088537083643016953e-14,-1.152291665825924243e-13
-3.373333333333333073e+00,6.430917645502410928e-15,-3.461529253677940317e-15,-1.329917461866930315e-14,2.811121619811563372e-14,6.332231734027375794e-14,-1.432732520982813146e-13
-3.366666666666666696e+00,8.011874278771307116e-15,-4.312020431374386726e-15,-1.655507869221442904e-14,3.497461341220355586e-14,7.872378785725114240e-14,-1.779719577043280275e-13
-3.359999999999999876e+00,9.972070352543376189e-15,-5.366404909790848219e-15,-2.058857687074915550e-14,4.347241100277384766e-14,9.777803000268486816e-14,-2.208628025199718398e-13
-3.353333333333333499e+00,1.240016286886511334e-14,-6.672317550721694889e-15,-2.558060032296526417e-14,5.398372505923085016e-14,1.213286857947598200e-13,-2.738286607725358712e-13
-3.346666666666666679e+00,1.540497898153277793e-14,-8.288223100378539483e-15,-3.175303696248121949e-14,6.697320606655553294e-14,1.504088549501202090e-13,-3.391730444347515594e-13
-3.339999999999999858e+00,1.911997470199761955e-14,-1.028580842344456911e-14,-3.937773624342640379e-14,8.300977736605772615e-14,1.862823932580850535e-13,-4.197112794317676195e-13
-3.333333333333333037e+00,2.370864951315690389e-14,-1.275288720276136041e-14,-4.878743322097991459e-14,1.027893520212225922e-13,2.304939316419592685e-13,-5.188808173631505950e-13
-3.326666666666666661e+00,2.937111522906592081e-14,-1.579692334206791496e-14,-6.038898756089424760e-14,1.271623448249010620e-13,2.849293956067483821e-13,-6.408745617847167527e-13
-3.319999999999999840e+00,3.635205716595293983e-14,-1.954930056840034220e-14,-7.467941188290496650e-14,1.571669578750931331e-13,3.518891548053716164e-13,-7.908018453986908949e-13
-3.313333333333333464e+00,4.495037307610774393e-14,-2.417049108406857796e-14,-9.226525757818720354e-14,1.940694106066156010e-13,4.341763486137090455e-13,-9.748825936888957329e-13
-3.306666666666666643e+00,5.553083175715454046e-14,-2.985630632154512693e-14,-1.138860378094926171e-13,2.394125140007688437e-13,5.352034278368523014e-13,-1.200681277008439782e-12
-3.299999999999999822e+00,6.853816045069393779e-14,-3.684544879735358724e-14,-1.404425000251172904e-13,2.950742604833122709e-13,6.591205389771282165e-13,-1.477388516597805275e-12
-3.293333333333333446e+00,8.451405004380424775e-14,-4.542862678786452647e-14,-1.730307177970311684e-13,3.633384234738424240e-13,8.109700722688363890e-13,-1.816159705210116880e-12
-3.286666666666666625e+00,1.041176619820896328e-13,-5.595954428681806383e-14,-2.129831585859368166e-13,4.469795426952559818e-13,9.968725170870682995e-13,-2.230521770484258555e-12
-3.279999999999999805e+00,1.281503333876774484e-13,-6.886813888851397529e-14,-2.619181053586718703e-13,5.493651237480713555e-13,1.224249740744344543e-12,-2.736861296193643649e-12
-3.273333333333333428e+00,1.575853103044695494e-13,-8.467651155455640730e-14,-3.217990719361205607e-13,6.745784154327339568e-13,1.502092955196755333e-12,-3.355009678036477109e-12
-3.266666666666666607e+00,1.936034969561342075e-13,-1.040180766335833302e-13,-3.950061616566160140e-13,8.275657602505244851e-13,1.841283991192964289e-12,-4.108943890718758361e-12
-3.259999999999999787e+00,2.376363957112019886e-13,-1.276605603111542398e-13,-4.844216847108809011e-13,1.014313259195047534e-12,2.254980096288838235e-12,-5.027624856050378573e-12
-3.253333333333333410e+00,2.914176331357349920e-13,-1.565335935528550972e-13,-5.935327810224647333e-13,1.242058370873879854e-12,2.759074353027294404e-12,-6.145999413868830361e-12
-3.246666666666666590e+00,3.570447279425359570e-13,-1.917617846933032072e-13,-7.265543040808028853e-13,1.519543099857310514e-12,3.372746024164946904e-12,-7.506196608754947580e-12
-3.240000000000000213e+00,4.370530636457321796e-13,-2.347043207555121871e-13,-8.885758197809886924e-13,1.857316646276822996e-12,4.119117728435623408e-12,-9.158954531361040369e-12
-3.233333333333333393e+00,5.345043902428073216e-13,-2.870023395894620898e-13,-1.085737278293121148e-12,2.268096818636490847e-12,5.026039397034761790e-12,-1.116532042741286906e-11
-3.226666666666666572e+00,6.530926044984539255e-13,-3.506355419088424808e-13,-1.325438743911054990e-12,2.767201189939884773e-12,6.127022531874997078e-12,-1.359867436439961901e-11
-3.219999999999999751e+00,7.972700581004443557e-13,-4.279897789801116908e-13,-1.616590538143907387e-12,3.373060944512608531e-12,7.462352467282420455e-12,-1.654713560357438111e-11
-3.213333333333333375e+00,9.723982295028646585e-13,-5.219376646818536142e-13,-1.969911288648134738e-12,4.107832666625752125e-12,9.080411225912304262e-12,-2.011642116807184245e-11
-3.206666666666666554e+00,1.184927283027366503e-12,-6.359346275473912927e-13,-2.398282708264584955e-12,4.998126016804162373e-12,1.103924927103992959e-11,-2.443323816240340844e-11
-3.200000000000000178e+00,1.442609844363136683e-12,-7.741332480641343412e-13,-2.917171485946100657e-12,6.075868390486899025e-12,1.340845112197513836e-11,-2.964930545506173830e-11
-3.193333333333333357e+00,1.754755264167552674e-12,-9.415192291295277215e-13,-3.545130491076907632e-12,7.379331328980967225e-12,1.627134756768445580e-11,-3.594611669508603666e-11
-3.186666666666666536e+00,2.132531743142801365e-12,-1.144072934919305208e-12,-4.304393616438883084e-12,8.954347737775646645e-12,1.972763625860056195e-11,-4.354057565114294405e-11
-3.179999999999999716e+00,2.589324978236536161e-12,-1.388961119059568114e-12,-5.221581060995207670e-12,1.085575395801901836e-11,2.389648297622228141e-11,-5.269165694530328416e-11
-3.173333333333333339e+00,3.141163489818745898e-12,-1.684764262500529932e-12,-6.328534737018330673e-12,1.314909654315830334e-11,2.892018810141191077e-11,-6.370827086881353237e-11
-3.166666666666666519e+00,3.807222537538951663e-12,-2.041745872783092446e-12,-7.663306840309871735e-12,1.591265034029496761e-11,3.496851698487809797e-11,-7.695854064522934662e-11
-3.160000000000000142e+00,4.610420566778617548e-12,-2.472171180034957339e-12,-9.271328520024499925e-12,1.923980230877519580e-11,4.224380936375903589e-11,-9.288073485318514555e-11
-3.153333333333333321e+00,5.578124492575983560e-12,-2.990683924608186778e-12,-1.120679010910400415e-11,2.324186459161128263e-11,5.098700200487349400e-11,-1.119961374266823141e-10
-3.146666666666666501e+00,6.742982874462715955e-12,-3.614751393773950996e-12,-1.353426962264801455e-11,2.805139087652615327e-11,6.148472077368887289e-11,-1.349241834995534250e-10
-3.139999999999999680e+00,8.143909221987371997e-12,-4.365189561202778096e-12,-1.633065230827425072e-11,3.382608225712186965e-11,7.407762376723035724e-11,-1.624002422435888450e-10
-3.133333333333333304e+00,9.827241363284472584e-12,-5.266782148357050808e-12,-1.968739106347858495e-11,4.075338287505409330e-11,8.917020650787222656e-11,-1.952964887771279158e-10
-3.126666666666666483e+00,1.184810708375039637e-11,-6.349009701658816664e-12,-2.371316566123160854e-11,4.905588186886818591e-11,1.072423140395259087e-10,-2.346463773372461187e-10
-3.120000000000000107e+00,1.427203118519847456e-11,-7.646907409243727887e-12,-2.853700810699024235e-11,5.899765688981922044e-11,1.288626437402512605e-10,-2.816733085087228411e-10
-3.113333333333333286e+00,1.717682482626429777e-11,-9.202073418488108016e-12,-3.431197227026356801e-11,7.089171602752731273e-11,1.547045674928261174e-10,-3.378241758494328204e-10
-3.106666666666666465e+00,2.065480459431181076e-11,-1.106385291966728496e-11,-4.121943839873113704e-11,8.510871982436188587e-11,1.855646533595300670e-10,-4.048085833948973543e-10
-3.100000000000000089e+00,2.481539635486201393e-11,-1.329072729948200229e-11,-4.947415746715093633e-11,1.020871936061007949e-10,2.223843260179603545e-10,-4.846446471238368932e-10
-3.093333333333333268e+00,2.978818767094803920e-11,-1.595194231723299671e-11,-5.933015680234685708e-11,1.223454731366079090e-10,2.662751729785532318e-10,-5.797124326138579856e-10
-3.086666666666666448e+00,3.572650264532511566e-11,-1.912941460274015937e-11,-7.108764735952935088e-11,1.464956642018350318e-10,3.185484812015581143e-10,-6.928162401628693738e-10
-3.080000000000000071e+00,4.281158459820553087e-11,-2.291996191668109296e-11,-8.510109474294217427e-11,1.752599398038681243e-10,3.807496774889242728e-10,-8.272571302356301837e-10
-3.073333333333333250e+00,5.125748526134908604e-11,-2.743790966159176131e-11,-1.017886409474977113e-10,2.094895479427099257e-10,4.546984474362774723e-10,-9.869172891723998667e-10
-3.066666666666666430e+00,6.131677438209937248e-11,-3.281813421029879771e-11,-1.216430922780988530e-10,2.501869593183613449e-10,5.425354234652125503e-10,-1.176358070976468044e-09
-3.060000000000000053e+00,7.328720105462999926e-11,-3.921961286890615233e-11,-1.452447214639393802e-10,2.985316486378144879e-10,6.467764643915043148e-10,-1.400933819376660159e-09
-3.053333333333333233e+00,8.751945803017112447e-11,-4.682956087223023816e-11,-1.732761691702061373e-10,3.559100766143271181e-10,7.703756992186466983e-10,-1.666923879365780343e-09
-3.046666666666666856e+00,1.044262230406705892e-10,-5.586824789908963277e-11,-2.065397725296261324e-10,4.239505233799154137e-10,9.167986787229659910e-10,-1.981685553644294153e-09
-3.040000000000000036e+00,1.244926771801741179e-10,-6.659460039336632736e-11,-2.459776966551555582e-10,5.045635192165333269e-10,1.090107172532872613e-09,-2.353831151966903853e-09
-3.033333333333333215e+00,1.482887300503772537e-10,-7.931271170887179014e-11,-2.926953001182127778e-10,5.999887267217511334e-10,1.295057369716428157e-09,-2.793432725983460238e-09
-3.026666666666666394e+00,1.764832151677664410e-10,-9.437940001337351112e-11,-3.479882279396864777e-10,7.128492514063772782e-10,1.537213490623183341e-09,-3.312258585093227908e-09
-3.020000000000000018e+00,2.098603575827466272e-10,-1.122129742711394429e-10,-4.133737966983725488e-10,8.462144971077335242e-10,1.823079100484261100e-09,-3.924046257082211996e-09
-3.013333333333333197e+00,2.493388593721454386e-10,-1.333033917885394071e-10,-4.906273169779120145e-10,1.003672840533111230e-09,2.160248735060638243e-09,-4.644817198619182472e-09
-3.006666666666666821e+00,2.959939983007841427e-10,-1.582240171045413699e-10,-5.818240897336390372e-10,1.189415577989936192e-09,2.557582809878038917e-09,-5.493239283588553975e-09
-3.000000000000000000e+00,3.510831912471300610e-10,-1.876452218284579541e-10,-6.893879165823212919e-10,1.408333799427404701e-09,3.025409192204770213e-09,-6.491043911157920301e-09
-2.993333333333333179e+00,4.160755377782125299e-10,-2.223500988063212419e-10,-8.161470809630996624e-10,1.666130073095714360e-09,3.575755274338122136e-09,-7.663505490789340107e-09
-2.986666666666666359e+00,4.926859314582738700e-10,-2.632526022186185481e-10,-9.653988892085426438e-10,1.969447081507094411e-09,4.222614903947606637e-09,-9.039992089513650401e-09
-2.979999999999999982e+00,5.829144081037900915e-10,-3.114184684128891835e-10,-1.140984009595943777e-09,2.326015639364949676e-09,4.982255108769556070e-09,-1.065459718021900211e-08
-2.973333333333333162e+00,6.890914923854406816e-10,-3.680893210502459307e-10,-1.347372015405847329e-09,2.744824850472876341e-09,5.873568206106575528e-09,-1.254686372218422403e-08
-2.966666666666666785e+00,8.139304081778936470e-10,-4.347104191544001955e-10,-1.589759727088954902e-09,3.236317527485989882e-09,6.918475620319187706e-09,-1.476261325163370276e-08
-2.959999999999999964e+00,9.605871352562978240e-10,-5.129625686239824942e-10,-1.874184161250522300e-09,3.812614410279587181e-09,8.142390552536857693e-09,-1.735489427711183630e-08
-2.953333333333333144e+00,1.132729426864386827e-09,-6.047987875084659313e-10,-2.207652132963499551e-09,4.487771180690109740e-09,9.574747565721748230e-09,-2.038506607986605310e-08
-2.946666666666666323e+00,1.334616051021094983e-09,-7.124863937419552298e-10,-2.598288825842938990e-09,5.278072788921044193e-09,1.124960817544148142e-08,-2.392403603267165351e-08
-2.939999999999999947e+00,1.571187685049882461e-09,-8.386552720542533158e-10,-3.055507944565444982e-09,6.202370186014782543e-09,1.320635268365313352e-08,-2.805367079280440074e-08
-2.933333333333333570e+00,1.848171079752917317e-09,-9.863531755089329941e-10,-3.590206400618358704e-09,7.282465204045898057e-09,1.549046977189744456e-08,-3.286840421914172042e-08
-2.926666666666666750e+00,2.172198319157549186e-09,-1.159109027732742363e-09,-4.214986857866437962e-09,8.543550048270547264e-09,1.815445679506934346e-08,-3.847706763453029344e-08
-2.919999999999999929e+00,2.550943236299539950e-09,-1.361005315692348677e-09,-4.944411884239118235e-09,1.001470867119666329e-08,2.125884530204951596e-08,-4.500497112948992260e-08
-2.913333333333333108e+00,2.993277307775712199e-09,-1.596760801258495768e-09,-5.795293924063439395e-09,1.172948819593675859e-08,2.487336807086732119e-08,-5.259626801104722473e-08
-2.906666666666666288e+00,3.509447642750414359e-09,-1.871824934321306182e-09,-6.787025827301633565e-09,1.372654955452367766e-08,2.907828590094120335e-08,-6.141663827225079912e-08
-2.899999999999999911e+00,4.111280008960026489e-09,-2.192485522572610332e-09,-7.941957252643429041e-09,1.605040761614746125e-08,3.396589457191362893e-08,-7.165633112728995354e-08
-2.893333333333333535e+00,4.812410202543955502e-09,-2.565991405092588911e-09,-9.285822906964401866e-09,1.875227231137930916e-08,3.964223477772336497e-08,-8.353361126012998937e-08
-2.886666666666666714e+00,5.628547474068256715e-09,-3.000692090571965108e-09,-1.084822930050555548e-08,2.189100362313739823e-08,4.622903049742707260e-08,-9.729865850972587907e-08
-2.879999999999999893e+00,6.577774174061924876e-09,-3.506196558544226362e-09,-1.266320749219617191e-08,2.553419482610082208e-08,5.386588419408391844e-08,-1.132379763033351810e-07
-2.873333333333333073e+00,7.680886282275228008e-09,-4.093553685756505029e-09,-1.476984018033283754e-08,2.975940002715234633e-08,6.271276046460755405e-08,-1.316793702950646050e-07
-2.866666666666666696e+00,8.961780040592009666e-09,-4.775457052330797952e-09,-1.721297246843405942e-08,3.465552390491629987e-08,7.295279332346446052e-08,-1.529975654161614366e-07
-2.859999999999999876e+00,1.044789052538383885e-08,-5.566477206425504184e-09,-2.004401671322650985e-08,4.032439358231754272e-08,8.479545621984419767e-08,-1.776205369461221011e-07
-2.853333333333333499e+00,1.217068867680922750e-08,-6.483324824687505837e-09,-2.332186305075326591e-08,4.688253480920671967e-08,9.848013819168811212e-08,-2.060366393217115255e-07
-2.846666666666666679e+00,1.416624405631181007e-08,-7.545148602106402313e-09,-2.711390850757830724e-08,5.446317710052431133e-08,1.142801742828832997e-07,-2.388026252696191506e-07
-2.839999999999999858e+00,1.647586143600742047e-08,-8.773872142408948093e-09,-3.149721904776058906e-08,6.321851518846904550e-08,1.325073835260900687e-07,-2.765526575357376203e-07
-2.833333333333333037e+00,1.914680024191971201e-08,-1.019457460258406560e-08,-3.655984049419299515e-08,7.332225712519490298e-08,1.535171734591351650e-07,-3.200084260508086090e-07
-2.826666666666666661e+00,2.223308688479758588e-08,-1.183592037649634649e-08,-4.240227600732326827e-08,8.497249263746178869e-08,1.777142763357128739e-07,-3.699904948820846380e-07
-2.819999999999999840e+00,2.579643112574109465e-08,-1.373064368709887220e-08,-4.913914971826710979e-08,9.839491890949178925e-08,2.055591889513384256e-07,-4.274310158400740811e-07
-2.813333333333333464e+00,2.990725884785976448e-08,-1.591609459905578203e-08,-5.690107821077367962e-08,1.138464648794433807e-07,2.375753953751208872e-07,-4.933879592072996216e-07
-2.806666666666666643e+00,3.464587494906236466e-08,-1.843485366849524876e-08,-6.583677384213482666e-08,1.316193594041579467e-07,2.743574599009479413e-07,-5.690610268036837641e-07
-2.799999999999999822e+00,4.010377154481406935e-08,-2.133542321931004638e-08,-7.611540640251249906e-08,1.520456933032541619e-07,3.165800862540014516e-07,-6.558094285742447529e-07
-2.793333333333333002e+00,4.638509828390896607e-08,-2.467300408140262563e-08,-8.792925235172849278e-08,1.755025303656758452e-07,3.650082485578775594e-07,-7.551717211548014132e-07
-2.786666666666666625e+00,5.360831334625192467e-08,-2.851036755136008913e-08,-1.014966638596191759e-07,2.024176279192069868e-07,4.205085098334422930e-07,-8.688879255175496086e-07
-2.780000000000000249e+00,6.190803562124193756e-08,-3.291883334640237726e-08,-1.170653931287716985e-07,2.332758335573024758e-07,4.840616549140088740e-07,-9.989241608991932923e-07
-2.773333333333333428e+00,7.143712067118945491e-08,-3.797936542457521786e-08,-1.349163110158574677e-07,2.686262311201683825e-07,5.567767766750322579e-07,-1.147500053849190451e-06
-2.766666666666666607e+00,8.236898537955128121e-08,-4.378379874490098214e-08,-1.553675628097400632e-07,3.090901160718598608e-07,6.399069674441185119e-07,-1.317119204484387704e-06
-2.759999999999999787e+00,9.490020868258019978e-08,-5.043621134774404305e-08,-1.787792081917529622e-07,3.553698880368931049e-07,7.348667814336463903e-07,-1.510603016978490895e-06
-2.753333333333332966e+00,1.092534384998968686e-07,-5.805445755552040589e-08,-2.055583969175163064e-07,4.082589564941385891e-07,8.432516490793780878e-07,-1.731128228029297541e-06
-2.746666666666666590e+00,1.256806379298101476e-07,-6.677187963495366685e-08,-2.361651366426243503e-07,4.686527645091564002e-07,9.668594403303026653e-07,-1.982268495610697012e-06
-2.740000000000000213e+00,1.444667069749171459e-07,-7.673921693254701050e-08,-2.711187145894328130e-07,5.375610449560001155e-07,1.107714391273940200e-06,-2.268040440805196170e-06
-2.733333333333333393e+00,1.659335195292312521e-07,-8.812673330332312362e-08,-3.110048404425722796e-07,6.161214339738120189e-07,1.268093627053535708e-06,-2.592954567997958162e-06
-2.726666666666666572e+00,1.904444191070667834e-07,-1.011265856080028366e-07,-3.564835839908333077e-07,7.056145774606617369e-07,1.450556533894413122e-06,-2.962071523262795485e-06
-2.719999999999999751e+00,2.184092208439959481e-07,-1.159554581647606423e-07,-4.082981876272957240e-07,8.074808782656351276e-07,1.657977254260431204e-06,-3.381064187446673418e-06
-2.713333333333332931e+00,2.502897716697832725e-07,-1.328574903178840408e-07,-4.672848409029329068e-07,9.233390444387480132e-07,1.893580601760521028e-06,-3.856286139318230748e-06
-2.706666666666666554e+00,2.866061252611905196e-07,-1.521075267366844618e-07,-5.343835119265744519e-07,1.055006612475092006e-06,2.160981716469791044e-06,-4.394847065235988240e-06
-2.700000000000000178e+00,3.279433934482786712e-07,-1.740147226936765841e-07,-6.106499385412903885e-07,1.204522633982380459e-06,2.464229806866800971e-06,-5.004695735152880138e-06
-2.693333333333333357e+00,3.749593411910208145e-07,-1.989265394013340179e-07,-6.972688909091239493e-07,1.374172729646427569e-06,2.807856351661709334e-06,-5.694711210434390351e-06
-2.686666666666666536e+00,4.283927980836941328e-07,-2.272331675217465711e-07,-7.955688264275475556e-07,1.566516730802435681e-06,3.196928163437926655e-06,-6.474802996945005541e-06
-2.679999999999999716e+00,4.890729656028470931e-07,-2.593724202134099672e-07,-9.070380678064675637e-07,1.784419146374847879e-06,3.637105746286081317e-06,-7.356020907155102840e-06
-2.673333333333333339e+00,5.579297060109353668e-07,-2.958351405543568391e-07,-1.033342645677818131e-06,2.031082711456387692e-06,4.134707411500638270e-06,-8.350675447625658263e-06
-2.666666666666666519e+00,6.360049059822639105e-07,-3.371711718910085226e-07,-1.176345958313550551e-06,2.310085293386347854e-06,4.696779648956223482e-06,-9.472469603111832384e-06
-2.660000000000000142e+00,7.244650156507737695e-07,-3.839959436174942162e-07,-1.338130412913758118e-06,2.625420451884776797e-06,5.331174286993958424e-06,-1.073664294563978439e-05
-2.653333333333333321e+00,8.246148719102681501e-07,-4.369977291005388168e-07,-1.521021225514889035e-06,2.981541971624417924e-06,6.046633010529926623e-06,-1.216012905618394273e-05
-2.646666666666666501e+00,9.379129234462174076e-07,-4.969456369398637463e-07,-1.727612569876758878e-06,3.383412708593441463e-06,6.852879845639439265e-06,-1.376172730791119564e-05
-2.639999999999999680e+00,1.065987984162981922e-06,-5.646984015024795227e-07,-1.960796279752557523e-06,3.836558115731134735e-06,7.760722259051508538e-06,-1.556229012324473484e-05
-2.633333333333333304e+00,1.210657651408958007e-06,-6.412140436998994175e-07,-2.223793323741811358e-06,4.347124838612240449e-06,8.782161562774004805e-06,-1.758492688208710704e-05
-2.626666666666666483e+00,1.373948535711557304e-06,-7.275604782981571044e-07,-2.520188287483048487e-06,4.921944798413252473e-06,9.930513357412880390e-06,-1.985522572525242610e-05
-2.620000000000000107e+00,1.558118459629497205e-06,-8.249271496688470170e-07,-2.853967114268079620e-06,5.568605207008313917e-06,1.122053879258445917e-05,-2.240149456528224263e-05
-2.613333333333333286e+00,1.765680794825532168e-06,-9.346377838116319081e-07,-3.229558372256911174e-06,6.295524987797719768e-06,1.266858746906620949e-05,-2.525502268611460520e-05
-2.606666666666666465e+00,1.999431118570574400e-06,-1.058164350710163167e-06,-3.651878334340764425e-06,7.112038105743989164e-06,1.429275285488827843e-05,-2.845036438326020559e-05
-2.599999999999999645e+00,2.262476383620130955e-06,-1.197142337628398383e-06,-4.126380175335066515e-06,8.028484341044604894e-06,1.611304113631419657e-05,-3.202564616689260884e-05
-2.593333333333333268e+00,2.558266808763701011e-06,-1.353387440815790774e-06,-4.659107610574077712e-06,9.056308072861848893e-06,1.815155447445225271e-05,-3.602289912122029546e-05
-2.586666666666666892e+00,2.890630711342108589e-06,-1.528913790269240150e-06,-5.256753320107627690e-06,1.020816567250187881e-05,2.043268968891257204e-05,-4.048841808427020277e-05
-2.580000000000000071e+00,3.263812517658513456e-06,-1.725953829696787923e-06,-5.926722523545676421e-06,1.149804213931824165e-05,2.298335344128819621e-05,-4.547314938232462181e-05
-2.573333333333333250e+00,3.682514202474430308e-06,-1.946979981640834494e-06,-6.677202092128566645e-06,1.294137764732633236e-05,2.583319504307421551e-05,-5.103310892221667541e-05
-2.566666666666666430e+00,4.151940424677175845e-06,-2.194728235842999763e-06,-7.517235606783022232e-06,1.455520470595793626e-05,2.901485806470183556e-05,-5.722983251195526465e-05
-2.559999999999999609e+00,4.677847642720197544e-06,-2.472223807362425371e-06,-8.456804793711295910e-06,1.635829667444596046e-05,3.256425197438038866e-05,-6.413086034511868540e-05
-2.553333333333333233e+00,5.266597510558725138e-06,-2.782809019685537709e-06,-9.506917792399776406e-06,1.837132840587993445e-05,3.652084508710453910e-05,-7.181025764647462216e-05
-2.546666666666666856e+00,5.925214872511094798e-06,-3.130173577076749532e-06,-1.067970473476140641e-05,2.061704983386629443e-05,4.092798015515962108e-05,-8.034917353464742591e-05
-2.540000000000000036e+00,6.661450693746624235e-06,-3.518387399702055406e-06,-1.198852113837080211e-05,2.312047335179942669e-05,4.583321398137663066e-05,-8.983644021160058237e-05
-2.533333333333333215e+00,7.483850281903968804e-06,-3.951936204593700484e-06,-1.344805964132951410e-05,2.590907587181628827e-05,5.128868248484486401e-05,-1.003692146374186790e-04
-2.526666666666666394e+00,8.401827174643130379e-06,-4.435760025293591885e-06,-1.507447063111758525e-05,2.901301648736540924e-05,5.735149269534846848e-05,-1.120536648914873326e-04
-2.519999999999999574e+00,9.425743087686979657e-06,-4.975294872991806617e-06,-1.688549234474169563e-05,3.246537069974661695e-05,6.408414319697773164e-05,-1.250057034567590708e-04
-2.513333333333333197e+00,1.056699433806422141e-05,-5.576517752136792340e-06,-1.890059104246265812e-05,3.630238220472476390e-05,7.155497458266835099e-05,-1.393517696913758894e-04
-2.506666666666666821e+00,1.183810517776790550e-05,-6.245995253803988888e-06,-2.114111188224617702e-05,4.056373327012230634e-05,7.983865151929663278e-05,-1.552296637704664349e-04
-2.500000000000000000e+00,1.325282849382685017e-05,-6.990935960533872433e-06,-2.363044114668913067e-05,4.529283476886176134e-05,8.901667805682149512e-05,-1.727894343893649886e-04
-2.493333333333333179e+00,1.482625435177798191e-05,-7.819246906849011756e-06,-2.639418049837251307e-05,5.053713696394703420e-05,9.917794784420021139e-05,-1.921943225166763665e-04
-2.486666666666666359e+00,1.657492688064393351e-05,-8.739594350187764526e-06,-2.946033396321361608e-05,5.634846217200714359e-05,1.104193309387574239e-04,-2.136217634703654260e-04
-2.479999999999999982e+00,1.851697001867108662e-05,-9.761469117501025221e-06,-3.285950836424986421e-05,6.278336045991794821e-05,1.228462989136685525e-04,-2.372644495611577473e-04
-2.473333333333333162e+00,2.067222266016852957e-05,-1.089525680319347652e-05,-3.662512795018882416e-05,6.990348955428461405e-05,1.365735899795087100e-04,-2.633314555037470292e-04
-2.466666666666666785e+00,2.306238376469816142e-05,-1.215231310439366766e-05,-4.079366398379060521e-05,7.777602016580516470e-05,1.517259158396594150e-04,-2.920494287363275361e-04
-2.459999999999999964e+00,2.571116801048084811e-05,-1.354504458964346529e-05,-4.540488007448561917e-05,8.647406794931591857e-05,1.684387119949767864e-04,-3.236638467114882705e-04
-2.453333333333333144e+00,2.864447259407348290e-05,-1.508699520693816131e-05,-5.050209405733117001e-05,9.607715333519275039e-05,1.868589331996922773e-04,-3.584403431251875142e-04
-2.446666666666666323e+00,3.189055579799673218e-05,-1.679293884654909871e-05,-5.613245723622128089e-05,1.066716904782769943e-04,2.071458957472035122e-04,-3.966661049340243061e-04
-2.439999999999999947e+00,3.548022796690347794e-05,-1.867897828314143873e-05,-6.234725182291686672e-05,1.183515065761208464e-04,2.294721682303609174e-04,-4.386513418729842662e-04
-2.433333333333333126e+00,3.944705555091207954e-05,-2.076265083027578292e-05,-6.920220741467613854e-05,1.312183928085930830e-04,2.540245123751867589e-04,-4.847308300249101340e-04
-2.426666666666666750e+00,4.382757889171602243e-05,-2.306304104836288916e-05,-7.675783736174347218e-05,1.453826881452245851e-04,2.810048754887855887e-04,-5.352655308078093201e-04
-2.419999999999999929e+00,4.866154444284039385e-05,-2.560090085443101853e-05,-8.507979588139175911e-05,1.609638972545608757e-04,3.106314359906213875e-04,-5.906442865354355476e-04
-2.413333333333333108e+00,5.399215212975468331e-05,-2.839877738856394059e-05,-9.423925677728922721e-05,1.780913437306687515e-04,3.431397034104349429e-04,-6.512855934691157925e-04
-2.406666666666666288e+00,5.986631856826845710e-05,-3.148114899746916708e-05,-1.043133146213484803e-04,1.969048598252461557e-04,3.787836741349623121e-04,-7.176394530132964222e-04
-2.399999999999999911e+00,6.633495687052077172e-05,-3.487456970023018586e-05,-1.153854092495726059e-04,2.175555138389334521e-04,4.178370440683825196e-04,-7.901893014126014272e-04
-2.393333333333333535e+00,7.345327377670439429e-05,-3.860782250476764161e-05,-1.275457744133943452e-04,2.402063762818336238e-04,4.605944792371993377e-04,-8.694540179832404127e-04
-2.386666666666666714e+00,8.128108485721388990e-05,-4.271208194576436992e-05,-1.408919114132547664e-04,2.650333258603367287e-04,5.073729452181777828e-04,-9.559900115553624476e-04
-2.379999999999999893e+00,8.988314853393281349e-05,-4.722108621567309701e-05,-1.555290885213278084e-04,2.922258962845193826e-04,5.585130960971866967e-04,-1.050393384414563492e-03
-2.373333333333333073e+00,9.932951967063737063e-05,-5.217131925979874552e-05,-1.715708669750027064e-04,3.219881648170786533e-04,6.143807234765392934e-04,-1.153302172609393505e-03
-2.366666666666666252e+00,1.096959234807366366e-04,-5.760220320419727214e-05,-1.891396542916230577e-04,3.545396834003829026e-04,6.753682658379372506e-04,-1.265398661036788285e-03
-2.359999999999999876e+00,1.210641504955398498e-04,-6.355630148112974655e-05,-2.083672856176858261e-04,3.901164531022254748e-04,7.418963783366960916e-04,-1.387411771228340375e-03
-2.353333333333333499e+00,1.335224733276721551e-04,-7.007953301091756596e-05,-2.293956337818590203e-04,4.289719425127073624e-04,8.144155628499460953e-04,-1.520119519236936114e-03
-2.346666666666666679e+00,1.471660859518899808e-04,-7.722139779112740133e-05,-2.523772486704343142e-04,4.713781506038318674e-04,8.934078578263940449e-04,-1.664351540465355741e-03
-2.339999999999999858e+00,1.620975662091056599e-04,-8.503521423393540276e-05,-2.774760264858331911e-04,5.176267144293793514e-04,9.793885871875207018e-04,-1.820991677686070341e-03
-2.333333333333333037e+00,1.784273622186486480e-04,-9.357836858014366443e-05,-3.048679093831984711e-04,5.680300618949841139e-04,1.072908167209393054e-03,-1.990980627874917690e-03
-2.326666666666666661e+00,1.962743033584007349e-04,-1.029125767035110974e-04,-3.347416159066023025e-04,6.229226096666369821e-04,1.174553969970320482e-03,-2.175318642821149045e-03
-2.319999999999999840e+00,2.157661364421792447e-04,-1.131041586016818433e-04,-3.672994025646767109e-04,6.826620061097169031e-04,1.284952241582185475e-03,-2.375068277783286101e-03
-2.313333333333333464e+00,2.370400876883378672e-04,-1.242243258499172614e-04,-4.027578567952335093e-04,7.476304189597855884e-04,1.404770073032432813e-03,-2.591357181735337578e-03
-2.306666666666666643e+00,2.602434510327614409e-04,-1.363494822709313795e-04,-4.413487214694260751e-04,8.182358672204899201e-04,1.534717421049450192e-03,-2.825380921992535870e-03
-2.299999999999999822e+00,2.855342032929914843e-04,-1.495615380482751640e-04,-4.833197509779734499e-04,8.949135965628148828e-04,1.675549175966694476e-03,-3.078405835221493733e-03
-2.293333333333333002e+00,3.130816466378989814e-04,-1.639482374817907663e-04,-5.289355988247060932e-04,9.781274972634659403e-04,1.828067273100796811e-03,-3.351771896028463149e-03
-2.286666666666666625e+00,3.430670787588920544e-04,-1.796035005515553046e-04,-5.784787365260357986e-04,1.068371563468288122e-03,1.993122843676532231e-03,-3.646895593483472694e-03
-2.279999999999999805e+00,3.756844910738916100e-04,-1.966277784213508963e-04,-6.322504034787503014e-04,1.166171392299361100e-03,2.171618400827786052e-03,-3.965272805080122948e-03
-2.273333333333333428e+00,4.111412952240385880e-04,-2.151284229739388644e-04,-6.905715873127012518e-04,1.272085721041861040e-03,2.364510055679289093e-03,-4.308481656753621394e-03
-2.266666666666666607e+00,4.496590780451227044e-04,-2.352200704282018050e-04,-7.537840340894305701e-04,1.386708000349158370e-03,2.572809757970155944e-03,-4.678185356686573142e-03
-2.259999999999999787e+00,4.914743851108995410e-04,-2.570250390424705638e-04,-8.222512875425652505e-04,1.510668001092220014e-03,2.797587555118336532e-03,-5.076134989726687266e-03
-2.253333333333332966e+00,5.368395328536451063e-04,-2.806737408590232732e-04,-8.963597563809533146e-04,1.644633452152631254e-03,3.039973863046593026e-03,-5.504172258326962136e-03
-2.246666666666666590e+00,5.860234491683874577e-04,-3.063051073917775883e-04,-9.765198084911219439e-04,1.789311706117941705e-03,3.301161741497182604e-03,-5.964232155001337153e-03
-2.240000000000000213e+00,6.393125423011662744e-04,-3.340670291025737699e-04,-1.063166890681860235e-03,1.945451429484240441e-03,3.582409165956077814e-03,-6.458345550372084597e-03
-2.233333333333333393e+00,6.970115977083604381e-04,-3.641168084511493363e-04,-1.156762672410817545e-03,2.113844313604611603e-03,3.885041287690370326e-03,-6.988641679974258621e-03
-2.226666666666666572e+00,7.594447024535711833e-04,-3.966216262399431449e-04,-1.257796211721214173e-03,2.295326802244290840e-03,4.210452672776962557e-03,-7.557350512082846618e-03
-2.219999999999999751e+00,8.269561965807853974e-04,-4.317590209072616914e-04,-1.366785141396496426e-03,2.490781831214977562e-03,4.560109510369256096e-03,-8.166804977945594027e-03
-2.213333333333332931e+00,8.999116507676088381e-04,-4.697173803511422129e-04,-1.484276873112405377e-03,2.701140575162952299e-03,4.935551779814251194e-03,-8.819443044944775059e-03
-2.206666666666666554e+00,9.786988694203862301e-04,-5.106964457915201712e-04,-1.610849817130021117e-03,2.927384196179723830e-03,5.338395365598176852e-03,-9.517809612380986536e-03
-2.200000000000000178e+00,1.063728918224110575e-03,-5.549078271001428152e-04,-1.747114614830445585e-03,3.170545588491255166e-03,5.770334108467957933e-03,-1.026455820877782317e-02
-2.193333333333333357e+00,1.155437175004406193e-03,-6.025755289461810684e-04,-1.893715381142554392e-03,3.431711113063967960e-03,6.233141780451737293e-03,-1.106245246885513220e-02
-2.186666666666666536e+00,1.254284402596738323e-03,-6.539364870208193249e-04,-2.051330953660428051e-03,3.712022315544358155e-03,6.728673970888240582e-03,-1.191436736761745073e-02
-2.179999999999999716e+00,1.360757842249666260e-03,-7.092411135164012432e-04,-2.220676144987480342e-03,4.012677620526010867e-03,7.258869869975700245e-03,-1.282329018836068230e-02
-2.173333333333332895e+00,1.475372325914739609e-03,-7.687538509451822145e-04,-2.402502994580815211e-03,4.334933994714990947e-03,7.825753935770535241e-03,-1.379232120082152929e-02
-2.166666666666666519e+00,1.598671405595913919e-03,-8.327537332895935300e-04,-2.597602016102956712e-03,4.680108571144166348e-03,8.431437430008256392e-03,-1.482467402518840120e-02
-2.160000000000000142e+00,1.731228497746597648e-03,-9.015349533804023529e-04,-2.806803436019869157e-03,5.049580226171038189e-03,9.078119807588432705e-03,-1.592367565726718337e-02
-2.153333333333333321e+00,1.873648040513070873e-03,-9.754074353015354526e-04,-3.030978418915225570e-03,5.444791100584674311e-03,9.768089944066785449e-03,-1.709276612975814749e-02
-2.146666666666666501e+00,2.026566661429648510e-03,-1.054697410520912242e-03,-3.271040274722414754e-03,5.867248055747539652e-03,1.050372718503500211e-02,-1.833549778435951752e-02
-2.139999999999999680e+00,2.190654352974144483e-03,-1.139747996345741570e-03,-3.527945642809126887e-03,6.318524055310173818e-03,1.128750220084766623e-02,-1.965553412927615803e-02
-2.133333333333333304e+00,2.366615653192581919e-03,-1.230919775198716223e-03,-3.802695647585790581e-03,6.800259462663260472e-03,1.212197762978053407e-02,-2.105664825668651999e-02
-2.126666666666666483e+00,2.555190828400427834e-03,-1.328591373108796740e-03,-4.096337020050189182e-03,7.314163243935522217e-03,1.300980849238019856e-02,-2.254272079481495217e-02
-2.120000000000000107e+00,2.757157054764633897e-03,-1.433160035707189538e-03,-4.409963179427660480e-03,7.862014066009788416e-03,1.395374235949693210e-02,-2.411773736947679658e-02
-2.113333333333333286e+00,2.973329595367248373e-03,-1.545042199916157356e-03,-4.744715268820992420e-03,8.445661278716492734e-03,1.495661925628514674e-02,-2.578578555031770317e-02
-2.106666666666666465e+00,3.204562969148217182e-03,-1.664674059415894832e-03,-5.101783138548045791e-03,9.067025770076611244e-03,1.602137128431427304e-02,-2.755105125746309253e-02
-2.099999999999999645e+00,3.451752107923079533e-03,-1.792512121873357121e-03,-5.482406270619933145e-03,9.728100683207761140e-03,1.715102194386206036e-02,-2.941781460493477288e-02
-2.093333333333333268e+00,3.715833497471594717e-03,-1.929033755817143600e-03,-5.887874637599965419e-03,1.043095198328066776e-02,1.834868513846669991e-02,-3.139044515798554424e-02
-2.086666666666666448e+00,3.997786298496858876e-03,-2.074737724944833439e-03,-6.319529488885241263e-03,1.117771886272174268e-02,1.961756384389885810e-02,-3.347339658245466337e-02
-2.080000000000000071e+00,4.298633443062249704e-03,-2.230144707554138420e-03,-6.778764057270517812e-03,1.197061397270387552e-02,2.096094842388382742e-02,-3.567120066536168255e-02
-2.073333333333333250e+00,4.619442701926683090e-03,-2.395797798697381960e-03,-7.267024178489611512e-03,1.281192346885483974e-02,2.238221457516193641e-02,-3.798846068723827490e-02
-2.066666666666666430e+00,4.961327718018204540e-03,-2.572262992570773042e-03,-7.785808816284796666e-03,1.370400685904390146e-02,2.388482088482632784e-02,-4.042984412815019829e-02
-2.059999999999999609e+00,5.325449001113122076e-03,-2.760129642566273248e-03,-8.336670485431362659e-03,1.464929664108518929e-02,2.547230598332464110e-02,-4.300007469098734297e-02
-2.053333333333333233e+00,5.713014878623768993e-03,-2.960010896335231630e-03,-8.921215565044394655e-03,1.565029771822374835e-02,2.714828527705881803e-02,-4.570392362740092335e-02
-2.046666666666666856e+00,6.125282397243877672e-03,-3.172544103139872743e-03,-9.541104494419680448e-03,1.670958658035009287e-02,2.891644724516815104e-02,-4.854620035374430237e-02
-2.040000000000000036e+00,6.563558170057526807e-03,-3.398391190701963941e-03,-1.019805184361223700e-02,1.782981023902348999e-02,3.078054928583743091e-02,-5.153174234652745794e-02
-2.033333333333333215e+00,7.029199163586977162e-03,-3.638239008698021179e-03,-1.089382625093593057e-02,1.901368490457617730e-02,3.274441309833738684e-02,-5.466540430922425114e-02
-2.026666666666666394e+00,7.523613419137657916e-03,-3.892799635997970173e-03,-1.163025021957762688e-02,2.026399439382195466e-02,3.481191958797963393e-02,-5.795204660477424469e-02
-2.019999999999999574e+00,8.048260702696248201e-03,-4.162810648699817248e-03,-1.240919976556096628e-02,2.158358825720565338e-02,3.698700328225534156e-02,-6.139652295079356392e-02
-2.013333333333333197e+00,8.604653077551538409e-03,-4.449035345977268158e-03,-1.323260390936953704e-02,2.297537961460646011e-02,3.927364624762570006e-02,-6.500366737734911138e-02
-2.006666666666666821e+00,9.194355393738536109e-03,-4.752262930730898755e-03,-1.410244400364835636e-02,2.444234268944958655e-02,4.167587149774434896e-02,-6.877828045015003944e-02
-2.000000000000000000e+00,9.818985688355569286e-03,-5.073308642017080455e-03,-1.502075288954772200e-02,2.598751003128890388e-02,4.419773588531546865e-02,-7.272511476516635431e-02
-1.993333333333333179e+00,1.048021549077266662e-02,-5.413013836222903795e-03,-1.598961387445534121e-02,2.761396941759897833e-02,4.684332247132722005e-02,-7.684885972398522447e-02
-1.986666666666666359e+00,1.117977002673879207e-02,-5.772246013960423069e-03,-1.701115952408272652e-02,2.932486042615899471e-02,4.961673236704512713e-02,-8.115412560265661268e-02
-1.979999999999999982e+00,1.191942831540620563e-02,-6.151898789670113415e-03,-1.808757026213096003e-02,3.112337067012446376e-02,5.252207604590312245e-02,-8.564542693034689347e-02
-1.973333333333333162e+00,1.270102315332365117e-02,-6.552891800952046798e-03,-1.922107277105965586e-02,3.301273168866476065e-02,5.556346412428753156e-02,-9.032716519780496778e-02
-1.966666666666666341e+00,1.352644097950692764e-02,-6.976170554684381180e-03,-2.041393818782210462e-02,3.499621448689617387e-02,5.874499761216829541e-02,-9.520361091943295440e-02
-1.959999999999999964e+00,1.439762161577666510e-02,-7.422706207042633307e-03,-2.166848008880969262e-02,3.707712471976009477e-02,6.207075763658718992e-02,-1.002788850766343359e-01
-1.953333333333333144e+00,1.531655787665951556e-02,-7.893495274600486819e-03,-2.298705225866969071e-02,3.925879751548351504e-02,6.554479464316068094e-02,-1.055569399740675235e-01
-1.946666666666666323e+00,1.628529504328139407e-02,-8.389559273773581488e-03,-2.437204623812292206e-02,4.154459193531335331e-02,6.917111708298849526e-02,-1.110415395444475234e-01
-1.939999999999999947e+00,1.730593019583996639e-02,-8.911944285962342116e-03,-2.582588864641108956e-02,4.393788506733486282e-02,7.295367959467277674e-02,-1.167362391415974476e-01
-1.933333333333333126e+00,1.838061139942959166e-02,-9.461720445858624179e-03,-2.735103827454779535e-02,4.644206575336607551e-02,7.689637069353852383e-02,-1.226443648655341084e-01
-1.926666666666666750e+00,1.951153673820489598e-02,-1.003998135050378042e-02,-2.894998294613151252e-02,4.906052794916233167e-02,8.100299998259727352e-02,-1.287689924674606523e-01
-1.919999999999999929e+00,2.070095319311018520e-02,-1.064784338682310712e-02,-3.062523614310272771e-02,5.179666371946435588e-02,8.527728490230236658e-02,-1.351129258866146654e-01
-1.913333333333333108e+00,2.195115535867066259e-02,-1.128644497551311611e-02,-3.237933339448959696e-02,5.465385587077710439e-02,8.972283703869936289e-02,-1.416786754749597144e-01
-1.906666666666666732e+00,2.326448399463811739e-02,-1.195694572932416364e-02,-3.421482842688635534e-02,5.763547022617072219e-02,9.434314801216561741e-02,-1.484684359696927802e-01
-1.899999999999999911e+00,2.464332440860841564e-02,-1.266052552396118580e-02,-3.613428907614396612e-02,6.074484754784618273e-02,9.914157497155208498e-02,-1.554840642774460990e-01
-1.893333333333333091e+00,2.609010466608053386e-02,-1.339838348001962283e-02,-3.814029296052236229e-02,6.398529511470037179e-02,1.041213257211738435e-01,-1.627270571378669761e-01
-1.886666666666666714e+00,2.760729362480652746e-02,-1.417173685458187823e-02,-4.023542291635566481e-02,6.736007796365600653e-02,1.092854435107350891e-01,-1.701985287379411960e-01
-1.879999999999999893e+00,2.919739879068846550e-02,-1.498181984132148162e-02,-4.242226219811396498e-02,7.087240980508351107e-02,1.146367915209039884e-01,-1.778991883519599748e-01
-1.873333333333333073e+00,3.086296399291143730e-02,-1.582988227819707647e-02,-4.470338944560547922e-02,7.452544362423035862e-02,1.201780370798641029e-01,-1.858293180853960169e-01
-1.866666666666666696e+00,3.260656687646005386e-02,-1.671718826206620989e-02,-4.708137342194838176e-02,7.832226198218247837e-02,1.259116356487460509e-01,-1.939887508041238384e-01
-1.859999999999999876e+00,3.443081621064913306e-02,-1.764501466980875413e-02,-4.955876752684940101e-02,8.226586703150520763e-02,1.318398146163745344e-01,-2.023768483333739099e-01
-1.853333333333333055e+00,3.633834901280610929e-02,-1.861464958582149595e-02,-5.213810409065422480e-02,8.635917026334206936e-02,1.379645569462365773e-01,-2.109924800135239698e-01
-1.846666666666666679e+00,3.833182748677192719e-02,-1.962739063602790893e-02,-5.482188845557834506e-02,9.060498200438139860e-02,1.442875847209757478e-01,-2.198340017022812065e-01
-1.839999999999999858e+00,4.041393577643744017e-02,-2.068454322883988769e-02,-5.761259285148388753e-02,9.500600068372584694e-02,1.508103426320273055e-01,-2.288992353149731374e-01
-1.833333333333333037e+00,4.258737653510265980e-02,-2.178741870381029067e-02,-6.051265007453474759e-02,9.956480189131190761e-02,1.575339814642193470e-01,-2.381854489965262167e-01
-1.826666666666666661e+00,4.485486731203408572e-02,-2.293733238902582322e-02,-6.352444697803369400e-02,1.042838272511166370e-01,1.644593416272592812e-01,-2.476893380202394579e-01
-1.819999999999999840e+00,4.721913675819996298e-02,-2.413560156860787217e-02,-6.665031778571992027e-02,1.091653731339515543e-01,1.715869367879918617e-01,-2.574070065096462634e-01
-1.813333333333333020e+00,4.968292065378226985e-02,-2.538354336201346928e-02,-6.989253723877622559e-02,1.142115792361681342e-01,1.789169376591381866e-01,-2.673339500805735902e-01
-1.806666666666666643e+00,5.224895776069567871e-02,-2.668247251715882840e-02,-7.325331358876158161e-02,1.194244170520809140e-01,1.864491560018929905e-01,-2.774650395009444770e-01
-1.799999999999999822e+00,5.491998550398562162e-02,-2.803369911972199841e-02,-7.673478144963839787e-02,1.248056782693428568e-01,1.941830289012574651e-01,-2.877945054659019064e-01
-1.793333333333333002e+00,5.769873548662755869e-02,-2.943852622131879621e-02,-8.033899452300517774e-02,1.303569631178759514e-01,2.021176033743027067e-01,-2.983159245854563046e-01
-1.786666666666666625e+00,6.058792884290576525e-02,-3.089824738958543704e-02,-8.406791821156495148e-02,1.360796687042608588e-01,2.102515213726822429e-01,-3.090222066810502932e-01
-1.779999999999999805e+00,6.359027143620908651e-02,-3.241414418354097299e-02,-8.792342213675767570e-02,1.419749773647130398e-01,2.185830052416328495e-01,-3.199055834861934677e-01
-1.773333333333332984e+00,6.670844890774151048e-02,-3.398748355794192072e-02,-9.190727257735319122e-02,1.480438450709154197e-01,2.271098436984051727e-01,-3.309575988446279426e-01
-1.766666666666666607e+00,6.994512158330472296e-02,-3.561951520067820759e-02,-9.602112484663836989e-02,1.542869899240255915e-01,2.358293783935426768e-01,-3.421691004973412831e-01
-1.759999999999999787e+00,7.330291924596356312e-02,-3.731146880759309004e-02,-1.002665156266305951e-01,1.607048807731288331e-01,2.447384911186690215e-01,-3.535302335471399160e-01
-1.753333333333333410e+00,7.678443578305416128e-02,-3.906455129943799121e-02,-1.046448552785088359e-01,1.672977259952535267e-01,2.538335917244408102e-01,-3.650304356864300104e-01
-1.746666666666666590e+00,8.039222371663155842e-02,-4.087994398599545387e-02,-1.091574201491647272e-01,1.740654624747992874e-01,2.631106068120679375e-01,-3.766584342703248600e-01
-1.739999999999999769e+00,8.412878862708025873e-02,-4.275879968271761866e-02,-1.138053448944390811e-01,1.810077448208450013e-01,2.725649692612904795e-01,-3.884022453132088271e-01
-1.733333333333333393e+00,8.799658348022137977e-02,-4.470223978553241467e-02,-1.185896148402175443e-01,1.881239348612922524e-01,2.821916086569250526e-01,-4.002491744824405173e-01
-1.726666666666666572e+00,9.199800286884315947e-02,-4.671135130976455246e-02,-1.235110584031090114e-01,1.954130914531631569e-01,2.919849426750464327e-01,-4.121858201579845504e-01
-1.719999999999999751e+00,9.613537718015351119e-02,-4.878718389939992739e-02,-1.285703395929192749e-01,2.028739606485943370e-01,3.019388694885558611e-01,-4.241980786214215038e-01
-1.713333333333333375e+00,1.004109667012021700e-01,-5.093074681319130492e-02,-1.337679506195552648e-01,2.105049662561558343e-01,3.120467612502955124e-01,-4.362711514320220529e-01
-1.706666666666666554e+00,1.048269556748430004e-01,-5.314300589435667216e-02,-1.391042046273496258e-01,2.183042008370634224e-01,3.223014587100055395e-01,-4.483895550413864450e-01
-1.699999999999999734e+00,1.093854463193008053e-01,-5.542488053085935923e-02,-1.445792285800770183e-01,2.262694171756474415e-01,3.326952670192815376e-01,-4.605371326915728147e-01
-1.693333333333333357e+00,1.140884528248696933e-01,-5.777724061347896956e-02,-1.501929563201415407e-01,2.343980202630831788e-01,3.432199527762823110e-01,-4.726970686346732009e-01
-1.686666666666666536e+00,1.189378953416997120e-01,-6.020090349908348293e-02,-1.559451218255432925e-01,2.426870598328780826e-01,3.538667423592583017e-01,-4.848519047044795305e-01
-1.679999999999999716e+00,1.239355939730203415e-01,-6.269663098669400747e-02,-1.618352526882826659e-01,2.511332234859458001e-01,3.646263215950322212e-01,-4.969835592632251275e-01
-1.673333333333333339e+00,1.290832627885048489e-01,-6.526512631409396581e-02,-1.678626638378273028e-01,2.597328304422776846e-01,3.754888368053628245e-01,-5.090733485384225654e-01
-1.666666666666666519e+00,1.343825038727926580e-01,-6.790703118287202966e-02,-1.740264515331513828e-01,2.684818259552439468e-01,3.864438972706735753e-01,-5.211020103565733308e-01
-1.659999999999999698e+00,1.398348014244580328e-01,-7.062292281990330267e-02,-1.803254876466547085e-01,2.773757764234275891e-01,3.974805791469386285e-01,-5.330497302720277331e-01
-1.653333333333333321e+00,1.454415159209402619e-01,-7.341331108336308919e-02,-1.867584142629812038e-01,2.864098652336045103e-01,4.085874308675949695e-01,-5.448961700805555752e-01
-1.646666666666666501e+00,1.512038783651302176e-01,-7.627863562143380460e-02,-1.933236386153813213e-01,2.955788893670464046e-01,4.197524800582078108e-01,-5.566204986982858927e-01
-1.639999999999999680e+00,1.571229846294407428e-01,-7.921926309190516213e-02,-2.000193283818015588e-01,3.048772567997333205e-01,4.309632419872660991e-01,-5.682014253776230817e-01
-1.633333333333333304e+00,1.631997899132711649e-01,-8.223548445088121883e-02,-2.068434073623336977e-01,3.142989847253260249e-01,4.422067295719409041e-01,-5.796172352225761326e-01
-1.626666666666666483e+00,1.694351033298086284e-01,-8.532751231879463771e-02,-2.137935515590202451e-01,3.238376986278702629e-01,4.534694649529186217e-01,-5.908458269567014032e-01
-1.619999999999999662e+00,1.758295826380895099e-01,-8.849547843188791674e-02,-2.208671856782909726e-01,3.334866322291885621e-01,4.647374926475343893e-01,-6.018647528875776809e-01
-1.613333333333333286e+00,1.823837291361735113e-01,-9.173943118725245982e-02,-2.280614800754968696e-01,3.432386283337641175e-01,4.759963942854014141e-01,-6.126512610024605898e-01
-1.606666666666666465e+00,1.890978827311564359e-01,-9.505933328942128835e-02,-2.353733481601182342e-01,3.530861405916471130e-01,4.872313049255764805e-01,-6.231823391205374429e-01
-1.599999999999999645e+00,1.959722172015724295e-01,-9.845505950638525072e-02,-2.427994442792520691e-01,3.630212361975176938e-01,4.984269309490336197e-01,-6.334347610180585120e-01
-1.593333333333333268e+00,2.030067356675020196e-01,-1.019263945427523188e-01,-2.503361620959328460e-01,3.730355995415304271e-01,5.095675695148674800e-01,-6.433851344336131151e-01
-1.586666666666666448e+00,2.102012662834184531e-01,-1.054730310375880109e-01,-2.579796334777139100e-01,3.831205368249546717e-01,5.206371295632262752e-01,-6.530099508519752183e-01
-1.579999999999999627e+00,2.175554581684665534e-01,-1.090945676942682990e-01,-2.657257279097383074e-01,3.932669816509160032e-01,5.316191543425078381e-01,-6.622856369563160372e-01
-1.573333333333333250e+00,2.250687775884754327e-01,-1.127905075494411852e-01,-2.735700524452561733e-01,4.034655015977502979e-01,5.424968454328610301e-01,-6.711886076302046034e-01
-1.566666666666666430e+00,2.327405044035637249e-01,-1.165602563879314379e-01,-2.815079522052142402e-01,4.137063057796095400e-01,5.532530882325440436e-01,-6.796953203827439394e-01
-1.560000000000000053e+00,2.405697287947014262e-01,-1.204031213101358494e-01,-2.895345114371433159e-01,4.239792533960225485e-01,5.638704788682169511e-01,-6.877823310624417985e-01
-1.553333333333333233e+00,2.485553482820452575e-01,-1.243183094581422621e-01,-2.976445551421182945e-01,4.342738632691181544e-01,5.743313524848194795e-01,-6.954263507180492576e-01
-1.546666666666666412e+00,2.566960650472743799e-01,-1.283049269064688302e-01,-3.058326512770575545e-01,4.445793243641794068e-01,5.846178128653228834e-01,-7.026043034576465729e-01
-1.540000000000000036e+00,2.649903835715079481e-01,-1.323619777229580463e-01,-3.140931135380767292e-01,4.548845072861268934e-01,5.947117633253725666e-01,-7.092933851507495779e-01
-1.533333333333333215e+00,2.734366085997034235e-01,-1.364883632049762041e-01,-3.224200047290162741e-01,4.651779767414302991e-01,6.045949388226803389e-01,-7.154711228121873878e-01
-1.526666666666666394e+00,2.820328434417024854e-01,-1.406828812956631702e-01,-3.308071407176296774e-01,4.754480049518453044e-01,6.142489392159985462e-01,-7.211154345010015732e-01
-1.520000000000000018e+00,2.907769886193214970e-01,-1.449442261845519941e-01,-3.392480949802580970e-01,4.856825860032672471e-01,6.236552636036415409e-01,-7.262046895626644849e-01
-1.513333333333333197e+00,2.996667408680734890e-01,-1.492709880964331881e-01,-3.477362037341288348e-01,4.958694511099031033e-01,6.327953456668349297e-01,-7.307177690385335822e-01
-1.506666666666666377e+00,3.086995925012627762e-01,-1.536616532718759198e-01,-3.562645716547095387e-01,5.059960847708979692e-01,6.416505899386819589e-01,-7.346341260626939595e-01
-1.500000000000000000e+00,3.178728311433117182e-01,-1.581146041423412418e-01,-3.648260781738310587e-01,5.160497417935262510e-01,6.502024089152720343e-01,-7.379338460631946761e-01
-1.493333333333333179e+00,3.271835398382724747e-01,-1.626281197023288216e-01,-3.734133843525682117e-01,5.260174651540804325e-01,6.584322609214302569e-01,-7.405977065821932603e-01
-1.486666666666666359e+00,3.366285975385344686e-01,-1.672003760804946226e-01,-3.820189403211411427e-01,5.358861046646756776e-01,6.663216886398397598e-01,-7.426072365277007759e-01
-1.479999999999999982e+00,3.462046799777781514e-01,-1.718294473111596776e-01,-3.906349932763844013e-01,5.456423364113464070e-01,6.738523582087830865e-01,-7.439447746684795248e-01
-1.473333333333333162e+00,3.559082609312401169e-01,-1.765133063071056274e-01,-3.992535960256229921e-01,5.552726829260558050e-01,6.810060987905486307e-01,-7.445935271832033742e-01
-1.466666666666666341e+00,3.657356138653530819e-01,-1.812498260340193457e-01,-4.078666160641118421e-01,5.647635340525806180e-01,6.877649425096732383e-01,-7.445376240752574759e-01
-1.459999999999999964e+00,3.756828139778063402e-01,-1.860367808864103190e-01,-4.164657451715333969e-01,5.741011684636779799e-01,6.941111646576212380e-01,-7.437621742655301516e-01
-1.453333333333333144e+00,3.857457406280470069e-01,-1.908718482642822456e-01,-4.250425095114212515e-01,5.832717757845115036e-01,7.000273240582877143e-01,-7.422533191772433536e-01
-1.446666666666666323e+00,3.959200801572042572e-01,-1.957526103492967517e-01,-4.335882802157883242e-01,5.922614792750052759e-01,7.054963034868333427e-01,-7.399982846292827432e-01
-1.439999999999999947e+00,4.062013290953804812e-01,-2.006765560786227531e-01,-4.420942844356934853e-01,6.010563590216257968e-01,7.105013500328488663e-01,-7.369854308576037072e-01
-1.433333333333333126e+00,4.165847977532151081e-01,-2.056410833141230354e-01,-4.505516168369851360e-01,6.096424755870731849e-01,7.150261152976969958e-01,-7.332043004881265702e-01
-1.426666666666666305e+00,4.270656141935874617e-01,-2.106435012039918342e-01,-4.589512515190226072e-01,6.180058940644932441e-01,7.190546953151144560e-01,-7.286456642890545288e-01
-1.419999999999999929e+00,4.376387285783003289e-01,-2.156810327334249544e-01,-4.672840543327987928e-01,6.261327084811224575e-01,7.225716700837592210e-01,-7.233015645357582235e-01
-1.413333333333333108e+00,4.482989178835617428e-01,-2.207508174603798057e-01,-4.755407955735776460e-01,6.340090664947419796e-01,7.255621426003886487e-01,-7.171653558272440554e-01
-1.406666666666666288e+00,4.590407909770839456e-01,-2.258499144319671970e-01,-4.837121630219206603e-01,6.416211943249647831e-01,7.280117772827316980e-01,-7.102317431997496877e-01
-1.399999999999999911e+00,4.698587940486269043e-01,-2.309753052765136649e-01,-4.917887753058169942e-01,6.489554218602028302e-01,7.299068376718889084e-01,-7.024968173901530166e-01
-1.393333333333333091e+00,4.807472163848500180e-01,-2.361238974658433354e-01,-4.997611955555483765e-01,6.559982078801800398e-01,7.312342233052461227e-01,-6.939580871096301395e-01
-1.386666666666666714e+00,4.917001964783950241e-01,-2.412925277418515313e-01,-5.076199453219268909e-01,6.627361653330592350e-01,7.319815056524273666e-01,-6.846145081963195267e-01
-1.379999999999999893e+00,5.027117284602085068e-01,-2.464779657009849856e-01,-5.153555187276336325e-01,6.691560866056562862e-01,7.321369630087319891e-01,-6.744665095246036302e-01
-1.373333333333333073e+00,5.137756688432301155e-01,-2.516769175298014805e-01,-5.229583968205766542e-01,6.752449687248162080e-01,7.316896142427871119e-01,-6.635160155579939989e-01
-1.366666666666666696e+00,5.248857435647243941e-01,-2.568860298843611001e-01,-5.304190620974599257e-01,6.809900384278199104e-01,7.306292512978044273e-01,-6.517664654424401016e-01
-1.359999999999999876e+00,5.360355553137208240e-01,-2.621018939058017971e-01,-5.377280131651416273e-01,6.863787770397009602e-01,7.289464703488451880e-01,-6.392228285471605043e-01
-1.353333333333333055e+00,5.472185911292551941e-01,-2.673210493640738594e-01,-5.448757795068318588e-01,6.913989450955466687e-01,7.266327015218507768e-01,-6.258916163707649583e-01
-1.346666666666666679e+00,5.584282302543759346e-01,-2.725399889214532023e-01,-5.518529363197653970e-01,6.960386066462649346e-01,7.236802370838898435e-01,-6.117808907414561403e-01
-1.339999999999999858e+00,5.696577522301925489e-01,-2.777551625071263408e-01,-5.586501193906655560e-01,7.002861531869011280e-01,7.200822580180854526e-01,-5.969002682514376046e-01
-1.333333333333333037e+00,5.809003452136008994e-01,-2.829629817938360548e-01,-5.652580399751060414e-01,7.041303271473865477e-01,7.158328589009987919e-01,-5.812609208772532288e-01
-1.326666666666666661e+00,5.921491145017363511e-01,-2.881598247672987889e-01,-5.716674996467698833e-01,7.075602448865979666e-01,7.109270710048540831e-01,-5.648755727496039825e-01
-1.319999999999999840e+00,6.033970912456604330e-01,-2.933420403788608577e-01,-5.778694050826029827e-01,7.105654191317869461e-01,7.053608835518654363e-01,-5.477584930481829151e-01
-1.313333333333333020e+00,6.146372413353011765e-01,-2.985059532716353714e-01,-5.838547827499654952e-01,7.131357808068119475e-01,6.991312630530539529e-01,-5.299254850091933422e-01
-1.306666666666666643e+00,6.258624744372327520e-01,-3.036478685701760605e-01,-5.896147934620890041e-01,7.152617001941532493e-01,6.922361706693102024e-01,-5.113938710454155601e-01
-1.299999999999999822e+00,6.370656531665034317e-01,-3.087640767235798611e-01,-5.951407467684600716e-01,7.169340073774169708e-01,6.846745775380330690e-01,-4.921824739909204660e-01
-1.293333333333333002e+00,6.482396023733933976e-01,-3.138508583917812289e-01,-6.004241151471656490e-01,7.181440119129260946e-01,6.764464780144445744e-01,-4.723115944947477995e-01
-1.286666666666666625e+00,6.593771185257211176e-01,-3.189044893646990064e-01,-6.054565479667451955e-01,7.188835216810494089e-01,6.675529007826203065e-01,-4.518029846000177763e-01
-1.279999999999999805e+00,6.704709791671068508e-01,-3.239212455038282257e-01,-6.102298851857081985e-01,7.191448608701264122e-01,6.579959177973636608e-01,-4.306798175569890863e-01
-1.273333333333332984e+00,6.815139524314496322e-01,-3.288974076958294801e-01,-6.147361707585805579e-01,7.189208870481932356e-01,6.477786510242639073e-01,-4.089666539304594450e-01
-1.266666666666666607e+00,6.924988065937796033e-01,-3.338292668076582870e-01,-6.189676657181399921e-01,7.182050072802008689e-01,6.369052769515931578e-01,-3.866894040735863181e-01
-1.259999999999999787e+00,7.034183196376151415e-01,-3.387131286328007307e-01,-6.229168609043934657e-01,7.169911932510304453e-01,6.253810288540884166e-01,-3.638752870516386295e-01
-1.253333333333332966e+00,7.142652888189674476e-01,-3.435453188182314155e-01,-6.265764893118132006e-01,7.152739953573307163e-01,6.132121967951140729e-01,-3.405527861103321285e-01
-1.246666666666666590e+00,7.250325402072240744e-01,-3.483221877617918572e-01,-6.299395380274133149e-01,7.130485557340419112e-01,6.004061253601757908e-01,-3.167516007942088319e-01
-1.239999999999999769e+00,7.357129381832664405e-01,-3.530401154697974664e-01,-6.329992597333693460e-01,7.103106201843925049e-01,5.869712091212400118e-01,-2.925025958309552809e-01
-1.233333333333332948e+00,7.462993948753723350e-01,-3.576955163648209424e-01,-6.357491837490987230e-01,7.070565489851721175e-01,5.729168858377822193e-01,-2.678377469075790551e-01
-1.226666666666666572e+00,7.567848795136953299e-01,-3.622848440337662068e-01,-6.381831265889841287e-01,7.032833265421610802e-01,5.582536274069118676e-01,-2.427900834739353808e-01
-1.219999999999999751e+00,7.671624276844100088e-01,-3.668045959065411865e-01,-6.402952020132651745e-01,6.989885698737541286e-01,5.429929285812844508e-01,-2.173936287181879035e-01
-1.213333333333333375e+00,7.774251504649584144e-01,-3.712513178558582982e-01,-6.420798305510145854e-01,6.941705359040039047e-01,5.271472934797900578e-01,-1.916833368673655502e-01
-1.206666666666666554e+00,7.875662434222310271e-01,-3.756216087089356281e-01,-6.435317484755646023e-01,6.888281275495510281e-01,5.107302199221731565e-01,-1.656950279742099574e-01
-1.199999999999999734e+00,7.975789954559627803e-01,-3.799121246621436354e-01,-6.446460162142483297e-01,6.829608985881684413e-01,4.937561816247809654e-01,-1.394653203589689971e-01
-1.193333333333333357e+00,8.074567974701098994e-01,-3.841195835899315902e-01,-6.454180261758548642e-01,6.765690572999319974e-01,4.762406083005233937e-01,-1.130315608816580136e-01
-1.186666666666666536e+00,8.171931508555172474e-01,-3.882407692396851462e-01,-6.458435099807762203e-01,6.696534688753066344e-01,4.581998637118486206e-01,-8.643175322655868853e-02
-1.179999999999999716e+00,8.267816757677527439e-01,-3.922725353045004026e-01,-6.459185450804291184e-01,6.622156565877223011e-01,4.396512217310663551e-01,-5.970448438633568083e-02
-1.173333333333333339e+00,8.362161191846109176e-01,-3.962118093662132523e-01,-6.456395607541668413e-01,6.542578017314668593e-01,4.206128404676749422e-01,-3.288884953811158085e-02
-1.166666666666666519e+00,8.454903627284320322e-01,-4.000555967013957881e-01,-6.450033434735504834e-01,6.457827423289601576e-01,4.011037345274456323e-01,-6.024375508131039197e-03
-1.159999999999999698e+00,8.545984302390758902e-01,-4.038009839434199555e-01,-6.440070416255124774e-01,6.367939706146584777e-01,3.811437454728754393e-01,2.084905697473843356e-02
-1.153333333333333321e+00,8.635344950841067346e-01,-4.074451425940918137e-01,-6.426481695876219424e-01,6.272956293059855915e-01,3.607535105592261093e-01,4.769129203349069257e-02
-1.146666666666666501e+00,8.722928871934918504e-01,-4.109853323787766577e-01,-6.409246111503381638e-01,6.172925066747634304e-01,3.399544298246984231e-01,7.446197820003026824e-02
-1.139999999999999680e+00,8.808680998068948442e-01,-4.144189044393652988e-01,-6.388346222828140686e-01,6.067900304356305119e-01,3.187686316173476420e-01,1.011206485678152744e-01
-1.133333333333333304e+00,8.892547959224349485e-01,-4.177433043598705042e-01,-6.363768332404772243e-01,5.957942604708655887e-01,2.972189366451091219e-01,1.276268013322620631e-01
-1.126666666666666483e+00,8.974478144366097032e-01,-4.209560750198904078e-01,-6.335502500142691229e-01,5.843118804138816014e-01,2.753288206387610737e-01,1.539399805109047670e-01
-1.119999999999999662e+00,9.054421759659078139e-01,-4.240548592716339438e-01,-6.303542551230613133e-01,5.723501881164025917e-01,2.531223757208057035e-01,1.800198566358078567e-01
-1.113333333333333286e+00,9.132330883414919720e-01,-4.270374024366627719e-01,-6.267886077523706634e-01,5.599170850269779010e-01,2.306242705760802592e-01,2.058263072119066728e-01
-1.106666666666666465e+00,9.208159517691952844e-01,-4.299015546189701720e-01,-6.228534432440876456e-01,5.470210645110258341e-01,2.078597095224213043e-01,2.313194967367850075e-01
-1.099999999999999645e+00,9.281863636479417146e-01,-4.326452728314895135e-01,-6.185492719434702025e-01,5.336711991450080461e-01,1.848543905818867683e-01,2.564599560798784816e-01
-1.093333333333333268e+00,9.353401230405860023e-01,-4.352666229335901416e-01,-6.138769774111765276e-01,5.198771270196281824e-01,1.616344626548931185e-01,2.812086610222019334e-01
-1.086666666666666448e+00,9.422732347920387275e-01,-4.377637813775925313e-01,-6.088378140095698221e-01,5.056490370891080222e-01,1.382264819011413959e-01,3.055271097614151721e-01
-1.079999999999999627e+00,9.489819132904374621e-01,-4.401350367628006355e-01,-6.034334038739598283e-01,4.909976536056144814e-01,1.146573674323926595e-01,3.293773991913484522e-01
-1.073333333333333250e+00,9.554625858679892669e-01,-4.423787911960148644e-01,-5.976657332808096301e-01,4.759342196797976543e-01,9.095435642300574164e-02,3.527222997699816509e-01
-1.066666666666666430e+00,9.617118958389990757e-01,-4.444935614579511030e-01,-5.915371484262644808e-01,4.604704800101363515e-01,6.714495874467057979e-02,3.755253287952817765e-01
-1.059999999999999609e+00,9.677267051734527170e-01,-4.464779799754435841e-01,-5.850503506296150791e-01,4.446186628253802620e-01,4.325691123196646198e-02,3.977508219142331658e-01
-1.053333333333333233e+00,9.735040968053909616e-01,-4.483307955997606897e-01,-5.782083909775133090e-01,4.283914610858196026e-01,1.931813168524456822e-02,4.193640026968047385e-01
-1.046666666666666412e+00,9.790413765761482034e-01,-4.500508741917987332e-01,-5.710146644258993209e-01,4.118020129904000348e-01,-4.643327283111909828e-03,4.403310501134706234e-01
-1.039999999999999591e+00,9.843360748133664906e-01,-4.516371990153504878e-01,-5.634729033776736395e-01,3.948638818378370496e-01,-2.859932445375429344e-02,4.606191637621932511e-01
-1.033333333333333215e+00,9.893859475475004217e-01,-4.530888709400660019e-01,-5.555871707551516270e-01,3.775910352908620760e-01,-5.252167615252660571e-02,4.801966266984685761e-01
-1.026666666666666394e+00,9.941889773683332265e-01,-4.544051084561265275e-01,-5.473618525872860907e-01,3.599978240935591822e-01,-7.638220224683595072e-02,4.990328657300815429e-01
-1.020000000000000018e+00,9.987433739247871811e-01,-4.555852475030526816e-01,-5.388016501325002539e-01,3.420989602924168760e-01,-1.001527718849961612e-01,5.170985090465942680e-01
-1.013333333333333197e+00,1.003047574072070569e+00,-4.566287411154447695e-01,-5.299115715587781050e-01,3.239094950122381467e-01,-1.238053488792210804e-01,5.343654410622619144e-01
-1.006666666666666377e+00,1.007100241670922935e+00,-4.575351588888226795e-01,-5.206969232033776818e-01,3.054447958384099437e-01,-1.473120366351225730e-01,5.508068543599924372e-01
-1.000000000000000000e+00,1.010900267044422041e+00,-4.583041862690827584e-01,-5.111633004351829879e-01,2.867205238572442250e-01,-1.706451225329984056e-01,5.663972986331207160e-01
-9.933333333333331794e-01,1.014446766098487718e+00,-4.589356236694245861e-01,-5.013165781432834534e-01,2.677526104061656587e-01,-1.937771216688635723e-01,5.811127265310956913e-01
-9.866666666666663588e-01,1.017739079112858880e+00,-4.594293854189211435e-01,-4.911629008758723325e-01,2.485572335854321357e-01,-2.166808198660736262e-01,5.949305363246741862e-01
-9.799999999999999822e-01,1.020776769209930990e+00,-4.597854985472040745e-01,-4.807086726539767096e-01,2.291507945828484549e-01,-2.393293158714929203e-01,6.078296113158117020e-01
-9.733333333333331616e-01,1.023559620509425061e+00,-4.600041014100221815e-01,-4.699605464848867764e-01,2.095498938625640628e-01,-2.616960626534649004e-01,6.197903559271303875e-01
-9.666666666666663410e-01,1.026087635977399604e+00,-4.600854421606953015e-01,-4.589254136004244922e-01,1.897713072685432156e-01,-2.837549077223263660e-01,6.307947284155727141e-01
-9.599999999999999645e-01,1.028361034978636734e+00,-4.600298770727339615e-01,-4.476103924454013505e-01,1.698319620926612983e-01,-3.054801323978602601e-01,6.408262701645947024e-01
-9.533333333333331439e-01,1.030380250541911291e+00,-4.598378687191201353e-01,-4.360228174417419278e-01,1.497489131566206166e-01,-3.268464899518868649e-01,6.498701315189779892e-01
-9.466666666666663232e-01,1.032145926348094989e+00,-4.595099840139581504e-01,-4.241702275538128952e-01,1.295393189559984892e-01,-3.478292425581346325e-01,6.579130941360081808e-01
-9.399999999999999467e-01,1.033658913451459771e+00,-4.590468921223899157e-01,-4.120603546804928463e-01,1.092204179137425263e-01,-3.684041969855951226e-01,6.649435898363568187e-01
-9.333333333333331261e-01,1.034920266744915995e+00,-4.584493622448411743e-01,-3.997011118994356904e-01,8.880950478932285452e-02,-3.885477389757314159e-01,6.709517159474687187e-01
-9.266666666666663055e-01,1.035931241180261475e+00,-4.577182612818164742e-01,-3.871005815888459156e-01,6.832390728853919570e-02,-4.082368662481711818e-01,6.759292471415936365e-01
-9.199999999999999289e-01,1.036693287754818504e+00,-4.568545513855917783e-01,-3.742670034518743027e-01,4.778096291767398168e-02,-4.274492200838409528e-01,6.798696437797425718e-01
-9.133333333333331083e-01,1.037208049276099331e+00,-4.558592874052658783e-01,-3.612087624684781062e-01,2.719799612428211097e-02,-4.461631154388922549e-01,6.827680567818126267e-01
-9.066666666666662877e-01,1.037477355916379906e+00,-4.547336142317264795e-01,-3.479343767992633119e-01,6.592295765424321767e-03,-4.643575695471988674e-01,6.846213290518470274e-01
-8.999999999999999112e-01,1.037503220569246265e+00,-4.534787640491587668e-01,-3.344524856654434997e-01,-1.401890705741190221e-02,-4.820123289736663597e-01,6.854279934958759091e-01
-8.933333333333330906e-01,1.037287834020344857e+00,-4.520960534997852109e-01,-3.207718372286122444e-01,-3.461846075909394416e-02,-4.991078950850670881e-01,6.851882676779981196e-01
-8.866666666666662699e-01,1.036833559944694949e+00,-4.505868807685570188e-01,-3.069012764935390991e-01,-5.518931459141754314e-02,-5.156255479095841476e-01,6.839040451682629751e-01
-8.799999999999998934e-01,1.036142929743008478e+00,-4.489527225945437183e-01,-2.928497332566603606e-01,-7.571453948931834710e-02,-5.315473683607055966e-01,6.815788836435320297e-01
-8.733333333333330728e-01,1.035218637229520233e+00,-4.471951312157669278e-01,-2.786262101223521692e-01,-9.617734841037642313e-02,-5.468562588055354556e-01,6.782179898097527859e-01
-8.666666666666662522e-01,1.034063533183867900e+00,-4.453157312542102564e-01,-2.642397706084500530e-01,-1.165611161371211540e-01,-5.615359619619699760e-01,6.738282012210153882e-01
-8.599999999999998757e-01,1.032680619779541509e+00,-4.433162165477091410e-01,-2.496995273618091149e-01,-1.368493985135343094e-01,-5.755710781135182641e-01,6.684179650773185433e-01
-8.533333333333330550e-01,1.031073044901392732e+00,-4.411983469353751297e-01,-2.350146305039996775e-01,-1.570259510890711641e-01,-5.889470806348086063e-01,6.619973140891679542e-01
-8.466666666666666785e-01,1.029244096364631211e+00,-4.389639450031498913e-01,-2.201942561264940423e-01,-1.770747471454648392e-01,-6.016503298249985532e-01,6.545778395029276941e-01
-8.399999999999998579e-01,1.027197196047632488e+00,-4.366148927960077364e-01,-2.052475949539331879e-01,-1.969799950835433855e-01,-6.136680850504047102e-01,6.461726613862639468e-01
-8.333333333333330373e-01,1.024935893950763344e+00,-4.341531285032345644e-01,-1.901838411932681716e-01,-2.167261551492642158e-01,-6.249885152016574352e-01,6.367963962780277543e-01
-8.266666666666666607e-01,1.022463862193281559e+00,-4.315806431231068996e-01,-1.750121815857494378e-01,-2.362979554801521997e-01,-6.356007074745659846e-01,6.264651223115216272e-01
-8.199999999999998401e-01,1.019784888960194147e+00,-4.288994771131832140e-01,-1.597417846778984574e-01,-2.556804074553067352e-01,-6.454946744876431941e-01,6.151963419242892916e-01
-8.133333333333330195e-01,1.016902872410751835e+00,-4.261117170322846759e-01,-1.443817903267342884e-01,-2.748588203341186809e-01,-6.546613597528755379e-01,6.030089422713367231e-01
-8.066666666666666430e-01,1.013821814560047496e+00,-4.232194921801098464e-01,-1.289412994536549839e-01,-2.938188151707973872e-01,-6.630926415198206136e-01,5.899231534620557049e-01
-7.999999999999998224e-01,1.010545815144934467e+00,-4.202249712402750803e-01,-1.134293640604851910e-01,-3.125463379937551966e-01,-6.707813350164721911e-01,5.759605047440560233e-01
-7.933333333333330017e-01,1.007079065485221969e+00,-4.171303589324125705e-01,-9.785497752030501706e-02,-3.310276722408151961e-01,-6.777211931135459499e-01,5.611437787596443849e-01
-7.866666666666666252e-01,1.003425842350825103e+00,-4.139378926787927737e-01,-8.222706515477234968e-02,-3.492494504431042368e-01,-6.839069054418863702e-01,5.454969640028008993e-01
-7.799999999999998046e-01,9.995905018452406754e-01,-4.106498392907576567e-01,-6.655447510874260009e-02,-3.671986651523532763e-01,-6.893340959955986946e-01,5.290452056062089348e-01
-7.733333333333329840e-01,9.955774733154161282e-01,-4.072684916800713983e-01,-5.084596953208281311e-02,-3.848626791081514731e-01,-6.939993192562350366e-01,5.118147545892092198e-01
-7.666666666666666075e-01,9.913912532977385839e-01,-4.037961656001003430e-01,-3.511021607766898894e-02,-4.022292346434849786e-01,-6.979000548759329847e-01,4.938329156984508361e-01
-7.599999999999997868e-01,9.870363995095350340e-01,-4.002351964215418723e-01,-1.935577972365334909e-02,-4.192864623286291503e-01,-7.010347009598006940e-01,4.751279939735476576e-01
-7.533333333333329662e-01,9.825175248951172335e-01,-3.965879359472158638e-01,-3.591114927191487501e-03,-4.360228888551520576e-01,-7.034025659900626781e-01,4.557292401701905082e-01
-7.466666666666665897e-01,9.778392917350428037e-01,-3.928567492702300656e-01,1.217544188406851149e-02,-4.524274441634280053e-01,-7.050038594365340971e-01,4.356667951729537025e-01
-7.399999999999997691e-01,9.730064058268835803e-01,-3.890440116796174408e-01,2.793567947730969669e-02,-4.684894678186380945e-01,-7.058396810998642801e-01,4.149716335294587055e-01
-7.333333333333329485e-01,9.680236107454169847e-01,-3.851521056173319857e-01,4.368151863212123981e-02,-4.841987146417650600e-01,-7.059120092356916398e-01,3.936755062366425473e-01
-7.266666666666665719e-01,9.628956821897616258e-01,-3.811834176902758053e-01,5.940501860661233369e-02,-4.995453596035503430e-01,-7.052236875093778057e-01,3.718108829086327338e-01
-7.199999999999997513e-01,9.576274224245889810e-01,-3.771403357408078527e-01,7.509838324918440000e-02,-5.145200019907850697e-01,-7.037784108323398291e-01,3.494108934541659273e-01
-7.133333333333329307e-01,9.522236548221409969e-01,-3.730252459789736297e-01,9.075396675389464651e-02,-5.291136688556449252e-01,-7.015807101321815953e-01,3.265092693896241571e-01
-7.066666666666665542e-01,9.466892185113834346e-01,-3.688405301794699387e-01,1.063642790581369596e-01,-5.433178177600487269e-01,-6.986359361098318788e-01,3.031402849116056619e-01
-6.999999999999997335e-01,9.410289631402242172e-01,-3.645885629461443900e-01,1.219219908821375931e-01,-5.571243388282258735e-01,-6.949502420377376977e-01,2.793386978505258411e-01
-6.933333333333329129e-01,9.352477437563192497e-01,-3.602717090466103222e-01,1.374199384105116439e-01,-5.705255561218108840e-01,-6.905305656538405223e-01,2.551396906240568363e-01
-6.866666666666665364e-01,9.293504158115878377e-01,-3.558923208193409127e-01,1.528511276168499078e-01,-5.835142283528496066e-01,-6.853846102065703771e-01,2.305788113062954281e-01
-6.799999999999997158e-01,9.233418302951569290e-01,-3.514527356553932003e-01,1.682087382330044456e-01,-5.960835489510967200e-01,-6.795208247064542517e-01,2.056919149253997048e-01
-6.733333333333333393e-01,9.172268289990573864e-01,-3.469552735566990842e-01,1.834861273654128933e-01,-6.082271455029081286e-01,-6.729483834401329689e-01,1.805151050990809469e-01
-6.666666666666665186e-01,9.110102399205941559e-01,-3.424022347726523585e-01,1.986768327614461538e-01,-6.199390785798829517e-01,-6.656771648026302834e-01,1.550846761137919250e-01
-6.599999999999996980e-01,9.046968728049302744e-01,-3.377958975165133992e-01,2.137745757293805782e-01,-6.312138399761958452e-01,-6.577177295036308324e-01,1.294370555497341979e-01
-6.533333333333333215e-01,8.982915148310323117e-01,-3.331385157629528915e-01,2.287732637161826454e-01,-6.420463503742698252e-01,-6.490812982032786449e-01,1.036087475499280763e-01
-6.466666666666665009e-01,8.917989264437471419e-01,-3.284323171278568654e-01,2.436669925478534282e-01,-6.524319564590815856e-01,-6.397797286326516453e-01,7.763627682757513748e-02
-6.399999999999996803e-01,8.852238373344091249e-01,-3.236795008313207433e-01,2.584500483376068192e-01,-6.623664275019639502e-01,-6.298254922535599931e-01,5.155613350179919646e-02
-6.333333333333333037e-01,8.785709425720095167e-01,-3.188822357445743605e-01,2.731169090676552336e-01,-6.718459514352752571e-01,-6.192316505116993719e-01,2.540471884760469104e-02
-6.266666666666664831e-01,8.718448988866052130e-01,-3.140426585213932920e-01,2.876622458508426572e-01,-6.808671304397377888e-01,-6.080118307364524854e-01,-7.817079584483869288e-04
-6.199999999999996625e-01,8.650503211062948727e-01,-3.091628718143761834e-01,3.020809238788038642e-01,-6.894269760666239533e-01,-5.961802017397805908e-01,-2.696708201976955391e-02
-6.133333333333332860e-01,8.581917787487491900e-01,-3.042449425762949189e-01,3.163680030637340823e-01,-6.975229039172670120e-01,-5.837514491656908833e-01,-5.311558375585332531e-02
-6.066666666666664653e-01,8.512737927679615568e-01,-2.992909004465577616e-01,3.305187383812301927e-01,-7.051527279026221784e-01,-5.707407506407151665e-01,-7.919168872489515398e-02
-5.999999999999996447e-01,8.443008324565559608e-01,-2.943027362226658394e-01,3.445285799220111356e-01,-7.123146541057763237e-01,-5.571637507746859397e-01,-1.051602161693663967e-01
-5.933333333333332682e-01,8.372773125036913067e-01,-2.892824004163910834e-01,3.583931726606401913e-01,-7.190072742704330944e-01,-5.430365360598646829e-01,-1.309863762255704944e-01
-5.866666666666664476e-01,8.302075902082981518e-01,-2.842318018942542324e-01,3.721083559496589088e-01,-7.252295589384555319e-01,-5.283756097151683928e-01,-1.566358157427681641e-01
-5.799999999999996270e-01,8.230959628471020695e-01,-2.791528066017432419e-01,3.856701627478001937e-01,-7.309808502595588342e-01,-5.131978665208493107e-01,-1.820746626620114439e-01
-5.733333333333332504e-01,8.159466651966137407e-01,-2.740472363705782066e-01,3.990748185911734414e-01,-7.362608544961952717e-01,-4.975205676875399941e-01,-2.072695689093554949e-01
-5.666666666666664298e-01,8.087638672080037505e-01,-2.689168678082013986e-01,4.123187403165188281e-01,-7.410696342465762365e-01,-4.813613158020561555e-01,-2.321877517626060872e-01
-5.599999999999996092e-01,8.015516718335322643e-01,-2.637634312685524507e-01,4.253985345457962919e-01,-7.454076004086247487e-01,-4.647380298907904939e-01,-2.567970336552035104e-01
-5.533333333333332327e-01,7.943141130029641728e-01,-2.585886099030751395e-01,4.383109959415220080e-01,-7.492755039074545653e-01,-4.476689206399143695e-01,-2.810658803852238985e-01
-5.466666666666664121e-01,7.870551537481784710e-01,-2.533940387907964165e-01,4.510531052423840670e-01,-7.526744272087350085e-01,-4.301724658099507770e-01,-3.049634377017890752e-01
-5.399999999999995914e-01,7.797786844739652556e-01,-2.481813041462201663e-01,4.636220270887618788e-01,-7.556057756400076375e-01,-4.122673858805921410e-01,-3.284595662454072862e-01
-5.333333333333332149e-01,7.724885213728052147e-01,-2.429519426036850782e-01,4.760151076478414400e-01,-7.580712685417048124e-01,-3.939726199599165035e-01,-3.515248748229048426e-01
-5.266666666666663943e-01,7.651884049812394117e-01,-2.377074405767526100e-01,4.882298720480665044e-01,-7.600729302692514899e-01,-3.753073019904124008e-01,-3.741307520016512456e-01
-5.199999999999995737e-01,7.578819988752599768e-01,-2.324492336911112289e-01,5.002640216326835754e-01,-7.616130810672340212e-01,-3.562907372824624108e-01,-3.962493960117153824e-01
-5.133333333333331971e-01,7.505728885019908869e-01,-2.271787062894130016e-01,5.121154310421420774e-01,-7.626943278361920653e-01,-3.369423794041584430e-01,-4.178538429484096595e-01
-5.066666666666663765e-01,7.432645801447749223e-01,-2.218971910063941566e-01,5.237821451350844759e-01,-7.633195548121199936e-01,-3.172818074545423750e-01,-4.389179932713812016e-01
-4.999999999999995559e-01,7.359605000186474344e-01,-2.166059684125716256e-01,5.352623757576262520e-01,-7.634919141782813279e-01,-2.973287037455805137e-01,-4.594166365999803325e-01
-4.933333333333331794e-01,7.286639934930454476e-01,-2.113062667247585791e-01,5.465544983705570292e-01,-7.632148166284176138e-01,-2.771028319163975073e-01,-4.793254748080822969e-01
-4.866666666666663588e-01,7.213783244384910365e-01,-2.059992615815939010e-01,5.576570485440199842e-01,-7.624919218998943427e-01,-2.566240155015215851e-01,-4.986211434248377095e-01
-4.799999999999999822e-01,7.141066746938766752e-01,-2.006860758822445745e-01,5.685687183291293634e-01,-7.613271292947647595e-01,-2.359121169731291379e-01,-5.172812313509965731e-01
-4.733333333333331616e-01,7.068521436508926614e-01,-1.953677796864039529e-01,5.792883525158695202e-01,-7.597245682061514183e-01,-2.149870172755281028e-01,-5.352842989034654053e-01
-4.666666666666663410e-01,6.996177479520541143e-01,-1.900453901736852136e-01,5.898149447864954320e-01,-7.576885886667457104e-01,-1.938685958683925292e-01,-5.526098942036323791e-01
-4.599999999999999645e-01,6.924064212987093292e-01,-1.847198716604845914e-01,6.001476337735098809e-01,-7.552237519356163054e-01,-1.725767112935557013e-01,-5.692385679277143229e-01
-4.533333333333331439e-01,6.852210143653550967e-01,-1.793921356723760241e-01,6.102856990311349428e-01,-7.523348211388876106e-01,-1.511311822784917047e-01,-5.851518864399530839e-01
-4.466666666666663232e-01,6.780642948165307438e-01,-1.740630410700869379e-01,6.202285569290323375e-01,-7.490267519792150885e-01,-1.295517693879673915e-01,-6.003324433319012776e-01
-4.399999999999999467e-01,6.709389474225210259e-01,-1.687333942270998755e-01,6.299757564768417861e-01,-7.453046835283416716e-01,-1.078581572337348471e-01,-6.147638693933039633e-01
-4.333333333333331261e-01,6.638475742700666871e-01,-1.634039492569248353e-01,6.395269750879232218e-01,-7.411739291163613741e-01,-8.606993725055478439e-02,-6.284308410421916014e-01
-4.266666666666663055e-01,6.567926950642569706e-01,-1.580754082880915790e-01,6.488820142904834221e-01,-7.366399673306686102e-01,-6.420659104530521133e-02,-6.413190872437514178e-01
-4.199999999999999289e-01,6.497767475177683716e-01,-1.527484217849196246e-01,6.580407953940663468e-01,-7.317084331369013706e-01,-4.228747432443139692e-02,-6.534153949493507474e-01
-4.133333333333331083e-01,6.428020878236002655e-01,-1.474235889121381093e-01,6.670033551191664190e-01,-7.263851091335346011e-01,-2.033180140354101662e-02,-6.647076130887297207e-01
-4.066666666666662877e-01,6.358709912074660409e-01,-1.421014579414444368e-01,6.757698411975051611e-01,-7.206759169511115504e-01,1.641369698459477699e-03,-6.751846551498870141e-01
-3.999999999999999112e-01,6.289856525560055811e-01,-1.367825266981125554e-01,6.843405079502853372e-01,-7.145869088064452646e-01,2.361315157965068051e-02,-6.848365003825223063e-01
-3.933333333333330906e-01,6.221481871169998179e-01,-1.314672430457868857e-01,6.927157118515002709e-01,-7.081242592214644915e-01,4.556484119008274297e-02,-6.936541936621125615e-01
-3.866666666666662699e-01,6.153606312677959433e-01,-1.261560054076263926e-01,7.008959070831461968e-01,-7.012942569157243344e-01,6.747793298298888909e-02,-7.016298440527500846e-01
-3.799999999999998934e-01,6.086249433481756288e-01,-1.208491633219959671e-01,7.088816410889392516e-01,-6.941032968809578430e-01,8.933413148497318379e-02,-7.087566221077963302e-01
-3.733333333333330728e-01,6.019430045539393426e-01,-1.155470180309366851e-01,7.166735501329036806e-01,-6.865578726454043546e-01,1.111153632890711368e-01,-7.150287559481794952e-01
-3.666666666666662522e-01,5.953166198875206039e-01,-1.102498230996849654e-01,7.242723548689490309e-01,-6.786645687350172373e-01,1.328037884756843312e-01,-7.204415261588139607e-01
-3.599999999999998757e-01,5.887475191619883086e-01,-1.049577850655514372e-01,7.316788559273108561e-01,-6.704300533380325167e-01,1.543818114674381514e-01,-7.249912595441360130e-01
-3.533333333333330550e-01,5.822373580548503291e-01,-9.967106411451329140e-02,7.388939295234874249e-01,-6.618610711787681344e-01,1.758320913250052409e-01,-7.286753217841380748e-01
-3.466666666666662344e-01,5.757877192081275464e-01,-9.438977478391914755e-02,7.459185230950556855e-01,-6.529644366059204064e-01,1.971375514918752847e-01,-7.314921090325502417e-01
-3.399999999999998579e-01,5.694001133712273122e-01,-8.911398668975346882e-02,7.527536509715102575e-01,-6.437470269000334921e-01,2.182813889969357490e-01,-7.334410384989726861e-01
-3.333333333333330373e-01,5.630759805832111775e-01,-8.384372527695661825e-02,7.594003900820244235e-01,-6.342157758042463733e-01,2.392470831245554208e-01,-7.345225380567884654e-01
-3.266666666666662167e-01,5.568166913911194449e-01,-7.857897259134767609e-02,7.658598757057927253e-01,-6.243776672818478479e-01,2.600184035626360579e-01,-7.347380349186256598e-01
-3.199999999999998401e-01,5.506235481010881561e-01,-7.331966807175009648e-02,7.721332972693797370e-01,-6.142397295036297056e-01,2.805794180398153426e-01,-7.340899434209529062e-01
-3.133333333333330195e-01,5.444977860590680674e-01,-6.806570936097351698e-02,7.782218941952606661e-01,-6.038090290674855698e-01,3.009144994636688830e-01,-7.325816519591202836e-01
-3.066666666666666430e-01,5.384405749580314371e-01,-6.281695313436089223e-02,7.841269518055128396e-01,-5.930926654521840868e-01,3.210083325723669390e-01,-7.302175091137886875e-01
-2.999999999999998224e-01,5.324530201686354935e-01,-5.757321594466532910e-02,7.898497972843884218e-01,-5.820977657067388789e-01,3.408459201128009042e-01,-7.270028090092339745e-01
-2.933333333333330017e-01,5.265361640903890583e-01,-5.233427508207839224e-02,7.953917957032771158e-01,-5.708314793763061834e-01,3.604125885586952904e-01,-7.229437759434680366e-01
-2.866666666666666252e-01,5.206909875204549509e-01,-4.709986944828874894e-02,8.007543461113494354e-01,-5.593009736650665920e-01,3.796939933826748437e-01,-7.180475483295044592e-01
-2.799999999999998046e-01,5.149184110373062895e-01,-4.186970044350807330e-02,8.059388776949585331e-01,-5.475134288360886670e-01,3.986761238966574639e-01,-7.123221619863976395e-01
-2.733333333333329840e-01,5.092192963965390673e-01,-3.664343286545932582e-02,8.109468460086735053e-01,-5.354760338477273507e-01,4.173453076752923208e-01,-7.057765328179280706e-01
-2.666666666666666075e-01,5.035944479362325366e-01,-3.142069581938094353e-02,8.157797292806119316e-01,-5.231959822256846415e-01,4.356882145774683690e-01,-6.984204389159807125e-01
-2.599999999999997868e-01,4.980446139893354718e-01,-2.620108363815892155e-02,8.204390247945453352e-01,-5.106804681694497861e-01,4.536918603811677664e-01,-6.902645021247840740e-01
-2.533333333333329662e-01,4.925704883006465917e-01,-2.098415681175715836e-02,8.249262453510666226e-01,-4.979366828914397747e-01,4.713436100471506407e-01,-6.813201691012397143e-01
-2.466666666666665897e-01,4.871727114460450148e-01,-1.576944292517445945e-02,8.292429158099153819e-01,-4.849718111867833970e-01,4.886311806271151914e-01,-6.715996919055965408e-01
-2.399999999999997691e-01,4.818518722517157182e-01,-1.055643760421451187e-02,8.333905697153892733e-01,-4.717930282313321233e-01,5.055426438320984595e-01,-6.611161081556941044e-01
-2.333333333333329485e-01,4.766085092112050670e-01,-5.344605468412212332e-03,8.373707460065977770e-01,-4.584074966051293609e-01,5.220664282769533759e-01,-6.498832207769452696e-01
-2.266666666666665719e-01,4.714431118982282398e-01,-1.333810905166304213e-04,8.411849858141439151e-01,-4.448223635382450580e-01,5.381913214167745041e-01,-6.379155773791261863e-01
-2.199999999999997513e-01,4.663561223732393679e-01,5.077830038013331389e-03,8.448348293446770185e-01,-4.310447583755624423e-01,5.539064711911337868e-01,-6.252284492899270463e-01
-2.133333333333329307e-01,4.613479365818646816e-01,1.028965053598923651e-02,8.483218128545938486e-01,-4.170817902568079716e-01,5.692013873919421485e-01,-6.118378102740701374e-01
-2.066666666666665542e-01,4.564189057433806207e-01,1.550273015638383919e-02,8.516474657140360449e-01,-4.029405460078277490e-01,5.840659427706703655e-01,-5.977603149656331993e-01
-1.999999999999997335e-01,4.515693377275117326e-01,2.071774480551346817e-02,8.548133075621867638e-01,-3.886280882388463143e-01,5.984903739005372758e-01,-5.830132770400475728e-01
-1.933333333333329129e-01,4.467994984179006757e-01,2.593539555784120029e-02,8.578208455547475797e-01,-3.741514536451854833e-01,6.124652818091234074e-01,-5.676146471510442604e-01
-1.866666666666665364e-01,4.421096130606929075e-01,3.115640766667897299e-02,8.606715717043457170e-01,-3.595176515056834332e-01,6.259816323966760354e-01,-5.515829906566334095e-01
-1.799999999999997158e-01,4.374998675967561312e-01,3.638152957101722235e-02,8.633669603145179838e-01,-3.447336623738227468e-01,6.390307566551509666e-01,-5.349374651570055761e-01
-1.733333333333328952e-01,4.329704099761385039e-01,4.161153189866230451e-02,8.659084655077957660e-01,-3.298064369563644682e-01,6.516043507027858839e-01,-5.176977978660521895e-01
-1.666666666666665186e-01,4.285213514534478851e-01,4.684720646581506248e-02,8.682975188483276208e-01,-3.147428951740849912e-01,6.636944756487184183e-01,-4.998842628370150365e-01
-1.599999999999996980e-01,4.241527678629132270e-01,5.208936527317865189e-02,8.705355270593674311e-01,-2.995499253990211441e-01,6.752935573018559179e-01,-4.815176580616007951e-01
-1.533333333333328774e-01,4.198647008719642582e-01,5.733883949863990276e-02,8.726238698358785850e-01,-2.842343838624562524e-01,6.863943857378632663e-01,-4.626192824607324172e-01
-1.466666666666665009e-01,4.156571592122432768e-01,6.259647848652642732e-02,8.745638977524134994e-01,-2.688030942277144231e-01,6.969901147377834949e-01,-4.432109127839649054e-01
-1.399999999999996803e-01,4.115301198870325861e-01,6.786314873340118514e-02,8.763569302663580807e-01,-2.532628473216769760e-01,7.070742611114119169e-01,-4.233147804334663755e-01
-1.333333333333333037e-01,4.074835293541552717e-01,7.313973287031752535e-02,8.780042538165560018e-01,-2.376204010187951687e-01,7.166407039181467153e-01,-4.029535482273653990e-01
-1.266666666666664831e-01,4.035173046834746313e-01,7.842712864142120655e-02,8.795071200172661641e-01,-2.218824802712411060e-01,7.256836835976069322e-01,-3.821502871161878145e-01
-1.199999999999996625e-01,3.996313346881853468e-01,8.372624787875040941e-02,8.808667439473460981e-01,-2.060557772787191544e-01,7.341978010218611628e-01,-3.609284528650610335e-01
-1.133333333333332860e-01,3.958254810291579884e-01,8.903801547305216502e-02,8.820843025345035393e-01,-1.901469517913486618e-01,7.421780164806461855e-01,-3.393118627133486220e-01
-1.066666666666664653e-01,3.920995792916584510e-01,9.436336834040236210e-02,8.831609330344077913e-01,-1.741626315389288582e-01,7.496196486104697021e-01,-3.173246720223981687e-01
-9.999999999999964473e-02,3.884534400338297000e-01,9.970325438438730481e-02,8.840977316044114076e-01,-1.581094127798038096e-01,7.565183732779899861e-01,-2.949913509211409823e-01
-9.333333333333326820e-02,3.848868498063796606e-01,1.050586314535783689e-01,8.848957519715967557e-01,-1.419938609624624426e-01,7.628702224275560884e-01,-2.723366609583785514e-01
-8.666666666666644758e-02,3.813995721429827013e-01,1.104304662940054221e-01,8.855560041948244976e-01,-1.258225114929337196e-01,7.686715829022552349e-01,-2.493856317697265568e-01
-7.999999999999962697e-02,3.779913485209526192e-01,1.158197334963130820e-01,8.860794535204363775e-01,-1.096018706009706384e-01,7.739191952472784797e-01,-2.261635377663664959e-01
-7.333333333333325044e-02,3.746618992918047120e-01,1.212274144372624263e-01,8.864670193312399471e-01,-9.333841629795681938e-02,7.786101525038611193e-01,-2.026958748519812337e-01
-6.666666666666642982e-02,3.714109245813745352e-01,1.266544962152230114e-01,8.867195741883788784e-01,-7.703859941941847145e-02,7.827418990014884947e-01,-1.790083371735192441e-01
-5.999999999999960920e-02,3.682381051592126808e-01,1.321019705792834120e-01,8.868379429656816360e-01,-6.070884474497956207e-02,7.863122291554871524e-01,-1.551267939107539295e-01
-5.333333333333323267e-02,3.651431032770248164e-01,1.375708328515955481e-01,8.868229020760617365e-01,-4.435555218856002124e-02,7.893192862765362472e-01,-1.310772661089709135e-01
-4.666666666666641206e-02,3.621255634759723563e-01,1.430620808425555057e-01,8.866751787895379433e-01,-2.798509805158574254e-02,7.917615613980479861e-01,-1.068859035585374290e-01
-3.999999999999959144e-02,3.591851133626978165e-01,1.485767137584152464e-01,8.863954506424321922e-01,-1.160383633195379710e-02,7.936378921267667197e-01,-8.257896172457808437e-02
-3.333333333333321491e-02,3.563213643539779873e-01,1.541157311009126729e-01,8.859843449373013824e-01,4.781899918522616519e-03,7.949474615213355522e-01,-5.818277872950559926e-02
-2.666666666666639429e-02,3.535339123899562952e-01,1.596801315585029135e-01,8.854424383331531700e-01,2.116579719547824825e-02,7.956897970029744860e-01,-3.372375239073378134e-02
-1.999999999999957367e-02,3.508223386159428081e-01,1.652709118887721595e-01,8.847702565255014528e-01,3.754156010946536892e-02,7.958647693018018332e-01,-9.228317315531555515e-03
-1.333333333333319715e-02,3.481862100328109721e-01,1.708890657916152800e-01,8.839682740158130159e-01,5.390290992682734289e-02,7.954725914417186683e-01,1.527707794533506025e-02
-6.666666666666376528e-03,3.456250801160578590e-01,1.765355827727625448e-01,8.830369139699056902e-01,7.024358309127161359e-02,7.945138177661622558e-01,3.976599368378329336e-02
0.000000000000000000e+00,3.431384894036321742e-01,1.822114469972453688e-01,8.819765481648608185e-01,8.655732973342933345e-02,7.929893430064144377e-01,6.421202175922752220e-02
6.666666666666820618e-03,3.407259660526673617e-01,1.879176361323992572e-01,8.807874970240171519e-01,1.028379121756751030e-01,7.909004013935420074e-01,8.858880826098300409e-02
1.333333333333364124e-02,3.383870263652932753e-01,1.936551201800130739e-01,8.794700297396239597e-01,1.190791034394624998e-01,7.882485658144223750e-01,1.128700761073040543e-01
2.000000000000046185e-02,3.361211752837301447e-01,1.994248602972466811e-01,8.780243644827342431e-01,1.352746857624070043e-01,7.850357470117004244e-01,1.370296475801345559e-01
2.666666666666728247e-02,3.339279068549017015e-01,2.052278076059549372e-01,8.764506686999296026e-01,1.514184491323204707e-01,7.812641928269072888e-01,1.610414667946241662e-01
3.333333333333321491e-02,3.318067046648333074e-01,2.110649019900738832e-01,8.747490594964729693e-01,1.675041898453674960e-01,7.769364874853642577e-01,1.848796221023856212e-01
4.000000000000003553e-02,3.297570422431306270e-01,2.169370708807465686e-01,8.729196041054946287e-01,1.835257090954767467e-01,7.720555509208916201e-01,2.085183684273327342e-01
4.666666666666685614e-02,3.277783834378618089e-01,2.228452280288894527e-01,8.709623204428221799e-01,1.994768116020965709e-01,7.666246381377402885e-01,2.319321495327502092e-01
5.333333333333367676e-02,3.258701827611934498e-01,2.287902722649260701e-01,8.688771777470705171e-01,2.153513042833373192e-01,7.606473386065742970e-01,2.550956202180023613e-01
6.000000000000049738e-02,3.240318857061573188e-01,2.347730862454439071e-01,8.666640973046144669e-01,2.311429949814887419e-01,7.541275756907389605e-01,2.779836684429914939e-01
6.666666666666731800e-02,3.222629290349489639e-01,2.407945351865621586e-01,8.643229532590664954e-01,2.468456912478436127e-01,7.470696060984775011e-01,3.005714373781264159e-01
7.333333333333325044e-02,3.205627410391843068e-01,2.468554655838317569e-01,8.618535735048856727e-01,2.624531991936949193e-01,7.394780193561786286e-01,3.228343473771611016e-01
8.000000000000007105e-02,3.189307417725636973e-01,2.529567039185258159e-01,8.592557406647453044e-01,2.779593224143057650e-01,7.313577372971808988e-01,3.447481178698127979e-01
8.666666666666689167e-02,3.173663432564172160e-01,2.590990553502192095e-01,8.565291931502800882e-01,2.933578609925752700e-01,7.227140135601061166e-01,3.662887891705667309e-01
9.333333333333371229e-02,3.158689496586248868e-01,2.652833023955964431e-01,8.536736263058327667e-01,3.086426105890463512e-01,7.135524330901499290e-01,3.874327441995282784e-01
1.000000000000005329e-01,3.144379574464298277e-01,2.715102035934729430e-01,8.506886936348094785e-01,3.238073616248120512e-01,7.038789116362293985e-01,4.081567301105888390e-01
1.066666666666673535e-01,3.130727555136806339e-01,2.777804921560626528e-01,8.475740081082479005e-01,3.388458985637881615e-01,6.936996952363680968e-01,4.284378798215295325e-01
1.133333333333332860e-01,3.117727252830636564e-01,2.840948746065729003e-01,8.443291435551819601e-01,3.537519993007187113e-01,6.830213596831986589e-01,4.482537334400110152e-01
1.200000000000001066e-01,3.105372407839026572e-01,2.904540294032628145e-01,8.409536361343791233e-01,3.685194346611773142e-01,6.718508099609687978e-01,4.675822595786678915e-01
1.266666666666669272e-01,3.093656687061247523e-01,2.968586055501541976e-01,8.374469858869966199e-01,3.831419680197156730e-01,6.601952796449637173e-01,4.864018765517691967e-01
1.333333333333337478e-01,3.082573684310113693e-01,3.033092211946430972e-01,8.338086583696893150e-01,3.976133550421899199e-01,6.480623302538031094e-01,5.046914734451043438e-01
1.400000000000005684e-01,3.072116920393713202e-01,3.098064622123208323e-01,8.300380863676674048e-01,4.119273435581702336e-01,6.354598505446240608e-01,5.224304310499232606e-01
1.466666666666665009e-01,3.062279842977917999e-01,3.163508807793741218e-01,8.261346716871738050e-01,4.260776735692055617e-01,6.223960557407444139e-01,5.395986426508888600e-01
1.533333333333333215e-01,3.053055826236430459e-01,3.229429939330006882e-01,8.220977870268150189e-01,4.400580773985708904e-01,6.088794866809952300e-01,5.561765346571093671e-01
1.600000000000001421e-01,3.044438170295288848e-01,3.295832821203443230e-01,8.179267779271394145e-01,4.538622799879766245e-01,5.949190088795265341e-01,5.721450870643900455e-01
1.666666666666669627e-01,3.036420100478957051e-01,3.362721877365221212e-01,8.136209647978125403e-01,4.674839993465585986e-01,5.805238114845318043e-01,5.874858537358975674e-01
1.733333333333337833e-01,3.028994766365280533e-01,3.430101136523904803e-01,8.091796450216892644e-01,4.809169471573010446e-01,5.657034061239972766e-01,6.021809824874628791e-01
1.800000000000006040e-01,3.022155240656799191e-01,3.497974217327684543e-01,8.046020951350303374e-01,4.941548295458657591e-01,5.504676256262620582e-01,6.162132349627543748e-01
1.866666666666665364e-01,3.015894517876056002e-01,3.566344313459159920e-01,7.998875730830478092e-01,5.071913480166159172e-01,5.348266226028877135e-01,6.295660062825557679e-01
1.933333333333333570e-01,3.010205512892734081e-01,3.635214178651417494e-01,7.950353205499075537e-01,5.200202005604248612e-01,5.187908678810689844e-01,6.422233444513588685e-01
2.000000000000001776e-01,3.005081059290632961e-01,3.704586111634964318e-01,7.900445653622403253e-01,5.326350829386551355e-01,5.023711487725772695e-01,6.541699695034602913e-01
2.066666666666669983e-01,3.000513907379822043e-01,3.774461941995138625e-01,7.849145240126959022e-01,5.450296901089660695e-01,4.855785671387485847e-01,6.653912923697139492e-01
2.133333333333338189e-01,2.996496722876466623e-01,3.844843012105106372e-01,7.796444040646665075e-01,5.571977179894419541e-01,4.684245373744712615e-01,6.758734334450783310e-01
2.200000000000006395e-01,2.993022084230616553e-01,3.915730164838633898e-01,7.742334069125553775e-01,5.691328651796221383e-01,4.509207840248837806e-01,6.856032408360073216e-01
2.266666666666665719e-01,2.990082480638903695e-01,3.987123727383483640e-01,7.686807304207571301e-01,5.808288350270011113e-01,4.330793392938381836e-01,6.945683082657828633e-01
2.333333333333333925e-01,2.987670309736871199e-01,4.059023496015384813e-01,7.629855716777551589e-01,5.922793378496353789e-01,4.149125402940059826e-01,7.027569926148085067e-01
2.400000000000002132e-01,2.985777875182823449e-01,4.131428720878087546e-01,7.571471298163149344e-01,6.034780933562782224e-01,3.964330260520684268e-01,7.101584310719014637e-01
2.466666666666670338e-01,2.984397384142411513e-01,4.204338090785154081e-01,7.511646088981934755e-01,6.144188332666721264e-01,3.776537342551460896e-01,7.167625578716249057e-01
2.533333333333338544e-01,2.983520944683339393e-01,4.277749718060048223e-01,7.450372208616798941e-01,6.250953041343284555e-01,3.585878977246336752e-01,7.225601205917335790e-01
2.600000000000006750e-01,2.983140563089741737e-01,4.351661123432057354e-01,7.387641885301613476e-01,6.355012703738143198e-01,3.392490406036567374e-01,7.275426959838631191e-01
2.666666666666666075e-01,2.983248141105951934e-01,4.426069221006465049e-01,7.323447486797847183e-01,6.456305174942450487e-01,3.196509742444536006e-01,7.317027053096736289e-01
2.733333333333334281e-01,2.983835473119548221e-01,4.500970303328383215e-01,7.257781551641644402e-01,6.554768555403430730e-01,2.998077927821105604e-01,7.350334291537842235e-01
2.800000000000002487e-01,2.984894243293720328e-01,4.576360026560557515e-01,7.190636820939463325e-01,6.650341227420758505e-01,2.797338683812451987e-01,7.375290216839843760e-01
2.866666666666670693e-01,2.986416022659162395e-01,4.652233395796425697e-01,7.122006270689040797e-01,6.742961893735247569e-01,2.594438461424356523e-01,7.391845243284098643e-01
2.933333333333338899e-01,2.988392266175856071e-01,4.728584750530648306e-01,7.051883144601043263e-01,6.832569618212632756e-01,2.389526386554422510e-01,7.399958788386199471e-01
3.000000000000007105e-01,2.990814309775260971e-01,4.805407750310254911e-01,6.980260987395259242e-01,6.919103868621327980e-01,2.182754201865570454e-01,7.399599397068015172e-01
3.066666666666666430e-01,2.993673367393576146e-01,4.882695360590507683e-01,6.907133678543729838e-01,7.002504561499068858e-01,1.974276204877459528e-01,7.390744859046872728e-01
3.133333333333334636e-01,2.996960528006886171e-01,4.960439838820487335e-01,6.832495466431588449e-01,7.082712109099230657e-01,1.764249182156285567e-01,7.373382319111817518e-01
3.200000000000002842e-01,3.000666752679140292e-01,5.038632720784311791e-01,6.756341002904897586e-01,7.159667468403303481e-01,1.552832339487563995e-01,7.347508379951730451e-01
3.266666666666671048e-01,3.004782871634051333e-01,5.117264807224841672e-01,6.678665378173029854e-01,7.233312192181703404e-01,1.340187227921194879e-01,7.313129197195498143e-01
3.333333333333339255e-01,3.009299581362136489e-01,5.196326150777544894e-01,6.599464156031563666e-01,7.303588482080548561e-01,1.126477665583195398e-01,7.270260566320686513e-01
3.399999999999998579e-01,3.014207441774226504e-01,5.275806043243104204e-01,6.518733409369936727e-01,7.370439243707392896e-01,9.118696551540791950e-02,7.218928001084169432e-01
3.466666666666666785e-01,3.019496873412910176e-01,5.355693003228177984e-01,6.436469755926375047e-01,7.433808143684268455e-01,6.965312969198801663e-02,7.159166803125945888e-01
3.533333333333334991e-01,3.025158154733455507e-01,5.435974764184520192e-01,6.352670394250911068e-01,7.493639668631406625e-01,4.806326973083534931e-02,7.091022122396166694e-01
3.600000000000003197e-01,3.031181419465881488e-01,5.516638262877490151e-01,6.267333139835485900e-01,7.549879186040167056e-01,2.643458728298446817e-02,7.014549008054897783e-01
3.666666666666671404e-01,3.037556654069916706e-01,5.597669628315691259e-01,6.180456461368424304e-01,7.602473006988584858e-01,4.784464934978679106e-03,6.929812449494821003e-01
3.733333333333339610e-01,3.044273695294666404e-01,5.679054171174241494e-01,6.092039517068690291e-01,7.651368450647816344e-01,-1.686954433722937310e-02,6.836887407138546591e-01
3.799999999999998934e-01,3.051322227854886271e-01,5.760776373744830314e-01,6.002082191053635940e-01,7.696513910522512214e-01,-3.850972819339806841e-02,6.735858832664899376e-01
3.866666666666667140e-01,3.058691782235797851e-01,5.842819880446353809e-01,5.910585129692081940e-01,7.737858922362813585e-01,-6.011822643792338883e-02,6.626821678322136755e-01
3.933333333333335347e-01,3.066371732638431546e-01,5.925167488930550563e-01,5.817549777892808693e-01,7.775354233680291660e-01,-8.167704301642322862e-02,6.509880894990915934e-01
4.000000000000003553e-01,3.074351295077522028e-01,6.007801141817546986e-01,5.722978415276738229e-01,7.808951874794640702e-01,-1.031680585028517949e-01,6.385151418665689915e-01
4.066666666666671759e-01,3.082619525643965908e-01,6.090701919096771499e-01,5.626874192179326384e-01,7.838605231332425038e-01,-1.245730430789913634e-01,6.252758145030360426e-01
4.133333333333339965e-01,3.091165318943873697e-01,6.173850031229092261e-01,5.529241165427917215e-01,7.864269118093610844e-01,-1.458736700070986381e-01,6.112835891812317124e-01
4.199999999999999289e-01,3.099977406726224238e-01,6.257224812986430518e-01,5.430084333837105204e-01,7.885899854195989045e-01,-1.670515295953711732e-01,5.965529348608508142e-01
4.266666666666667496e-01,3.109044356711079260e-01,6.340804718065404799e-01,5.329409673363419975e-01,7.903455339401932456e-01,-1.880881436547401919e-01,5.810993013888032799e-01
4.333333333333335702e-01,3.118354571630272964e-01,6.424567314511818727e-01,5.227224171859039537e-01,7.916895131526300311e-01,-2.089649804443032555e-01,5.649391118887799879e-01
4.400000000000003908e-01,3.127896288492424404e-01,6.508489280992962867e-01,5.123535863362584930e-01,7.926180524818623452e-01,-2.296634701014683144e-01,5.480897538131177527e-01
4.466666666666672114e-01,3.137657578083999366e-01,6.592546403954817613e-01,5.018353861863511511e-01,7.931274629207011317e-01,-2.501650205516078862e-01,5.305695686314286785e-01
4.533333333333340320e-01,3.147626344718063018e-01,6.676713575701266334e-01,4.911688394475112740e-01,7.932142450285671886e-01,-2.704510338907090694e-01,5.123978401320562481e-01
4.599999999999999645e-01,3.157790326242206902e-01,6.760964793432342468e-01,4.803550833949685184e-01,7.928750969922262470e-01,-2.905029232331578504e-01,4.935947813141630114e-01
4.666666666666667851e-01,3.168137094316973990e-01,6.845273159278439934e-01,4.693953730468099494e-01,7.921069227355744813e-01,-3.103021300154164552e-01,4.741815198501209694e-01
4.733333333333336057e-01,3.178654054975932897e-01,6.929610881367125330e-01,4.582910842634674853e-01,7.909068400650023367e-01,-3.298301417449432393e-01,4.541800820998813104e-01
4.800000000000004263e-01,3.189328449478331939e-01,7.013949275958909491e-01,4.470437167607113627e-01,7.892721888363131155e-01,-3.490685101822684211e-01,4.336133756611417200e-01
4.866666666666672469e-01,3.200147355465027821e-01,7.098258770687896346e-01,4.356548970290117784e-01,7.872005391286529541e-01,-3.679988699426722243e-01,4.125051704413985609e-01
4.933333333333331794e-01,3.211097688428133368e-01,7.182508908942690784e-01,4.241263811520328830e-01,7.846896994103852441e-01,-3.866029575024342302e-01,3.908800782403774043e-01
5.000000000000000000e-01,3.222166203504526760e-01,7.266668355422359893e-01,4.124600575169368177e-01,7.817377246813421721e-01,-4.048626305931117830e-01,3.687635308338700901e-01
5.066666666666668206e-01,3.233339497603056611e-01,7.350704902901493698e-01,4.006579494090932170e-01,7.783429245753931136e-01,-4.227598879657910036e-01,3.461817565526710272e-01
5.133333333333336412e-01,3.244604011874926974e-01,7.434585480237547728e-01,3.887222174837329791e-01,7.745038714068007701e-01,-4.402768895057214138e-01,3.231617553530927722e-01
5.200000000000004619e-01,3.255946034536387756e-01,7.518276161652792666e-01,3.766551621070280409e-01,7.702194081433837436e-01,-4.573959766762000223e-01,2.997312723784556487e-01
5.266666666666672825e-01,3.267351704052422479e-01,7.601742177322009519e-01,3.644592255590471397e-01,7.654886562890683699e-01,-4.740996932690340615e-01,2.759187700139748567e-01
5.333333333333332149e-01,3.278807012689717304e-01,7.684947925296011784e-01,3.521369940910131224e-01,7.603110236580086223e-01,-4.903708064373545339e-01,2.517533984406177816e-01
5.400000000000000355e-01,3.290297810446733417e-01,7.767856984789716090e-01,3.396911998292830304e-01,7.546862120220673154e-01,-5.061923279850185642e-01,2.272649646967564441e-01
5.466666666666668561e-01,3.301809809368177473e-01,7.850432130862088353e-01,3.271247225184831242e-01,7.486142246130935707e-01,-5.215475358852975640e-01,2.024839002598066429e-01
5.533333333333336768e-01,3.313328588250677442e-01,7.932635350513762562e-01,3.144405910962569939e-01,7.420953734611058783e-01,-5.364199960000254341e-01,1.774412271635012750e-01
5.600000000000004974e-01,3.324839597745878894e-01,8.014427860226481792e-01,3.016419850921324697e-01,7.351302865491960992e-01,-5.507935839688761215e-01,1.521685226700024429e-01
5.666666666666673180e-01,3.336328165866624951e-01,8.095770124966714665e-01,2.887322358430761127e-01,7.277199147656974176e-01,-5.646525072369501519e-01,1.266978825196940495e-01
5.733333333333332504e-01,3.347779503901209264e-01,8.176621878673931976e-01,2.757148275183863295e-01,7.198655386339424256e-01,-5.779813271873955882e-01,1.010618827852162588e-01
5.800000000000000711e-01,3.359178712740096828e-01,8.256942146251954329e-01,2.625933979466828494e-01,7.115687747997374579e-01,-5.907649813443579534e-01,7.529354036009078266e-02
5.866666666666668917e-01,3.370510789618770264e-01,8.336689267079661070e-01,2.493717392378673459e-01,7.028315822565303073e-01,-6.029888056101603278e-01,4.942627211613666999e-02
5.933333333333337123e-01,3.381760635279683624e-01,8.415820920055123722e-01,2.360537981930811435e-01,6.936562682881408648e-01,-6.146385564992713491e-01,2.349385276777947104e-02
6.000000000000005329e-01,3.392913061555526966e-01,8.494294150184720227e-01,2.226436764958462378e-01,6.840454941088499607e-01,-6.257004333303112231e-01,-2.469628514696790584e-03
6.066666666666673535e-01,3.403952799375256633e-01,8.572065396726360476e-01,2.091456306777667029e-01,6.740022801806253572e-01,-6.361611003360971850e-01,-2.842981269692614749e-02
6.133333333333332860e-01,3.414864507193508536e-01,8.649090522893302380e-01,1.955640718523755373e-01,6.635300111872817208e-01,-6.460077086505414679e-01,-5.435211662723523490e-02
6.200000000000001066e-01,3.425632779843200693e-01,8.725324847122221117e-01,1.819035652109453616e-01,6.526324406454484528e-01,-6.552279181300814104e-01,-8.020177988437247885e-02
6.266666666666669272e-01,3.436242157810252551e-01,8.800723175906414175e-01,1.681688292743365176e-01,6.413136951323420432e-01,-6.638099189662676203e-01,-1.059439126681359367e-01
6.333333333333337478e-01,3.446677136928458229e-01,8.875239838191931740e-01,1.543647348952354448e-01,6.295782781105075943e-01,-6.717424530451459042e-01,-1.315435446708441147e-01
6.400000000000005684e-01,3.456922178491635966e-01,8.948828721331431035e-01,1.404963040054370560e-01,6.174310733299311904e-01,-6.790148350081717243e-01,-1.569656748636190091e-01
6.466666666666673891e-01,3.466961719779224627e-01,9.021443308587256960e-01,1.265687081031523498e-01,6.048773477882025684e-01,-6.856169729685689385e-01,-1.821753221275134449e-01
6.533333333333333215e-01,3.476780184990536648e-01,9.093036718172027300e-01,1.125872664756702862e-01,5.919227542297418321e-01,-6.915393888363254860e-01,-2.071375766556295406e-01
6.600000000000001421e-01,3.486361996581887612e-01,9.163561743811521332e-01,9.855744415307648998e-02,5.785733331655116274e-01,-6.967732382043789752e-01,-2.318176520485540626e-01
6.666666666666669627e-01,3.495691586999806200e-01,9.232970896811240058e-01,8.448484958912862164e-02,5.648355143950790636e-01,-7.013103297480240972e-01,-2.561809380216926724e-01
6.733333333333337833e-01,3.504753410802488589e-01,9.301216449604400305e-01,7.037523206580641177e-02,5.507161180134090284e-01,-7.051431440891444691e-01,-2.801930536394386384e-01
6.800000000000006040e-01,3.513531957160647146e-01,9.368250480755426768e-01,5.623447881849917562e-02,5.362223548853491950e-01,-7.082648520765646438e-01,-3.038199009875650614e-01
6.866666666666665364e-01,3.522011762727797479e-01,9.434024921389365659e-01,4.206861187925823448e-02,5.213618265713902966e-01,-7.106693324336211814e-01,-3.270277191918128379e-01
6.933333333333333570e-01,3.530177424868986558e-01,9.498491603013718976e-01,2.788378463603059798e-02,5.061425246889914575e-01,-7.123511887239822871e-01,-3.497831386873586079e-01
7.000000000000001776e-01,3.538013615235856557e-01,9.561602306695446973e-01,1.368627810629984703e-02,4.905728296945101596e-01,-7.133057655867930391e-01,-3.720532356407165175e-01
7.066666666666669983e-01,3.545505093674850006e-01,9.623308813551937346e-01,-5.175030759079360734e-04,4.746615090715952667e-01,-7.135291641924094153e-01,-3.938055864226565617e-01
7.133333333333338189e-01,3.552636722454271534e-01,9.683562956510723962e-01,-1.472103496014345175e-02,4.584177149127821593e-01,-7.130182568703006263e-01,-4.150083220279388030e-01
7.200000000000006395e-01,3.559393480794797449e-01,9.742316673288897722e-01,-2.891767886669690743e-02,4.418509808819700568e-01,-7.117707008611495745e-01,-4.356301823350650637e-01
7.266666666666665719e-01,3.565760479686929663e-01,9.799522060538976564e-01,-4.310068626013147802e-02,4.249712185464572523e-01,-7.097849511457784422e-01,-4.556405700968712558e-01
7.333333333333333925e-01,3.571722976977795283e-01,9.855131429104135865e-01,-5.726320390790561043e-02,4.077887130682770200e-01,-7.070602723042604953e-01,-4.750096045506214115e-01
7.400000000000002132e-01,3.577266392708576270e-01,9.909097360321549308e-01,-7.139827932217636397e-02,3.903141182456919545e-01,-7.035967493594661448e-01,-4.937081745343424588e-01
7.466666666666670338e-01,3.582376324682778335e-01,9.961372763308667944e-01,-8.549886648223389840e-02,3.725584508968815545e-01,-6.993952975603191513e-01,-5.117079909944695082e-01
7.533333333333338544e-01,3.587038564244481864e-01,1.001191093316323943e+00,-9.955783183436101025e-02,3.545330845790924390e-01,-6.944576710612235804e-01,-5.289816387684617149e-01
7.600000000000006750e-01,3.591239112244611897e-01,1.006066561000387605e+00,-1.135679605652412105e-01,3.362497426378076026e-01,-6.887864704554530482e-01,-5.455026275249237333e-01
7.666666666666666075e-01,3.594964195172276611e-01,1.010759103877411302e+00,-1.275219631443578749e-01,3.177204905818313829e-01,-6.823851491217783893e-01,-5.612454417429226794e-01
7.733333333333334281e-01,3.598200281427157421e-01,1.015264202972903318e+00,-1.414124821301344648e-01,2.989577277815778644e-01,-6.752580183452482343e-01,-5.761855896116545583e-01
7.800000000000002487e-01,3.600934097707959025e-01,1.019577401951967222e+00,-1.552320992338653283e-01,2.799741784892889607e-01,-6.674102511748271072e-01,-5.902996507313862384e-01
7.866666666666670693e-01,3.603152645490941275e-01,1.023694313278681545e+00,-1.689733426347789225e-01,2.607828821813953368e-01,-6.588478849825337713e-01,-6.035653224966893715e-01
7.933333333333338899e-01,3.604843217571639946e-01,1.027610624417206964e+00,-1.826286945388620464e-01,2.413971832247592542e-01,-6.495778226908197617e-01,-6.159614650434158678e-01
8.000000000000007105e-01,3.605993414641964212e-01,1.031322104065070189e+00,-1.961905989733577216e-01,2.218307198701058858e-01,-6.396078326371650302e-01,-6.274681446416231489e-01
8.066666666666666430e-01,3.606591161874010409e-01,1.034824608408722257e+00,-2.096514698081311523e-01,2.020974125775555075e-01,-6.289465470472526132e-01,-6.380666754177737321e-01
8.133333333333334636e-01,3.606624725481097360e-01,1.038114087391155405e+00,-2.230036989943817993e-01,1.822114516808026052e-01,-6.176034590906256394e-01,-6.477396592910013018e-01
8.200000000000002842e-01,3.606082729225785766e-01,1.041186590981047377e+00,-2.362396650104635065e-01,1.621872843981571610e-01,-6.055889184953845428e-01,-6.564710240100620764e-01
8.266666666666671048e-01,3.604954170843892025e-01,1.044038275432604523e+00,-2.493517415038673801e-01,1.420396012003515285e-01,-5.929141257013070820e-01,-6.642460591797804126e-01
8.333333333333339255e-01,3.603228438352868435e-01,1.046665409525009860e+00,-2.623323061177173510e-01,1.217833215467291896e-01,-5.795911245336976547e-01,-6.710514501683585431e-01
8.400000000000007461e-01,3.600895326212294467e-01,1.049064380770111438e+00,-2.751737494894357372e-01,1.014335790031608286e-01,-5.656327933833500410e-01,-6.768753097898458915e-01
8.466666666666666785e-01,3.597945051303699793e-01,1.051231701576760935e+00,-2.878684844085553918e-01,8.100570575677037977e-02,-5.510528348811819521e-01,-6.817072076593650998e-01
8.533333333333334991e-01,3.594368268696428448e-01,1.053164015359990824e+00,-3.004089551199857211e-01,6.051521654430332131e-02,-5.358657640594071125e-01,-6.855381971223571957e-01
8.600000000000003197e-01,3.590156087165871091e-01,1.054858102583029700e+00,-3.127876467583893261e-01,3.997779201271624283e-02,-5.200868949945148811e-01,-6.883608396631493154e-01
8.666666666666671404e-01,3.585300084430034229e-01,1.056310886719982634e+00,-3.249970948986943831e-01,1.940926153231279164e-02,-5.037323259308308376e-01,-6.901692267025454353e-01
8.733333333333339610e-01,3.579792322070153854e-01,1.057519440126870380e+00,-3.370298952071537624e-01,-1.174414515512042269e-03,-4.868189228870303809e-01,-6.909589986989047583e-01
8.799999999999998934e-01,3.573625360100867177e-01,1.058480989808594730e+00,-3.488787131767773220e-01,-2.175716295213509302e-02,-4.693643017516577753e-01,-6.907273614722910793e-01
8.866666666666667140e-01,3.566792271155371230e-01,1.059192923069315118e+00,-3.605362939304003755e-01,-4.232281649168830734e-02,-4.513868088774513621e-01,-6.894730996767318709e-01
8.933333333333335347e-01,3.559286654250926052e-01,1.059652793033664553e+00,-3.719954720741169840e-01,-6.285513287999737464e-02,-4.329055001880949827e-01,-6.871965873514350731e-01
9.000000000000003553e-01,3.551102648100186165e-01,1.059858324026200060e+00,-3.832491815833076187e-01,-8.333781445366472695e-02,-4.139401188148811306e-01,-6.838997954879337815e-01
9.066666666666671759e-01,3.542234943933926794e-01,1.059807416796484381e+00,-3.942904657030180116e-01,-1.037545280888766269e-01,-3.945110712846807144e-01,-6.795862965565714342e-01
9.133333333333339965e-01,3.532678797801034332e-01,1.059498153577233870e+00,-4.051124868440147964e-01,-1.240889255079482140e-01,-3.746394022845573324e-01,-6.742612659424881416e-01
9.199999999999999289e-01,3.522430042311912035e-01,1.058928802963031046e+00,-4.157085364554477525e-01,-1.443246639101029016e-01,-3.543467680323199587e-01,-6.679314802482998470e-01
9.266666666666667496e-01,3.511485097791915422e-01,1.058097824597197256e+00,-4.260720448546916339e-01,-1.644454268915199746e-01,-3.336554082862769888e-01,-6.606053124279575028e-01
9.333333333333335702e-01,3.499840982811937007e-01,1.057003873654565052e+00,-4.361965909946282083e-01,-1.844349456182836078e-01,-3.125881170314106505e-01,-6.522927237238385079e-01
9.400000000000003908e-01,3.487495324063882296e-01,1.055645805108040847e+00,-4.460759121483604539e-01,-2.042770202145308411e-01,-2.911682118831374622e-01,-6.430052523868999836e-01
9.466666666666672114e-01,3.474446365549493931e-01,1.054022677767072924e+00,-4.557039134911286538e-01,-2.239555413268341233e-01,-2.694195022537248518e-01,-6.327559991677305096e-01
9.533333333333340320e-01,3.460692977051810226e-01,1.052133758076361447e+00,-4.650746775590209880e-01,-2.434545118246704276e-01,-2.473662563303015427e-01,-6.215596095745249405e-01
9.599999999999999645e-01,3.446234661859424175e-01,1.049978523663431806e+00,-4.741824735639519339e-01,-2.627580685957281448e-01,-2.250331669172052629e-01,-6.094322529023675772e-01
9.666666666666667851e-01,3.431071563714768735e-01,1.047556666623998822e+00,-4.830217665443036212e-01,-2.818505043937935550e-01,-2.024453161991424111e-01,-5.963915980467088263e-01
9.733333333333336057e-01,3.415204472958706661e-01,1.044868096534395496e+00,-4.915872263306105272e-01,-3.007162896960410281e-01,-1.796281394852850266e-01,-5.824567861225424803e-01
9.800000000000004263e-01,3.398634831844960513e-01,1.041912943180729467e+00,-4.998737363056997562e-01,-3.193400945257361956e-01,-1.566073879979755223e-01,-5.676483999195015562e-01
9.866666666666672469e-01,3.381364738999190211e-01,1.038691558994832009e+00,-5.078764019387919104e-01,-3.377068101956500201e-01,-1.334090907731446951e-01,-5.519884302318609492e-01
9.933333333333340676e-01,3.363396952998927159e-01,1.035204521187536919e+00,-5.155905590732144939e-01,-3.558015709268785853e-01,-1.100595157428542331e-01,-5.355002391112528848e-01
1.000000000000000000e+00,3.344734895052070001e-01,1.031452633570296484e+00,-5.230117819475857965e-01,-3.736097752972760699e-01,-8.658513007354151636e-02,-5.182085200987072149e-01
1.006666666666666821e+00,3.325382650753223590e-01,1.027436928056677967e+00,-5.301358909305918798e-01,-3.911171074733384434e-01,-6.301255983655465465e-02,-5.001392555014283481e-01
1.013333333333333641e+00,3.305344970898827506e-01,1.023158665835824932e+00,-5.369589599498001409e-01,-4.083095581791258422e-01,-3.936854909040937711e-02,-4.813196707884516146e-01
1.020000000000000462e+00,3.284627271343777966e-01,1.018619338210569936e+00,-5.434773235953400672e-01,-4.251734453556881288e-01,-1.567991845686338842e-02,-4.617781861879768912e-01
1.026666666666667282e+00,3.263235631884083277e-01,1.013820667093491057e+00,-5.496875838797181668e-01,-4.416954344644648534e-01,8.026476724627059148e-03,-4.415443655777105958e-01
1.033333333333333215e+00,3.241176794151995333e-01,1.008764605154862659e+00,-5.555866166355403202e-01,-4.578625583882642847e-01,3.172378857723689299e-02,-4.206488627679331183e-01
1.040000000000000036e+00,3.218458158512070844e-01,1.003453335617125353e+00,-5.611715775334750189e-01,-4.736622368836958530e-01,5.538521911300874068e-02,-3.991233652852159142e-01
1.046666666666666856e+00,3.195087779948647677e-01,9.978892716912078908e-01,-5.664399077034079077e-01,-4.890822955393354099e-01,7.898406281429452835e-02,-3.770005357727063133e-01
1.053333333333333677e+00,3.171074362937362223e-01,9.920750556507657025e-01,-5.713893389424189451e-01,-5.041109841944425574e-01,1.024937492781168302e-01,-3.543139511306503397e-01
1.060000000000000497e+00,3.146427255295518588e-01,9.860135575411549391e-01,-5.760178984939466895e-01,-5.187369947737265896e-01,1.258878858298287107e-01,-3.310980395282998590e-01
1.066666666666667318e+00,3.121156441008341997e-01,9.797078735207489508e-01,-5.803239133832961416e-01,-5.329494784944764918e-01,1.491403000113706023e-01,-3.073880154255246855e-01
1.073333333333333250e+00,3.095272532030464707e-01,9.731613238329918092e-01,-5.843060142954915603e-01,-5.467380624033204572e-01,1.722250818486086577e-01,-2.832198127492869255e-01
1.080000000000000071e+00,3.068786759064302538e-01,9.663774504084158279e-01,-5.879631389823730681e-01,-5.600928652009768971e-01,1.951166258016958088e-01,-2.586300163766068194e-01
1.086666666666666892e+00,3.041710961319361028e-01,9.593600140966751511e-01,-5.912945351867895383e-01,-5.730045123145818264e-01,2.177896723021331138e-01,-2.336557920817328160e-01
1.093333333333333712e+00,3.014057575258904387e-01,9.521129915295066803e-01,-5.942997630727335778e-01,-5.854641501785452506e-01,2.402193487802297411e-01,-2.083348151108852520e-01
1.100000000000000533e+00,2.985839622342858490e-01,9.446405716163852606e-01,-5.969786971513162399e-01,-5.974634596863807046e-01,2.623812100869687969e-01,-1.827051975531597261e-01
1.106666666666667354e+00,2.957070695778238889e-01,9.369471516755182305e-01,-5.993315276935653468e-01,-6.089946687775822376e-01,2.842512782148881034e-01,-1.568054146809168270e-01
1.113333333333333286e+00,2.927764946290870585e-01,9.290373332036970799e-01,-6.013587616221626186e-01,-6.200505641253727385e-01,3.058060812234841275e-01,-1.306742304372319752e-01
1.120000000000000107e+00,2.897937066934604400e-01,9.209159172894169076e-01,-6.030612228754137494e-01,-6.306245018930287660e-01,3.270226912758377180e-01,-1.043506222517097543e-01
1.126666666666666927e+00,2.867602276956685015e-01,9.125878996745495630e-01,-6.044400522379386187e-01,-6.407104175284765724e-01,3.478787616946545924e-01,-7.787370536915905195e-02
1.133333333333333748e+00,2.836776304740378785e-01,9.040584654707541912e-01,-6.054967066338237114e-01,-6.503028345689723100e-01,3.683525629476988583e-01,-5.128265687826136232e-02
1.140000000000000568e+00,2.805475369848358103e-01,8.953329835376739876e-01,-6.062329578792320373e-01,-6.593968724298935324e-01,3.884230174746802766e-01,-2.461663962942987199e-02
1.146666666666667389e+00,2.773716164192753797e-01,8.864170005308635858e-01,-6.066508908927726873e-01,-6.679882531539957924e-01,4.080697332700285451e-01,2.085273767468049516e-03
1.153333333333333321e+00,2.741515832360118532e-01,8.773162346282377122e-01,-6.067529013632376733e-01,-6.760733070999094263e-01,4.272730361386495312e-01,2.878417667397416974e-02
1.160000000000000142e+00,2.708891951121871200e-01,8.680365689446966071e-01,-6.065416928756518500e-01,-6.836489775511633837e-01,4.460140005446976419e-01,5.544140369067072222e-02
1.166666666666666963e+00,2.675862508163012743e-01,8.585840446454222619e-01,-6.060202734979265315e-01,-6.907128242296176612e-01,4.642744789766206637e-01,8.201860527011267665e-02
1.173333333333333783e+00,2.642445880064152597e-01,8.489648537691543151e-01,-6.051919518317639968e-01,-6.972630256998610943e-01,4.820371297552116796e-01,1.084778214845674299e-01
1.180000000000000604e+00,2.608660809573949413e-01,8.391853317735621376e-01,-6.040603325328206541e-01,-7.032983806538685156e-01,4.992854432151530020e-01,1.347815547596689922e-01
1.186666666666667425e+00,2.574526382211179687e-01,8.292519498155971336e-01,-6.026293113064983276e-01,-7.088183080680134918e-01,5.160037661945223730e-01,1.608928413873202679e-01
1.193333333333333357e+00,2.540062002237564176e-01,8.191713067804687887e-01,-6.009030693870921480e-01,-7.138228462273826791e-01,5.321773247709664645e-01,1.867753216340303501e-01
1.200000000000000178e+00,2.505287368044403218e-01,8.089501210736025349e-01,-5.988860675093711228e-01,-7.183126506152345270e-01,5.477922451876980903e-01,2.123933082643459369e-01
1.206666666666666998e+00,2.470222446997822896e-01,7.985952221906277293e-01,-5.965830393830089395e-01,-7.222889906683674921e-01,5.628355729171395927e-01,2.377118533031222503e-01
1.213333333333333819e+00,2.434887449789113756e-01,7.881135420810998493e-01,-5.939989846815963981e-01,-7.257537454021177892e-01,5.772952898149011913e-01,2.626968128650704615e-01
1.220000000000000639e+00,2.399302804338220296e-01,7.775121063222771856e-01,-5.911391615592687110e-01,-7.287093979116627818e-01,5.911603293218286037e-01,2.873149098852987304e-01
1.226666666666666572e+00,2.363489129299866931e-01,7.667980251198510677e-01,-5.880090787092524529e-01,-7.311590287592838466e-01,6.044205896770653563e-01,3.115337945904243511e-01
1.233333333333333393e+00,2.327467207223138101e-01,7.559784841530634569e-01,-5.846144869798738375e-01,-7.331063082601931846e-01,6.170669451104385805e-01,3.353221025562519997e-01
1.240000000000000213e+00,2.291257957416514557e-01,7.450607352821403406e-01,-5.809613705647772575e-01,-7.345554876824792467e-01,6.290912549879724702e-01,3.586495102049718220e-01
1.246666666666667034e+00,2.254882408571438346e-01,7.340520871364107913e-01,-5.770559377852680916e-01,-7.355113893796390023e-01,6.404863708899359853e-01,3.814867876023056437e-01
1.253333333333333854e+00,2.218361671198364748e-01,7.229598956018858935e-01,-5.729046114838125536e-01,-7.359793958770480815e-01,6.512461416065343789e-01,4.038058484229991585e-01
1.260000000000000675e+00,2.181716909930069559e-01,7.117915542274119156e-01,-5.685140190488027212e-01,-7.359654379365498933e-01,6.613654160421309491e-01,4.255797969614923959e-01
1.266666666666666607e+00,2.144969315747572436e-01,7.005544845688147504e-01,-5.638909820917128446e-01,-7.354759816261200456e-01,6.708400440247074270e-01,4.467829720734721732e-01
1.273333333333333428e+00,2.108140078184521649e-01,6.892561264906925667e-01,-5.590425057987351565e-01,-7.345180144242726694e-01,6.796668750231432687e-01,4.673909879432888159e-01
1.280000000000000249e+00,2.071250357566205569e-01,6.779039284457054615e-01,-5.539757679798938961e-01,-7.330990303914975970e-01,6.878437547807587649e-01,4.873807715818693209e-01
1.286666666666667069e+00,2.034321257339496980e-01,6.665053377513402433e-01,-5.486981078394672640e-01,-7.312270144435676356e-01,6.953695198794402899e-01,5.067305969697499801e-01
1.293333333333333890e+00,1.997373796550063474e-01,6.550677908842096331e-01,-5.432170144923295085e-01,-7.289104257639980045e-01,7.022439902544994617e-01,5.254201157701418046e-01
1.300000000000000711e+00,1.960428882522985972e-01,6.435987038119651560e-01,-5.375401152515202341e-01,-7.261581803952740222e-01,7.084679596862025752e-01,5.434303845474979244e-01
1.306666666666666643e+00,1.923507283802631807e-01,6.321054623828625818e-01,-5.316751637129898400e-01,-7.229796330507002322e-01,7.140431842996197709e-01,5.607438884378307398e-01
1.313333333333333464e+00,1.886629603407121436e-01,6.205954127929287356e-01,-5.256300276640110125e-01,-7.193845581908142606e-01,7.189723691100637915e-01,5.773445612279928252e-01
1.320000000000000284e+00,1.849816252452105847e-01,6.090758521505185152e-01,-5.194126768422384632e-01,-7.153831304102868938e-01,7.232591526568900031e-01,5.932178018122407082e-01
1.326666666666667105e+00,1.813087424197743214e-01,5.975540191578487814e-01,-5.130311705727859106e-01,-7.109859041830606241e-01,7.269080897738002811e-01,6.083504870056094527e-01
1.333333333333333925e+00,1.776463068571824400e-01,5.860370849288193407e-01,-5.064936453110119308e-01,-7.062037930151633391e-01,7.299246325490084120e-01,6.227309807048888590e-01
1.340000000000000746e+00,1.739962867220847254e-01,5.745321439621116077e-01,-4.998083021189370645e-01,-7.010480480561734895e-01,7.323151095336623007e-01,6.363491393992761758e-01
1.346666666666666679e+00,1.703606209139601479e-01,5.630462052881696211e-01,-4.929833941033628375e-01,-6.955302362216841949e-01,7.340867032617670596e-01,6.491963140440256685e-01
1.353333333333333499e+00,1.667412166928375905e-01,5.515861838082376511e-01,-4.860272138438299638e-01,-6.896622178803292202e-01,7.352474261494845731e-01,6.612653483215942263e-01
1.360000000000000320e+00,1.631399473725339000e-01,5.401588918431304842e-01,-4.789480808385292998e-01,-6.834561241599796944e-01,7.358060948460912742e-01,6.725505733258495544e-01
1.366666666666667140e+00,1.595586500859944024e-01,5.287710309088781147e-01,-4.717543289961739217e-01,-6.769243339285903049e-01,7.357723031130352087e-01,6.830477987158009023e-01
1.373333333333333961e+00,1.559991236271351389e-01,5.174291837357826163e-01,-4.644542942016438025e-01,-6.700794505058721429e-01,7.351563933114293459e-01,6.927543003960240364e-01
1.380000000000000782e+00,1.524631263733886299e-01,5.061398065467950236e-01,-4.570563019829440576e-01,-6.629342781624872893e-01,7.339694265819424190e-01,7.016688047914027004e-01
1.386666666666666714e+00,1.489523742929460270e-01,4.949092216104156727e-01,-4.495686553066468027e-01,-6.555017984637987460e-01,7.322231518043771370e-01,7.097914697939925466e-01
1.393333333333333535e+00,1.454685390404652778e-01,4.837436100826003060e-01,-4.419996225285499070e-01,-6.477951465153630739e-01,7.299299734272586271e-01,7.171238624696614217e-01
1.400000000000000355e+00,1.420132461447835837e-01,4.726490051513668189e-01,-4.343574255257521832e-01,-6.398275871673315685e-01,7.271029182604726859e-01,7.236689336216539647e-01
1.406666666666667176e+00,1.385880732919278491e-01,4.616312854969883972e-01,-4.266502280357434285e-01,-6.316124912347108600e-01,7.237556013263891641e-01,7.294309893173288595e-01
1.413333333333333997e+00,1.351945487064662166e-01,4.506961690797983699e-01,-4.188861242274208863e-01,-6.231633117900519103e-01,7.199021908669679393e-01,7.344156594929750481e-01
1.419999999999999929e+00,1.318341496339809904e-01,4.398492072667490871e-01,-4.110731275281845898e-01,-6.144935605845595061e-01,7.155573726060761031e-01,7.386298637598210926e-01
1.426666666666666750e+00,1.285083009271754673e-01,4.290957793069452575e-01,-4.032191597304325414e-01,-6.056167846528756060e-01,7.107363133676218858e-01,7.420817745420509315e-01
1.433333333333333570e+00,1.252183737378518846e-01,4.184410871654241637e-01,-3.953320403998758503e-01,-5.965465431558611975e-01,7.054546241511537863e-01,7.447807776848333061e-01
1.440000000000000391e+00,1.219656843167148258e-01,4.078901507234861112e-01,-3.874194766071278329e-01,-5.872963845146187412e-01,6.997283227672536077e-01,7.467374306769910541e-01
1.446666666666667211e+00,1.187514929226701488e-01,3.974478033528787702e-01,-3.794890530029866316e-01,-5.778798238877346227e-01,6.935737961353870551e-01,7.479634186390140549e-01
1.453333333333334032e+00,1.155770028429974061e-01,3.871186878701363687e-01,-3.715482222567497717e-01,-5.683103210423049445e-01,6.870077623468642258e-01,7.484715082325784641e-01
1.459999999999999964e+00,1.124433595254818175e-01,3.769072528763386387e-01,-3.636042958757491617e-01,-5.586012586677390201e-01,6.800472325951882890e-01,7.482754996525943225e-01
1.466666666666666785e+00,1.093516498232960932e-01,3.668177494865252353e-01,-3.556644354231056071e-01,-5.487659211796096503e-01,6.727094730753669927e-01,7.473901768670337953e-01
1.473333333333333606e+00,1.063029013531271022e-01,3.568542284519519714e-01,-3.477356441494618422e-01,-5.388174740589612988e-01,6.650119669527041477e-01,7.458312562733852014e-01
1.480000000000000426e+00,1.032980819667462247e-01,3.470205376773300987e-01,-3.398247590531718876e-01,-5.287689437704885531e-01,6.569723765002043470e-01,7.436153339435144227e-01
1.486666666666667247e+00,1.003380993359271195e-01,3.373203201341403168e-01,-3.319384433821077618e-01,-5.186331983008796165e-01,6.486085055020073264e-01,7.407598316310060049e-01
1.493333333333334068e+00,9.742380065032361924e-02,3.277570121700689176e-01,-3.240831795888978739e-01,-5.084229283563763691e-01,6.399382620182361148e-01,7.372829417166795185e-01
1.500000000000000000e+00,9.455597242762947552e-02,3.183338422135763013e-01,-3.162652627500333047e-01,-4.981506292562621896e-01,6.309796216043054295e-01,7.332035712689430884e-01
1.506666666666666821e+00,9.173534043505786328e-02,3.090538298715827525e-01,-3.084907944578854089e-01,-4.878285835565402406e-01,6.217505910750955600e-01,7.285412853959561952e-01
1.513333333333333641e+00,8.896256972089762460e-02,2.999197854172418465e-01,-3.007656771932639694e-01,-4.774688444355336125e-01,6.122691729014803075e-01,7.233162500662230210e-01
1.520000000000000462e+00,8.623826475463021446e-02,2.909343096637803106e-01,-2.930956091847223277e-01,-4.670832198705253124e-01,6.025533303235059979e-01,7.175491745732581750e-01
1.526666666666667282e+00,8.356296967382344232e-02,2.820997942194081731e-01,-2.854860797593875565e-01,-4.566832576318822223e-01,5.926209532610754449e-01,7.112612538183314959e-01
1.533333333333334103e+00,8.093716863575975418e-02,2.734184221173540652e-01,-2.779423651886648861e-01,-4.462802311183617920e-01,5.824898250993044702e-01,7.044741105830638617e-01
1.540000000000000036e+00,7.836128627150595882e-02,2.648921688141616659e-01,-2.704695250307398435e-01,-4.358851260545248962e-01,5.721775904218182607e-01,6.972097379607955503e-01
1.546666666666666856e+00,7.583568823989075836e-02,2.565228035484889979e-01,-2.630723989703900867e-01,-4.255086280683557654e-01,5.617017237611434677e-01,6.894904421122158844e-01
1.553333333333333677e+00,7.336068187862573864e-02,2.483118910517993494e-01,-2.557556041552161430e-01,-4.151611111643473406e-01,5.510794994310593831e-01,6.813387855067505328e-01
1.560000000000000497e+00,7.093651694958616472e-02,2.402607936015082046e-01,-2.485235330260254505e-01,-4.048526271044526892e-01,5.403279625013079901e-01,6.727775308066650251e-01
1.566666666666667318e+00,6.856338647505985651e-02,2.323706734063704094e-01,-2.413803516377462377e-01,-3.945928957064461229e-01,5.294639009704605881e-01,6.638295855457999606e-01
1.573333333333333250e+00,6.624142766157709028e-02,2.246424953131505309e-01,-2.343299984659259205e-01,-3.843912960663830036e-01,5.185038191879990377e-01,6.545179477493139331e-01
1.580000000000000071e+00,6.397072290775165926e-02,2.170770298229213191e-01,-2.273761836925770885e-01,-3.742568587090190912e-01,5.074639125718363175e-01,6.448656526348297557e-01
1.586666666666666892e+00,6.175130089239429243e-02,2.096748564046837793e-01,-2.205223889638839307e-01,-3.641982586672419253e-01,4.963600436625685286e-01,6.348957205289570416e-01
1.593333333333333712e+00,5.958313773900378307e-02,2.024363670933968795e-01,-2.137718676110718363e-01,-3.542238094888121025e-01,4.852077195507647489e-01,6.246311061263737363e-01
1.600000000000000533e+00,5.746615825260045080e-02,1.953617703589505816e-01,-2.071276453245812221e-01,-3.443414581659913765e-01,4.740220707085682772e-01,6.140946492114813804e-01
1.606666666666667354e+00,5.540023722473973178e-02,1.884510952321066524e-01,-2.005925212705762239e-01,-3.345587809809865143e-01,4.628178312518210213e-01,6.033090269551759643e-01
1.613333333333333286e+00,5.338520080243195493e-02,1.817041956729817942e-01,-1.941690696377586234e-01,-3.248829802575516346e-01,4.516093206538668303e-01,5.922967078915118977e-01
1.620000000000000107e+00,5.142082791659760566e-02,1.751207551672423757e-01,-1.878596416014590986e-01,-3.153208820065860896e-01,4.404104269271472694e-01,5.810799076710346789e-01
1.626666666666666927e+00,4.950685176560624956e-02,1.687002915348327914e-01,-1.816663676910357517e-01,-3.058789344511439467e-01,4.292345912836991739e-01,5.696805466793354311e-01
1.633333333333333748e+00,4.764296134938036942e-02,1.624421619357640789e-01,-1.755911605457317615e-01,-2.965632074139451513e-01,4.180947942807177742e-01,5.581202096010051683e-01
1.640000000000000568e+00,4.582880304949513151e-02,1.563455680572482798e-01,-1.696357180433311351e-01,-2.873793925482563405e-01,4.070035434524763573e-01,5.464201070006483585e-01
1.646666666666667389e+00,4.406398225066899405e-02,1.504095614662764313e-01,-1.638015267852052093e-01,-2.783328043908907534e-01,3.959728624251238061e-01,5.346010389840110122e-01
1.653333333333333321e+00,4.234806499901951071e-02,1.446330491116054606e-01,-1.580898659206640411e-01,-2.694283822140782769e-01,3.850142815062118085e-01,5.226833609936188951e-01
1.660000000000000142e+00,4.068057969245355426e-02,1.390147989590381217e-01,-1.525018112929204250e-01,-2.606706926510757305e-01,3.741388297362741588e-01,5.106869517846496231e-01
1.666666666666666963e+00,3.906101879856965775e-02,1.335534457438550260e-01,-1.470382398884362563e-01,-2.520639330686343382e-01,3.633570283853899130e-01,4.986311836181088197e-01
1.673333333333333783e+00,3.748884059547474140e-02,1.282474968242807989e-01,-1.416998345709566953e-01,-2.436119356578159145e-01,3.526788858734349885e-01,4.865348946997879453e-01
1.680000000000000604e+00,3.596347093095432490e-02,1.230953381199435259e-01,-1.364870890811462067e-01,-2.353181722131615916e-01,3.421138940886678803e-01,4.744163638849823172e-01
1.686666666666667425e+00,3.448430499548787997e-02,1.180952401194131779e-01,-1.314003132824179687e-01,-2.271857595688631937e-01,3.316710260754347495e-01,4.622932876605782004e-01
1.693333333333333357e+00,3.305070910466502421e-02,1.132453639410777452e-01,-1.264396386333031252e-01,-2.192174656593753879e-01,3.213587350581028068e-01,4.501827594079088612e-01
1.700000000000000178e+00,3.166202248663652075e-02,1.085437674318385781e-01,-1.216050238665274258e-01,-2.114157161708353772e-01,3.111849547648786185e-01,4.381012509417671064e-01
1.706666666666666998e+00,3.031755907032374076e-02,1.039884112883726064e-01,-1.168962608548598792e-01,-2.037826017487304742e-01,3.011571010119220571e-01,4.260645963131688418e-01
1.713333333333333819e+00,2.901660927021213268e-02,9.957716518601883449e-02,-1.123129806437604405e-01,-1.963198857264672748e-01,2.912820745051610816e-01,4.140879778559258817e-01
1.720000000000000639e+00,2.775844176366712782e-02,9.530781390069803516e-02,-1.078546596308888050e-01,-1.890290123388573551e-01,2.815662648144290348e-01,4.021859144498262650e-01
1.726666666666667460e+00,2.654230525683394515e-02,9.117806340966522205e-02,-1.035206258726345668e-01,-1.819111153840341222e-01,2.720155554720141700e-01,3.903722519662652379e-01
1.733333333333333393e+00,2.536743023531622815e-02,8.718554695732132209e-02,-9.931006549799435701e-02,-1.749670272969599261e-01,2.626353301454165123e-01,3.786601558555387492e-01
1.740000000000000213e+00,2.423303069597034648e-02,8.332783107277229317e-02,-9.522202921034950140e-02,-1.681972885974635512e-01,2.534304798320677343e-01,3.670621058287317773e-01
1.746666666666667034e+00,2.313830585630288761e-02,7.960242152631805124e-02,-9.125543885798519106e-02,-1.616021576756689893e-01,2.444054110219751885e-01,3.555898925812134848e-01
1.753333333333333854e+00,2.208244183811706660e-02,7.600676921257601415e-02,-8.740909405453863024e-02,-1.551816208777271611e-01,2.355640547727146927e-01,3.442546164992162372e-01
1.760000000000000675e+00,2.106461332221861923e-02,7.253827594849433791e-02,-8.368167883096401527e-02,-1.489354028549474962e-01,2.269098766399064715e-01,3.330666882858346889e-01
1.766666666666666607e+00,2.008398517116300255e-02,6.919430017508404474e-02,-8.007176830105615373e-02,-1.428629771397348924e-01,2.184458874052740696e-01,3.220358314380467046e-01
1.773333333333333428e+00,1.913971401720206134e-02,6.597216255229372550e-02,-7.657783532307628482e-02,-1.369635769121674007e-01,2.101746545435956293e-01,3.111710865020416161e-01
1.780000000000000249e+00,1.823094981276916077e-02,6.286915143706528486e-02,-7.319825714057225097e-02,-1.312362059215989030e-01,2.020983143693116935e-01,3.004808170302444847e-01
1.786666666666667069e+00,1.735683734102638764e-02,5.988252823523793761e-02,-6.993132198607550365e-02,-1.256796495283286075e-01,1.942185848032505491e-01,2.899727171599613129e-01
1.793333333333333890e+00,1.651651768418503641e-02,5.700953261861079618e-02,-6.677523563198760337e-02,-1.202924858311436307e-01,1.865367786998604060e-01,2.796538207305364621e-01
1.800000000000000711e+00,1.570912964750008356e-02,5.424738759912699215e-02,-6.372812787363341114e-02,-1.150730968474036470e-01,1.790538176754951638e-01,2.695305118533049549e-01
1.806666666666666643e+00,1.493381113703066108e-02,5.159330445280271848e-02,-6.078805893015585410e-02,-1.100196797132933640e-01,1.717702463786769662e-01,2.596085368464537413e-01
1.813333333333333464e+00,1.418970048944992977e-02,4.904448748668956137e-02,-5.795302574965200543e-02,-1.051302578729109566e-01,1.646862471438489406e-01,2.498930174451549080e-01
1.820000000000000284e+00,1.347593775237956350e-02,4.659813864282596335e-02,-5.522096820570022990e-02,-1.004026922259826787e-01,1.578016549709219951e-01,2.403884651960074281e-01
1.826666666666667105e+00,1.279166591391459745e-02,4.425146193380025128e-02,-5.258977517319878003e-02,-9.583469220518822662e-02,1.511159727739060377e-01,2.310987969439082801e-01
1.833333333333333925e+00,1.213603208019373852e-02,4.200166770521168019e-02,-5.005729047222395867e-02,-9.142382675534226066e-02,1.446283868430819353e-01,2.220273513189622572e-01
1.840000000000000746e+00,1.150818860005711590e-02,3.984597672097435483e-02,-4.762131866941727437e-02,-8.716753518799436051e-02,1.383377824665123212e-01,2.131769061309190527e-01
1.846666666666666679e+00,1.090729413601764473e-02,3.778162406805944673e-02,-4.527963072722253346e-02,-8.306313788638042261e-02,1.322427596581859377e-01,2.045496965788871913e-01
1.853333333333333499e+00,1.033251468095295819e-02,3.580586287791188982e-02,-4.302996949211094352e-02,-7.910784683706958975e-02,1.263416489417428235e-01,1.961474341846976832e-01
1.860000000000000320e+00,9.783024520101421539e-03,3.391596786240640149e-02,-4.087005501375328559e-02,-7.529877596610179413e-02,1.206325271405090105e-01,1.879713263592647787e-01
1.866666666666667140e+00,9.258007138117847409e-03,3.210923866282178879e-02,-3.879758968791799378e-02,-7.163295125888759218e-02,1.151132331264808767e-01,1.800220965125984840e-01
1.873333333333333961e+00,8.756656071111658043e-03,3.038300301091095140e-02,-3.681026321669043921e-02,-6.810732064464398994e-02,1.097813834829184515e-01,1.723000046197462609e-01
1.880000000000000782e+00,8.278175703751522799e-03,2.873461970172451127e-02,-3.490575738041792192e-02,-6.471876362765420498e-02,1.046343880373275387e-01,1.648048681568573814e-01
1.886666666666666714e+00,7.821782011676060506e-03,2.716148137840689383e-02,-3.308175061658490124e-02,-6.146410064916470878e-02,9.966946522381484042e-02,1.575360833237601510e-01
1.893333333333333535e+00,7.386703249599280152e-03,2.566101712972384055e-02,-3.133592240160935211e-02,-5.834010216525711140e-02,9.488365723607969371e-02,1.504926464718926438e-01
1.900000000000000355e+00,6.972180585641674609e-03,2.423069490159780043e-02,-2.966595743232272944e-02,-5.534349742755444862e-02,9.027384493464538084e-02,1.436731756591124176e-01
1.906666666666667176e+00,6.577468682553250408e-03,2.286802372442206174e-02,-2.806954960464932980e-02,-5.247098295513123734e-02,8.583676247432082962e-02,1.370759322558116333e-01
1.913333333333333997e+00,6.201836226622736703e-03,2.157055575839370368e-02,-2.654440578773384352e-02,-4.971923068748960312e-02,8.156901162030656682e-02,1.306988425298562795e-01
1.920000000000000817e+00,5.844566405187568217e-03,2.033588815954959217e-02,-2.508824939247603081e-02,-4.708489580993559936e-02,7.746707572380760742e-02,1.245395191411296787e-01
1.926666666666666750e+00,5.504957333771974895e-03,1.916166476960697723e-02,-2.369882373411737533e-02,-4.456462424413242668e-02,7.352733333047478670e-02,1.185952824798732347e-01
1.933333333333333570e+00,5.182322433985256209e-03,1.804557763310096763e-02,-2.237389518918368736e-02,-4.215505979801836833e-02,6.974607139745810092e-02,1.128631817865540787e-01
1.940000000000000391e+00,4.875990763409087866e-03,1.698536834567411502e-02,-2.111125614771869330e-02,-3.985285097065082577e-02,6.611949809730656435e-02,1.073400159946336502e-01
1.946666666666667211e+00,4.585307298791450187e-03,1.597882923770859928e-02,-1.990872776234516375e-02,-3.765465740886937696e-02,6.264375518938022913e-02,1.020223542413384726e-01
1.953333333333334032e+00,4.309633173945344453e-03,1.502380439779829081e-02,-1.876416249626083541e-02,-3.555715601395759845e-02,5.931492994184132256e-02,9.690655599532570219e-02
1.959999999999999964e+00,4.048345873822981923e-03,1.411819054083726654e-02,-1.767544647281494782e-02,-3.355704669772065218e-02,5.612906658965294976e-02,9.198879075396958205e-02
1.966666666666666785e+00,3.800839386300538299e-03,1.325993772575159019e-02,-1.664050162981698874e-02,-3.165105778858081503e-02,5.308217731632791647e-02,8.726505726685250541e-02
1.973333333333333606e+00,3.566524313265089386e-03,1.244704992812413827e-02,-1.565728768220178355e-02,-2.983595108942335705e-02,5.017025274942679691e-02,8.273120224590681249e-02
1.980000000000000426e+00,3.344827942643831351e-03,1.167758547315696747e-02,-1.472380389711278569e-02,-2.810852658999777459e-02,4.738927196199872044e-02,7.838293852650005111e-02
1.986666666666667247e+00,3.135194283056585984e-03,1.094965733458351520e-02,-1.383809068586960671e-02,-2.646562683769274407e-02,4.473521197427998003e-02,7.421586264757519535e-02
1.993333333333334068e+00,2.937084062805786575e-03,1.026143330528334931e-02,-1.299823101765456082e-02,-2.490414097145474126e-02,4.220405675201187312e-02,7.022547182272530220e-02
2.000000000000000000e+00,2.749974694944034258e-03,9.611136045466808428e-03,-1.220235166008780923e-02,-2.342100842450985793e-02,3.979180569970167114e-02,6.640718027778934329e-02
2.006666666666666821e+00,2.573360210177960770e-03,8.997043014385667711e-03,-1.144862425216044803e-02,-2.201322230237406224e-02,3.749448164902585701e-02,6.275633493418482367e-02
2.013333333333333641e+00,2.406751159378913655e-03,8.417486291589813124e-03,-1.073526621526093433e-02,-2.067783244339863047e-02,3.530813834435782284e-02,5.926823042073081638e-02
2.020000000000000462e+00,2.249674487476041422e-03,7.870852293790179047e-03,-1.006054150826225096e-02,-1.941194816979471133e-02,3.322886742908970348e-02,5.593812340015037743e-02
2.026666666666667282e+00,2.101673380506029979e-03,7.355581393404924014e-03,-9.422761232836274550e-03,-1.821274073771340235e-02,3.125280493800689646e-02,5.276124619976182983e-02
2.033333333333334103e+00,1.962307087586349572e-03,6.870167444860911937e-03,-8.820284095328362675e-03,-1.707744549552637006e-02,2.937613730246125404e-02,4.973281973906470282e-02
2.040000000000000036e+00,1.831150719565643320e-03,6.413157224696271197e-03,-8.251516731660239745e-03,-1.600336375995676380e-02,2.759510687647377669e-02,4.684806574998935658e-02
2.046666666666666856e+00,1.707795026086213934e-03,5.983149791463786109e-03,-7.714913901833551739e-03,-1.498786442015270087e-02,2.590601699317839762e-02,4.410221828850018760e-02
2.053333333333333677e+00,1.591846152769777140e-03,5.578795771369902956e-03,-7.208978560681255331e-03,-1.402838528017615743e-02,2.430523656219422610e-02,4.149053453901664634e-02
2.060000000000000497e+00,1.482925380209007245e-03,5.198796575501587677e-03,-6.732261811560341300e-03,-1.312243415070103204e-02,2.278920421958515949e-02,3.900830491573591130e-02
2.066666666666667318e+00,1.380668846414369842e-03,4.841903554394133731e-03,-6.283362749698375230e-03,-1.226758970097636958e-02,2.135443204303243830e-02,3.665086246740294207e-02
2.073333333333334139e+00,1.284727254328556527e-03,4.506917095578748082e-03,-5.860928201899489806e-03,-1.146150208231632925e-02,1.999750884570966961e-02,3.441359159437394621e-02
2.080000000000000071e+00,1.194765565979936288e-03,4.192685669620281781e-03,-5.463652369283852027e-03,-1.070189333452955562e-02,1.871510306311162733e-02,3.229193608895525314e-02
2.086666666666666892e+00,1.110462684802109978e-03,3.898104830014264242e-03,-5.090276379679894644e-03,-9.986557586799133662e-03,1.750396524775000781e-02,3.028140651197026856e-02
2.093333333333333712e+00,1.031511127599305183e-03,3.622116172159564260e-03,-4.739587756212010512e-03,-9.313361064572769910e-03,1.636093018719359318e-02,2.837758692031137203e-02
2.100000000000000533e+00,9.576166875872689152e-04,3.363706256459713002e-03,-4.410419808529456552e-03,-8.680241914023596392e-03,1.528291866139952840e-02,2.657614096187260050e-02
2.106666666666667354e+00,8.884980898868949546e-04,3.121905500433520483e-03,-4.101650953006496722e-03,-8.085209855597515899e-03,1.426693885565968184e-02,2.487281735573299360e-02
2.113333333333333286e+00,8.238866407933588239e-04,2.895787044535143295e-03,-3.812203968110673344e-03,-7.526345678076269870e-03,1.331008744577474347e-02,2.326345477677240273e-02
2.120000000000000107e+00,7.635258720873754372e-04,2.684465596196435565e-03,-3.541045190987108984e-03,-7.001800584458556936e-03,1.240955037227213509e-02,2.174398616505364423e-02
2.126666666666666927e+00,7.071711815976529673e-04,2.487096256411384151e-03,-3.287183661143480620e-03,-6.509795400797956967e-03,1.156260332060630482e-02,2.031044248130113236e-02
2.133333333333333748e+00,6.545894711650044901e-04,2.302873332984757809e-03,-3.049670216944088113e-03,-6.048619658938403712e-03,1.076661192432502683e-02,1.895895593064979290e-02
2.140000000000000568e+00,6.055587830991745546e-04,2.131029144365870816e-03,-2.827596550433921462e-03,-5.616630563858603098e-03,1.001903170815747306e-02,1.768576267753507736e-02
2.146666666666667389e+00,5.598679361595597283e-04,1.970832817784558440e-03,-2.620094225816116569e-03,-5.212251856078767981e-03,9.317407787883411063e-03,1.648720507514947475e-02
2.153333333333333321e+00,5.173161620308829381e-04,1.821589085201133018e-03,-2.426333666700162661e-03,-4.833972579299261087e-03,8.659374343682199951e-03,1.535973343330900194e-02
2.160000000000000142e+00,4.777127432048063819e-04,1.682637080376083892e-03,-2.245523117025048209e-03,-4.480345763133811512e-03,8.042653883439967316e-03,1.429990734886130155e-02
2.166666666666666963e+00,4.408766531186727902e-04,1.553349140159554194e-03,-2.076907580342533810e-03,-4.149987030472775291e-03,7.465056312217999146e-03,1.330439662293099110e-02
2.173333333333333783e+00,4.066361993432647016e-04,1.433129612895962931e-03,-1.919767741922198548e-03,-3.841573138666993723e-03,6.924477823759537208e-03,1.236998178934485548e-02
2.180000000000000604e+00,3.748286705529064512e-04,1.321413676636320556e-03,-1.773418877913069194e-03,-3.553840463362850210e-03,6.418899629540469713e-03,1.149355427851630335e-02
2.186666666666667425e+00,3.452999879535726042e-04,1.217666169650598752e-03,-1.637209755567680183e-03,-3.285583433446552862e-03,5.946386540456316538e-03,1.067211624090226921e-02
2.193333333333333357e+00,3.179043617881128526e-04,1.121380435535536185e-03,-1.510521528304437653e-03,-3.035652925173083338e-03,5.505085415788093899e-03,9.902780053883611031e-03
2.200000000000000178e+00,2.925039534824157988e-04,1.032077185020197898e-03,-1.392766629154258782e-03,-2.802954623164772251e-03,5.093223493607228029e-03,9.182767535569683753e-03
2.206666666666666998e+00,2.689685439424615112e-04,9.493033763829846492e-04,-1.283387665908573057e-03,-2.586447355568546793e-03,4.709106616269286699e-03,8.509408888596067810e-03
2.213333333333333819e+00,2.471752084598923915e-04,8.726311162101001509e-04,-1.181856321058899094e-03,-2.385141410261471841e-03,4.351117364111927073e-03,7.880141396479163965e-03
2.220000000000000639e+00,2.270079986330897858e-04,8.016565820472519588e-04,-1.087672259394147686e-03,-2.198096838593484662e-03,4.017713109918217770e-03,7.292507894519444783e-03
2.226666666666667460e+00,2.083576316618746048e-04,7.359989683238991149e-04,-1.000362045901396048e-03,-2.024421752755921171e-03,3.707424006136228207e-03,6.744155036614113592e-03
2.233333333333333393e+00,1.911211873269528204e-04,6.752994567631126575e-04,-9.194780763998332317e-04,-1.863270622466453152e-03,3.418850916263374388e-03,6.232831378656413825e-03
2.240000000000000213e+00,1.752018129201727377e-04,6.192202123303025075e-04,-8.445975231265529177e-04,-1.713842576267001492e-03,3.150663301212878586e-03,5.756385298470133305e-03
2.246666666666667034e+00,1.605084363486162992e-04,5.674434056210038478e-04,-7.753212972874860094e-04,-1.575379712342579036e-03,2.901597070883278097e-03,5.312762771460249368e-03
2.253333333333333854e+00,1.469554875945557060e-04,5.196702624417658730e-04,-7.112730303875165099e-04,-1.447165423387258886e-03,2.670452410553414424e-03,4.900005020360898543e-03
2.260000000000000675e+00,1.344626286744112637e-04,4.756201411991302992e-04,-6.520980759612136001e-04,-1.328522739669866755e-03,2.456091591127708071e-03,4.516246056635936194e-03
2.266666666666667496e+00,1.229544922030652949e-04,4.350296385798370922e-04,-5.974625331400136834e-04,-1.218812694087632095e-03,2.257436771662548348e-03,4.159710130241282659e-03
2.273333333333333428e+00,1.123604286352376840e-04,3.976517238808152123e-04,-5.470522933134516720e-04,-1.117432712642011826e-03,2.073467802016914965e-03,3.828709103597616615e-03
2.280000000000000249e+00,1.026142622231089396e-04,3.632549022302527771e-04,-5.005721109714629394e-04,-1.023815033428074946e-03,1.903220032891232661e-03,3.521639764752160055e-03
2.286666666666667069e+00,9.365405569898121573e-05,3.316224068310855881e-04,-4.577446996520621435e-04,-9.374251568980062829e-04,1.745782139950142380e-03,3.236981093834182064e-03
2.293333333333333890e+00,8.542188366347727854e-05,3.025514202555590012e-04,-4.183098537640423287e-04,-8.577603298411300495e-04,1.600293968169261586e-03,2.973291496035313387e-03
2.300000000000000711e+00,7.786361463356555651e-05,2.758523247240366014e-04,-3.820235969078376089e-04,-7.843480652179322162e-04,1.465944402004903599e-03,2.729206013476927987e-03
2.306666666666666643e+00,7.092870168053173516e-05,2.513479812128568058e-04,-3.486573571794333208e-04,-7.167446996943153525e-04,1.341969266460642544e-03,2.503433527466944909e-03
2.313333333333333464e+00,6.456998156585269796e-05,2.288730371546378350e-04,-3.179971698122061648e-04,-6.545339904451178510e-04,1.227649263616951546e-03,2.294753961800945381e-03
2.320000000000000284e+00,5.874348226271676384e-05,2.082732624198676045e-04,-2.898429073898292976e-04,-5.973257525330228799e-04,1.122307948701006764e-03,2.102015496930969077e-03
2.326666666666667105e+00,5.340823873262276911e-05,1.894049132007017214e-04,-2.640075377498122579e-04,-5.447545379205326029e-04,1.025309749304215753e-03,1.924131804012644588e-03
2.333333333333333925e+00,4.852611681001852215e-05,1.721341233564461267e-04,-2.403164095917810321e-04,-4.964783569387720089e-04,9.360580309058047456e-04,1.760079307050204604e-03
2.340000000000000746e+00,4.406164503324296831e-05,1.563363227250093431e-04,-2.186065657071057939e-04,-4.521774428175117213e-04,8.539932114326089906e-04,1.608894480591781901e-03
2.346666666666666679e+00,3.998185424704839920e-05,1.418956818554483064e-04,-1.987260836567968840e-04,-4.115530596758847797e-04,7.785909271784970760e-04,1.469671189686189367e-03
2.353333333333333499e+00,3.625612479062682679e-05,1.287045825733615335e-04,-1.805334436425290456e-04,-3.743263541826662892e-04,7.093602520219401261e-04,1.341558078099014959e-03
2.360000000000000320e+00,3.285604107527579498e-05,1.166631137530630986e-04,-1.638969232410072085e-04,-3.402372509184899943e-04,6.458419715173410475e-04,1.223756010101674377e-03
2.366666666666667140e+00,2.975525334753642323e-05,1.056785916379354478e-04,-1.486940186044262099e-04,-3.090433913097184629e-04,5.876069130948867675e-04,1.115515570493352294e-03
2.373333333333333961e+00,2.692934642674316330e-05,9.566510402285334622e-05,-1.348108916692490351e-04,-2.805191158545455908e-04,5.342543332848205973e-04,1.016134626893388897e-03
2.380000000000000782e+00,2.435571520036252893e-05,8.654307758982314469e-05,-1.221418428616670253e-04,-2.544544892259334597e-04,4.854103625849864791e-04,9.249559577513679970e-04
2.386666666666666714e+00,2.201344665618750414e-05,7.823886766972237188e-05,-1.105888087406355828e-04,-2.306543677127639966e-04,4.407265083149609864e-04,8.413649489643458415e-04
2.393333333333333535e+00,1.988320822731701727e-05,7.068436968898419439e-05,-1.000608839780034817e-04,-2.089375083496777233e-04,3.998782155457072007e-04,7.647873614656025207e-04
2.400000000000000355e+00,1.794714222380659733e-05,6.381665154997628463e-05,-9.047386703968170901e-05,-1.891357189870172188e-04,3.625634859599820444e-04,6.946871716569810945e-04
2.406666666666667176e+00,1.618876612385010508e-05,5.757760618740626881e-05,-8.174982890171887608e-05,-1.710930484645872796e-04,3.285015542851677092e-04,6.305644860971883420e-04
2.413333333333333997e+00,1.459287849726597078e-05,5.191362354008018765e-05,-7.381670411025984251e-05,-1.546650159760832872e-04,2.974316217461770774e-04,5.719535314310064504e-04
2.420000000000000817e+00,1.314547033483987206e-05,4.677528117748385556e-05,-6.660790347435046265e-05,-1.397178786444905026e-04,2.691116458109388439e-04,5.184207201487359053e-04
2.426666666666666750e+00,1.183364155864571001e-05,4.211705282369363780e-05,-6.006194766510539846e-05,-1.261279362719805930e-04,2.433171853439861998e-04,4.695627924007226488e-04
2.433333333333333570e+00,1.064552249075689004e-05,3.789703402680319840e-05,-5.412212098356945702e-05,-1.137808721802806056e-04,2.198403001441076837e-04,4.250050337577724029e-04
2.440000000000000391e+00,9.570200060700841075e-06,3.407668423013291721e-05,-4.873614455237098415e-05,-1.025711290186133564e-04,1.984885037190810687e-04,3.843995685037507521e-04
2.446666666666667211e+00,8.597648535535074997e-06,3.062058451173475088e-05,-4.385586818268841892e-05,-9.240131838555464060e-05,1.790837680433900289e-04,3.474237277707565522e-04
2.453333333333334032e+00,7.718664560468468171e-06,2.749621027089050823e-05,-3.943698016783640786e-05,-8.318166308797533110e-05,1.614615789526960103e-04,3.137784915789032514e-04
2.460000000000000853e+00,6.924806302455862498e-06,2.467371815420955783e-05,-3.543873425763613964e-05,-7.482947084409366533e-05,1.454700407508548133e-04,2.831870036208244089e-04
2.466666666666666785e+00,6.208336494098609834e-06,2.212574652935477498e-05,-3.182369307339167702e-05,-6.726863822802066524e-05,1.309690285405919674e-04,2.553931574343857583e-04
2.473333333333333606e+00,5.562169180433191588e-06,1.982722883116577256e-05,-2.855748723147807187e-05,-6.042918364951885784e-05,1.178293867367247568e-04,2.301602524345214523e-04
2.480000000000000426e+00,4.979819976731700721e-06,1.775521912281923965e-05,-2.560858945400124428e-05,-5.424680816450308079e-05,1.059321721802109812e-04,2.072697181253696866e-04
2.486666666666667247e+00,4.455359651222308884e-06,1.588872923349000059e-05,-2.294810295746477647e-05,-4.866248291859785410e-05,9.516794024147276596e-05,1.865199046857120128e-04
2.493333333333334068e+00,3.983370852618490316e-06,1.420857685358725175e-05,-2.054956342463782940e-05,-4.362206203735124565e-05,8.543607228157482265e-05,1.677249380128294470e-04
2.500000000000000000e+00,3.558907808479190552e-06,1.269724398888204851e-05,-1.838875388063656433e-05,-3.907591979203312781e-05,7.664414282912540544e-05,1.507136372210120322e-04
2.506666666666666821e+00,3.177458826667945620e-06,1.133874519556924013e-05,-1.644353181139403684e-05,-3.497861088887514649e-05,6.870732482843692600e-05,1.353284925198115719e-04
2.513333333333333641e+00,2.834911438499799355e-06,1.011850503938446735e-05,-1.469366788099929641e-05,-3.128855275172099781e-05,6.154783131977000659e-05,1.214247013424565310e-04
2.520000000000000462e+00,2.527520028526195249e-06,9.023244243199595628e-06,-1.312069562364584178e-05,-2.796772869295089127e-05,5.509439192466539486e-05,1.088692605554056922e-04
2.526666666666667282e+00,2.251875802278248295e-06,8.040874008933331321e-06,-1.170777150596476738e-05,-2.498141089484437764e-05,4.928176252773198789e-05,9.754011255459250906e-05
2.533333333333334103e+00,2.004878949639107365e-06,7.160398021032340991e-06,-1.043954477616375642e-05,-2.229790215289585145e-05,4.405026657014180131e-05,8.732534304131465530e-05
2.540000000000000036e+00,1.783712867820328275e-06,6.371821660106614273e-06,-9.302036537495976672e-06,-1.988829536366217821e-05,3.934536639883597802e-05,7.812242826980812121e-05
2.546666666666666856e+00,1.585820314151840737e-06,5.666067976454399014e-06,-8.282527505001078313e-06,-1.772624977219032949e-05,3.511726314846670390e-05,6.983752956820096596e-05
2.553333333333333677e+00,1.408881365039112834e-06,5.034899994109100853e-06,-7.369453926063831838e-06,-1.578778302765180563e-05,3.132052366980899144e-05,6.238483295370089081e-05
2.560000000000000497e+00,1.250793063475892636e-06,4.470848936614091363e-06,-6.552311167005168057e-06,-1.405107813023300447e-05,2.791373305823499610e-05,5.568593169051482439e-05
2.566666666666667318e+00,1.109650643410089245e-06,3.967147985919934103e-06,-5.821564489547625987e-06,-1.249630438734519222e-05,2.485917137834174484e-05,4.966924967415359331e-05
2.573333333333334139e+00,9.837302250296999966e-07,3.517671205548905569e-06,-5.168566562484368579e-06,-1.110545153259827267e-05,2.212251322548917885e-05,4.426950356751843939e-05
2.580000000000000071e+00,8.714728806530759805e-07,3.116877278437482903e-06,-4.585481275140705218e-06,-9.862176196519481750e-06,1.967254881139685467e-05,3.942720166162613950e-05
2.586666666666666892e+00,7.714699763629465019e-07,2.759757728609272706e-06,-4.065213440171153279e-06,-8.751659953503281876e-06,1.748092530865900826e-05,3.508817748618610121e-05
2.593333333333333712e+00,6.824496998080716483e-07,2.441789314015837031e-06,-3.601343993814600862e-06,-7.760478204781163207e-06,1.552190723769271232e-05,3.120315625172747118e-05
2.600000000000000533e+00,6.032646897033202875e-07,2.158890295483792862e-06,-3.188070321875114881e-06,-6.876479192147381242e-06,1.377215472889015299e-05,2.772735226487045543e-05
2.606666666666667354e+00,5.328806874831825813e-07,1.907380303702226694e-06,-2.820151359354020349e-06,-6.088672471633120305e-06,1.221051854229050006e-05,2.462009552097788495e-05
2.613333333333334174e+00,4.703661363013570197e-07,1.683943542558446348e-06,-2.492857130786080894e-06,-5.387126210167563076e-06,1.081785077663646094e-05,2.184448574319679400e-05
2.620000000000000107e+00,4.148826571176288120e-07,1.485595082870928768e-06,-2.201922416891601745e-06,-4.762872701395852943e-06,9.576830248980967465e-06,1.936707220323899935e-05
2.626666666666666927e+00,3.656763359714539039e-07,1.309650015668830959e-06,-1.943504251116824023e-06,-4.207821529150757713e-06,8.471801574832706156e-06,1.715755772663812924e-05
2.633333333333333748e+00,3.220697607092712450e-07,1.153695248624389260e-06,-1.714142966972942312e-06,-3.714679838520945706e-06,7.488627026973999124e-06,1.518852535318746395e-05
2.640000000000000568e+00,2.834547494103448818e-07,1.015563743058342301e-06,-1.510726533780969459e-06,-3.276879204960215471e-06,6.614550298373819432e-06,1.343518619138252020e-05
2.646666666666667389e+00,2.492857165455332655e-07,8.933110021127575339e-07,-1.330457934472555962e-06,-2.888508621386790603e-06,5.838071340898299473e-06,1.187514707358316778e-05
2.653333333333333321e+00,2.190736265072248091e-07,7.851936332268690948e-07,-1.170825354477355520e-06,-2.544253151688804152e-06,5.148831496659115779e-06,1.048819668593006542e-05
2.660000000000000142e+00,1.923804875698814103e-07,6.896498199687400574e-07,-1.029574965441799665e-06,-2.239337826450002441e-06,4.537508182724459234e-06,9.256108913498370283e-06
2.666666666666666963e+00,1.688143425829262630e-07,6.052815495801334331e-07,-9.046861015722653865e-07,-1.969476383016614061e-06,3.995718432455133327e-06,8.162462206482523863e-06
2.673333333333333783e+00,1.480247157653311953e-07,5.308384532971151306e-07,-7.943486397812296067e-07,-1.730824477228387582e-06,3.515930637844338687e-06,7.192473837149996008e-06
2.680000000000000604e+00,1.296984778688992989e-07,4.652031266295920397e-07,-6.969424075448851136e-07,-1.519937018227965232e-06,3.091383876874586204e-06,6.332847979681667804e-06
2.686666666666667425e+00,1.135560947099526271e-07,4.073778063355789633e-07,-6.110184544644609659e-07,-1.333729300743551376e-06,2.716014248014703576e-06,5.571636605665598338e-06
2.693333333333333357e+00,9.934822664228763688e-08,3.564722898280126175e-07,-5.352820349731302451e-07,-1.169441631117033175e-06,2.384387670533135186e-06,4.898112246791013906e-06
2.700000000000000178e+00,8.685264896345428788e-08,3.116929912219100369e-07,-4.685771604600896083e-07,-1.024607164135356127e-06,2.091638644282342775e-06,4.302651733088277394e-06
2.706666666666666998e+00,7.587146551743952105e-08,2.723330361868256688e-07,-4.098725893090538657e-07,-8.970226874338957781e-07,1.833414496005547597e-06,3.776630069790754486e-06
2.713333333333333819e+00,6.622858988561089906e-08,2.377633052337310698e-07,-3.582491329875231518e-07,-7.847221088977309648e-07,1.605824671033889966e-06,3.312323668489874644e-06
2.720000000000000639e+00,5.776747055030714937e-08,2.074243420567881211e-07,-3.128881653944292616e-07,-6.859524201146207782e-07,1.405394659490714059e-06,2.902822198669744533e-06
2.726666666666667460e+00,5.034903827779458167e-08,1.808190500894533980e-07,-2.730612311968665538e-07,-5.991519255596244077e-07,1.229024174819249661e-06,2.541948373914891928e-06
2.733333333333333393e+00,4.384985570549194415e-08,1.575061065414384104e-07,-2.381206568820521097e-07,-5.229305428456945744e-07,1.073949229626410260e-06,2.224185033073007088e-06
2.740000000000000213e+00,3.816045073841475931e-08,1.370940288787236979e-07,-2.074910757394689437e-07,-4.560519940892922986e-07,9.377077795207332910e-07,1.944608920427362579e-06
2.746666666666667034e+00,3.318381686765859207e-08,1.192358340134097258e-07,-1.806617849917707252e-07,-3.974177222488264264e-07,8.181086298534382249e-07,1.698830610507472065e-06
2.753333333333333854e+00,2.883406492528918557e-08,1.036242354037356412e-07,-1.571798598330833469e-07,-3.460523792314318003e-07,7.132033230894267650e-07,1.482940062569177636e-06
2.760000000000000675e+00,2.503521209098723059e-08,8.998732784683779092e-08,-1.366439552315321529e-07,-3.010907446660924727e-07,6.212607459843701232e-07,1.293457327044633641e-06
2.766666666666667496e+00,2.172009517181885899e-08,7.808471399705819723e-08,-1.186987320307481201e-07,-2.617659455447805710e-07,5.407442158722927936e-07,1.127287961444723896e-06
2.773333333333333428e+00,1.882939629303546184e-08,6.770403057967011916e-08,-1.030298491641798651e-07,-2.273988574747462118e-07,4.702908242249079295e-07,9.816827463448715242e-07
2.780000000000000249e+00,1.631077017014577699e-08,5.865783591205994313e-08,-8.935946869734924530e-08,-1.973885781010607179e-07,4.086928332806294752e-07,8.542013232595134720e-07
2.786666666666667069e+00,1.411806308577040039e-08,5.078082370939826229e-08,-7.744222495744426581e-08,-1.712038723854131344e-07,3.548809380100419197e-07,7.426794054752283010e-07
2.793333333333333890e+00,1.221061457392008768e-08,4.392733125674497373e-08,-6.706161321706023388e-08,-1.483754979010508917e-07,3.079092210386363380e-07,6.451992403360598748e-07
2.800000000000000711e+00,1.055263362407628379e-08,3.796911289081413148e-08,-5.802675728915969000e-08,-1.284893261600831899e-07,2.669416424400354763e-07,5.600630271284677624e-07
2.806666666666667531e+00,9.112641962339284269e-09,3.279335236806194218e-08,-5.016951898249908910e-08,-1.111801832628484145e-07,2.312399195968063604e-07,4.857690186711979331e-07
2.813333333333333464e+00,7.862977651290032160e-09,2.830089011646195577e-08,-4.334191567930188290e-08,-9.612633988353008370e-08,2.001526646538817258e-07,4.209900570523390209e-07
2.820000000000000284e+00,6.779352878225582785e-09,2.440464359071892901e-08,-3.741381534759596159e-08,-8.304458681455891558e-08,1.731056585134414802e-07,3.645543147477574539e-07
2.826666666666667105e+00,5.840460377014239828e-09,2.102820098847754875e-08,-3.227088110642762191e-08,-7.168583801636828185e-08,1.495931508906861895e-07,3.154280316780517442e-07
2.833333333333333925e+00,5.027623455710482220e-09,1.810457045134938160e-08,-2.781274003943716132e-08,-6.183120838945066771e-08,1.291700857169138653e-07,2.727000566907999880e-07
2.840000000000000746e+00,4.324485083809848966e-09,1.557506858167488311e-08,-2.395135331661848102e-08,-5.328851833187490717e-08,1.114451601879578032e-07,2.355680185660570520e-07
2.846666666666666679e+00,3.716731932951994567e-09,1.338833366554830237e-08,-2.060956685033123520e-08,-4.588918159572721491e-08,9.607463405910340555e-08,2.033259670094282606e-07
2.853333333333333499e+00,3.191849666147059991e-09,1.149945041579564799e-08,-1.771982369389046474e-08,-3.948543703733296676e-08,8.275681342718203627e-08,1.753533382906713240e-07
2.860000000000000320e+00,2.738906136170793770e-09,9.869174345700109096e-09,-1.522302120268949524e-08,-3.394788859433281510e-08,7.122714026002315165e-08,1.511051132768675833e-07
2.866666666666667140e+00,2.348359486431206121e-09,8.463245065080734015e-09,-1.306749763145437190e-08,-2.916332124218718827e-08,6.125382537441277020e-08,1.301030476658850473e-07
2.873333333333333961e+00,2.011888449963001545e-09,7.251778864009145744e-09,-1.120813434880404985e-08,-2.503276380665532716e-08,5.263396846590849045e-08,1.119278653139440481e-07
2.880000000000000782e+00,1.722242416696234498e-09,6.208731924571969309e-09,-9.605561223023833717e-09,-2.146977235917573164e-08,4.519011419516905645e-08,9.621231573398694348e-08
2.886666666666666714e+00,1.473109088051655655e-09,5.311426385667888018e-09,-8.225453981394130526e-09,-1.839891051956367292e-08,3.876719827187586679e-08,8.263500618005140508e-08
2.893333333333333535e+00,1.258997763361453606e-09,4.540132287344395975e-09,-7.037913479438869563e-09,-1.575440535452914737e-08,3.322984198297532898e-08,7.091492728513567859e-08
2.900000000000000355e+00,1.075136506577294993e-09,3.877699146591867912e-09,-6.016917845317991137e-09,-1.347895970951838205e-08,2.845995771912682400e-08,6.080659904159480791e-08
2.906666666666667176e+00,9.173816260440451295e-10,3.309231572293475626e-09,-5.139839396925971976e-09,-1.152270376246411865e-08,2.435463179233857753e-08,5.209577105666427597e-08
2.913333333333333997e+00,7.821380664901609242e-10,2.821803919183888723e-09,-4.387019073126880656e-09,-9.842270357260638085e-09,2.082425423746306621e-08,4.459561753129258000e-08
2.920000000000000817e+00,6.662894623912249389e-10,2.404209514761966706e-09,-3.741391883450050126e-09,-8.399980277162718993e-09,1.779086837740547028e-08,3.814337334538105511e-08
2.926666666666666750e+00,5.671367369587749622e-10,2.046740474278897911e-09,-3.188157569449512968e-09,-7.163125067828200922e-09,1.518671573178186332e-08,3.259736303140355849e-08
2.933333333333333570e+00,4.823442525375691808e-10,1.740994551936083644e-09,-2.714491292249223157e-09,-6.103336329391570740e-09,1.295295438491989750e-08,2.783437932321267299e-08
2.940000000000000391e+00,4.098926274001024191e-10,1.479705865658328582e-09,-2.309289720528759478e-09,-5.196031578853148308e-09,1.103853122351896487e-08,2.374737241706448830e-08
2.946666666666667211e+00,3.480374319478699259e-10,1.256596682291402255e-09,-1.962948396871448278e-09,-4.419927849394156577e-09,9.399190527465959665e-09,2.024341511445651942e-08
2.953333333333334032e+00,2.952730652121142965e-10,1.066247763516542959e-09,-1.667166713091659058e-09,-3.756615152345765832e-09,7.996603268278384195e-09,1.724191266580561751e-08
2.960000000000000853e+00,2.503011912534780477e-10,9.039850535808510907e-10,-1.414777231571794347e-09,-3.190182790023321178e-09,6.797603156086455278e-09,1.467302943251049883e-08
2.966666666666666785e+00,2.120031854702343824e-10,7.657807412302469115e-10,-1.199596454086021155e-09,-2.706892282313875398e-09,5.773516994331670415e-09,1.247630746253454567e-08
2.973333333333333606e+00,1.794161037435144393e-10,6.481669528542485415e-10,-1.016294466028202199e-09,-2.294891364904140834e-09,4.899578266576343386e-09,1.059945475917177998e-08
2.980000000000000426e+00,1.517117435103174371e-10,5.481605344167029434e-10,-8.602811760269204456e-10,-1.943964139828339976e-09,4.154414105944679048e-09,8.997283439956473545e-09
2.986666666666667247e+00,1.281784159314911249e-10,4.631975586327576124e-10,-7.276071319447397409e-10,-1.645313016457704895e-09,3.519596897609369416e-09,7.630780156656131347e-09
2.993333333333334068e+00,1.082050929228429818e-10,3.910763532273620845e-10,-6.148771272597957714e-10,-1.391368579427904524e-09,2.979252750223486079e-09,6.466293100037062413e-09
3.000000000000000888e+00,9.126763249830560973e-11,3.299079879465890025e-10,-5.191750195878212823e-10,-1.175623965054953229e-09,2.519719954132898790e-09,5.474821664979879860e-09
3.006666666666666821e+00,7.691682113887147360e-11,2.780732840818435874e-10,-4.379983681481703568e-10,-9.924907247739399922e-10,2.129251332541431155e-09,4.631396421298581464e-09
3.013333333333333641e+00,6.476800320711844222e-11,2.341855222343530705e-10,-3.692016616072126837e-10,-8.371735078365657048e-10,1.797755095647226200e-09,3.914538440509501162e-09
3.020000000000000462e+00,5.449209518873209892e-11,1.970581233662129403e-10,-3.109470540354804796e-10,-7.055612102835359087e-10,1.516569435445970634e-09,3.305788284609844680e-09
3.026666666666667282e+00,4.580780713408038934e-11,1.656766661875763269e-10,-2.616616565865169408e-10,-5.941325170316880679e-10,1.278266657996558819e-09,2.789296084132945257e-09
3.033333333333334103e+00,3.847491543296015976e-11,1.391746818217327528e-10,-2.200005476628025077e-10,-4.998740123840161348e-10,1.076483147382577782e-09,2.351465132581435442e-09
3.040000000000000036e+00,3.228845028932019960e-11,1.168127355576961974e-10,-1.848147663313024607e-10,-4.202092546482109732e-10,9.057718976679285117e-10,1.980642314879013225e-09
3.046666666666666856e+00,2.707367824502176737e-11,9.796036632305456899e-11,-1.551236439920728308e-10,-3.529374057919958061e-10,7.614747415484184957e-10,1.666849479734126209e-09
3.053333333333333677e+00,2.268177507989476443e-11,8.208050816982167746e-11,-1.300909090548727721e-10,-2.961801798440169806e-10,6.396117523222289883e-10,1.401550569790770496e-09
3.060000000000000497e+00,1.898609761175006817e-11,6.871606535533252461e-11,-1.090040697824408316e-10,-2.483360264804127080e-10,5.367856039300870927e-10,1.177449948252075639e-09
3.066666666666667318e+00,1.587897453406915606e-11,5.747835423021156800e-11,-9.125664254229692482e-11,-2.080406010950925193e-10,4.500989463904760115e-10,9.883179145554616332e-10
3.073333333333334139e+00,1.326894663956033363e-11,4.803716175389604760e-11,-7.633284739485324864e-11,-1.741326915951391896e-10,3.770830948040432795e-10,8.288398921297549822e-10
3.080000000000000071e+00,1.107839574464017023e-11,4.011220261617657928e-11,-6.379444106283569432e-11,-1.456248769529589636e-10,3.156365426754128636e-10,6.944862050355320577e-10
3.086666666666666892e+00,9.241509496191653172e-12,3.346578516139251316e-11,-5.326939961819981177e-11,-1.216782847654529362e-10,2.639719977066114934e-10,5.813997434853715830e-10
3.093333333333333712e+00,7.702536135358173127e-12,2.789652104637710579e-11,-4.444220035265706811e-11,-1.015808961358023383e-10,2.205708032472866511e-10,4.862991563656662220e-10
3.100000000000000533e+00,6.414289327514430082e-12,2.323393522081342518e-11,-3.704548486090832170e-11,-8.472891737554907396e-11,1.841437537502942894e-10,4.063955068928598815e-10
3.106666666666667354e+00,5.336868444311742644e-12,1.933385176176239346e-11,-3.085291389231067835e-11,-7.061080045939148944e-11,1.535974401251091680e-10,3.393205898910180906e-10
3.113333333333334174e+00,4.436564293017779242e-12,1.607444764523339705e-11,-2.567304949009869296e-11,-5.879354886703814648e-11,1.280053728185339351e-10,2.830653398756554278e-10
3.120000000000000107e+00,3.684924310381657578e-12,1.335288098335236183e-11,-2.134412175876328422e-11,-4.891099332052830006e-11,1.065832285819074965e-10,2.359269617580211563e-10
3.126666666666666927e+00,3.057954744045299463e-12,1.108241285028394172e-11,-1.772955665448285436e-11,-4.065376377780002777e-11,8.866765281323299445e-11,1.964635937562156883e-10
3.133333333333333748e+00,2.535440397089332549e-12,9.189952789049234998e-12,-1.471415781345362043e-11,-3.376072059119431735e-11,7.369812452415216288e-11,1.634554678860006996e-10
3.140000000000000568e+00,2.100365166406541691e-12,7.613967634367452448e-12,-1.220084991386796247e-11,-2.801163962031094996e-11,6.120145665141444502e-11,1.358716697686250065e-10
3.146666666666667389e+00,1.738418912530705199e-12,6.302701580161516442e-12,-1.010790367077728687e-11,-2.322097386770320634e-11,5.077856174516559125e-11,1.128417187211760773e-10
3.153333333333334210e+00,1.437578200836290899e-12,5.212662620309723182e-12,-8.366573520678864599e-12,-1.923253838451858403e-11,4.209316302986330468e-11,9.363129322212896921e-11
3.160000000000000142e+00,1.187750190046795170e-12,4.307336735129883830e-12,-6.919088569015747460e-12,-1.591498621500272911e-11,3.486217434190760761e-11,7.762151768059985492e-11
3.166666666666666963e+00,9.804704475537884466e-13,3.556096605123918020e-12,-5.716945629511659639e-12,-1.315796140597354034e-11,2.884751029310376929e-11,6.429130558936674439e-11
3.173333333333333783e+00,8.086467718971741829e-13,2.933276314325452397e-12,-4.719460338634619533e-12,-1.086883094621245548e-11,2.384912089152855272e-11,5.320232303413502116e-11
3.180000000000000604e+00,6.663422270244137180e-13,2.417387551908596743e-12,-3.892538521729787340e-12,-8.969911226558667167e-12,1.969907339034938268e-11,4.398619642698598197e-11
3.186666666666667425e+00,5.485915635696975900e-13,1.990456314816356408e-12,-3.207635342817952222e-12,-7.396116493251426568e-12,1.625652887699123796e-11,3.633364034682736983e-11
3.193333333333333357e+00,4.512460394801636622e-13,1.637462128203216721e-12,-2.640874396059704907e-12,-6.092967041298003764e-12,1.340348254126930171e-11,2.998522649009005825e-11
3.200000000000000178e+00,3.708423734703161794e-13,1.345864397648254229e-12,-2.172302888486681870e-12,-5.014903769167344448e-12,1.104115509554780312e-11,2.472355383081927558e-11
3.206666666666666998e+00,3.044921854038840377e-13,1.105202742659613530e-12,-1.785262504090273871e-12,-4.123863373273670113e-12,9.086938835251907461e-12,2.036661392713248700e-11
3.213333333333333819e+00,2.497888112329562619e-13,9.067600832551487239e-13,-1.465858501632072099e-12,-3.388075060326826708e-12,7.471815651303842508e-12,1.676217456514892965e-11
3.220000000000000639e+00,2.047288383007037016e-13,7.432789025160586655e-13,-1.202512146323139487e-12,-2.781045337567507999e-12,6.138176224161762961e-12,1.378303019456993188e-11
3.226666666666667460e+00,1.676460998612585447e-13,6.087225247099366770e-13,-9.855837644490692367e-13,-2.280702327463228647e-12,5.037979893372025358e-12,1.132298940222585383e-11
3.233333333333333393e+00,1.371562044883312496e-13,4.980744628536545160e-13,-8.070555886151591945e-13,-1.868675251393318851e-12,4.131203526689313263e-12,9.293488447006435109e-12
3.240000000000000213e+00,1.121099643704993110e-13,4.071699292512792868e-13,-6.602651718129848927e-13,-1.529688329320965702e-12,3.384535300892814798e-12,7.620736040761173130e-12
3.246666666666667034e+00,9.155433304497757455e-14,3.325544917589475896e-13,-5.396815277337681597e-13,-1.251051430552469875e-12,2.770275819980171047e-12,6.243308453938552122e-12
3.253333333333333854e+00,7.469967373107115334e-14,2.713656182590814625e-13,-4.407173346241913304e-13,-1.022232454989201033e-12,2.265414581474895945e-12,5.110125956629409778e-12
3.260000000000000675e+00,6.089235913853191827e-14,2.212335002353148688e-13,-3.595715482257482123e-13,-8.344986861092257317e-13,1.850854585238393448e-12,4.178751841027743550e-12
3.266666666666667496e+00,4.959185681392764236e-14,1.801980991496134405e-13,-2.930976299973247576e-13,-6.806162894965964593e-13,1.510761971932715178e-12,3.413964041587025527e-12
3.273333333333333428e+00,4.035158452640468439e-14,1.466398301272987867e-13,-2.386933307059616554e-13,-5.545987802047980069e-13,1.232021076081171559e-12,2.786556875694427420e-12
3.280000000000000249e+00,3.280293114329573674e-14,1.192216979921046061e-13,-1.942085945830250076e-13,-4.514966885450383481e-13,1.003778264730873797e-12,2.272336845466631188e-12
3.286666666666667069e+00,2.664193271747699851e-14,9.684104108657573242e-14,-1.578686811313152421e-13,-3.672218515774171531e-13,8.170604791109000602e-13,1.851281922116122505e-12
3.293333333333333890e+00,2.161817352394610407e-14,7.858932728577465500e-14,-1.282100537487288628e-13,-2.984007764948303905e-13,6.644565657594001026e-13,1.506838409837644035e-12
3.300000000000000711e+00,1.752554962630035303e-14,6.371869167063742102e-14,-1.040269681674812313e-13,-2.422523879714654010e-13,5.398513292461709482e-13,1.225333470234088008e-12
3.306666666666667531e+00,1.419459001512920454e-14,5.161411292338433153e-14,-8.432701924651056913e-14,-1.964862065856730985e-13,4.382038073491896137e-13,9.954847794280065127e-13
3.313333333333333464e+00,1.148607897667920567e-14,4.177030118049370163e-14,-6.829418045485515020e-14,-1.592176287163348764e-13,3.553626014431459254e-13,8.079916732375230083e-13
3.320000000000000284e+00,9.285764439186756619e-15,3.377251857922015917e-14,-5.525810379340686783e-14,-1.288975062687731582e-13,2.879122244414728012e-13,6.551945844862933336e-13
3.326666666666667105e+00,7.499971734450234110e-15,2.728067913049230043e-14,-4.466864522420355722e-14,-1.042536713069587653e-13,2.330453855835093733e-13,5.307916538543227310e-13
3.333333333333333925e+00,6.051971468803617632e-15,2.201618032564082906e-14,-3.607474731024338253e-14,-8.424242824303153016e-14,1.884569411708545502e-13,4.296031560258701639e-13
3.340000000000000746e+00,4.878974845408430755e-15,1.775100801198488769e-14,-2.910695133571193980e-14,-6.800835501972928963e-14,1.522559249046245151e-13,3.473758729710497738e-13
3.346666666666667567e+00,3.929650522573723558e-15,1.429873109252486542e-14,-2.346292962640047787e-14,-5.485102357794147356e-14,1.228926495008622945e-13,2.806208061076682687e-13
3.353333333333333499e+00,3.162074530669154515e-15,1.150706568328285514e-14,-1.889552849525917381e-14,-4.419747640387781019e-14,9.909835880603178895e-14,2.264786832042822602e-13
3.360000000000000320e+00,2.542039414024782038e-15,9.251741342405926847e-15,-1.520289607429740035e-14,-3.557948656340600089e-14,7.983532041121955893e-14,1.826086136371383482e-13
3.366666666666667140e+00,2.041661048546373047e-15,7.431446436834919202e-15,-1.222033971100598634e-14,-2.861478886739978971e-14,6.425559448095609321e-14,1.470960021733217272e-13
3.373333333333333961e+00,1.638231879768415341e-15,5.963666968190188098e-15,-9.813616689249640348e-15,-2.299160436607547844e-14,5.166700515579481470e-14,1.183764683200966335e-13
3.380000000000000782e+00,1.313277942966347045e-15,4.781264370936215306e-15,-7.873411552271633835e-15,-1.845589323574768831e-14,4.150508496265107696e-14,9.517305379862690152e-14
3.386666666666666714e+00,1.051784232261405993e-15,3.829663882015430044e-15,-6.310794762440610282e-15,-1.480086569126885853e-14,3.330996741011240012e-14,7.644445049905439308e-14
3.393333333333333535e+00,8.415590041601499791e-16,3.064546874191934908e-15,-5.053492103282483771e-15,-1.185835971119391862e-14,2.670737450727505505e-14,6.134235865598378465e-14
3.400000000000000355e+00,6.727126227660693339e-16,2.449958732296793284e-15,-4.042823193623204913e-15,-9.491760541360468865e-15,2.139298954409371699e-14,4.917640125715804290e-14
3.406666666666667176e+00,5.372307395502529639e-16,1.956759012814312210e-15,-3.231191654410500861e-15,-7.590192212790171814e-15,1.711962553422943050e-14,3.938528546506264729e-14
3.413333333333333997e+00,4.286250855465750703e-16,1.561353252582284528e-15,-2.580029617464855367e-15,-6.063757419402449913e-15,1.368669999546075760e-14,3.151312323401189156e-14
3.420000000000000817e+00,3.416480523175834055e-16,1.244656294652553187e-15,-2.058116043112226198e-15,-4.839640526381980760e-15,1.093161039755483341e-14,2.519000824111168448e-14
3.426666666666666750e+00,2.720596461313979596e-16,9.912457261776654633e-16,-1.640202269209144553e-15,-3.858920466839955656e-15,8.722674320860462071e-15,2.011610055360902319e-14
3.433333333333333570e+00,2.164373983117447719e-16,7.886712668908863008e-16,-1.305889809599482539e-15,-3.073966882458204081e-15,6.953356400349677293e-15,1.604859905848557784e-14
3.440000000000000391e+00,1.720214715472005249e-16,6.268919529031279990e-16,-1.038715044188108448e-15,-2.446314956800515064e-15,5.537552383829768024e-15,1.279108874458865990e-14
3.446666666666667211e+00,1.365885740133516258e-16,4.978179352060846345e-16,-8.254034220626952892e-16,-1.944932720924604674e-15,4.405740712803530747e-15,1.018483896166326455e-14
3.453333333333334032e+00,1.083494281880371032e-16,3.949378281441964969e-16,-6.552624073865744062e-16,-1.544809803824209907e-15,3.501845288056120074e-15,8.101702738638373407e-15
3.460000000000000853e+00,8.586547916330887131e-17,3.130159447754134170e-16,-5.196878647206105726e-16,-1.225809178507642646e-15,2.780680641707113870e-15,6.438328610063664321e-15
3.466666666666666785e+00,6.798130146882462585e-17,2.478465643776672882e-16,-4.117630982182596723e-16,-9.717338567481704055e-16,2.205873552986590153e-15,5.111447261860106760e-15
3.473333333333333606e+00,5.376980180472908554e-17,1.960546933527550827e-16,-3.259334884964357154e-16,-7.695690787638085840e-16,1.748174012216353656e-15,4.054037416756347898e-15
3.480000000000000426e+00,4.248784089771724697e-17,1.549346886778347864e-16,-2.577427461535476750e-16,-6.088676351208859358e-16,1.384084022461500497e-15,3.212210203532042416e-15
3.486666666666667247e+00,3.354033032219434336e-17,1.223196830628323536e-16,-2.036193338744670555e-16,-4.812518031914266747e-16,1.094745587853477228e-15,2.542680020942111857e-15
3.493333333333334068e+00,2.645121569850286380e-17,9.647604152866167798e-17,-1.607036931511279644e-16,-3.800101931857779372e-16,8.650398365756777544e-16,2.010713644030054913e-15
3.500000000000000888e+00,2.084004960035399380e-17,7.601813881486264881e-17,-1.267086245316639234e-16,-2.997717571113056676e-16,6.828579526715929162e-16,1.588468885145951650e-15
3.506666666666666821e+00,1.640309690747670625e-17,5.983961620857179579e-17,-9.980657656790706348e-17,-2.362424660682588904e-16,5.385117671657930874e-16,1.253650229762654361e-15
3.513333333333333641e+00,1.289811146135851496e-17,4.705798853384077132e-17,-7.853875188747685150e-17,-1.859928301651494595e-16,4.242577542154513785e-16,9.884221141370039287e-16
3.520000000000000462e+00,1.013208337201383216e-17,3.697005488780976960e-17,-6.174188355432741531e-17,-1.462866231917586096e-16,3.339130154741179627e-16,7.785313939449966504e-16
3.526666666666667282e+00,7.951387512641224697e-18,2.901604321431198309e-17,-4.848930795430124970e-17,-1.149429657481152866e-16,2.625458009448070344e-16,6.125994824413964398e-16
3.533333333333334103e+00,6.233870859544535239e-18,2.275080794409935013e-17,-3.804359234867895524e-17,-9.022538595898714749e-17,2.062263610433727163e-16,4.815519556599597005e-16
3.540000000000000924e+00,4.882503707065102117e-18,1.782071737525045106e-17,-2.981849118940558215e-17,-7.075267425135271166e-17,1.618265796890427489e-16,3.781594144332161328e-16
3.546666666666666856e+00,3.820290974349577691e-18,1.394512614328970350e-17,-2.334842609977587700e-17,-5.542732590016275967e-17,1.268590072922097340e-16,2.966682935790610977e-16
3.553333333333333677e+00,2.986197757417436346e-18,1.090153868733067648e-17,-1.826402726022030338e-17,-4.337816174149833877e-17,9.934768252703174903e-17,2.325043118834646689e-16
3.560000000000000497e+00,2.331890380987782613e-18,8.513740819691042439e-18,-1.427255294129696703e-17,-3.391436624617928961e-17,7.772457456221967926e-17,1.820345231371922109e-16
3.566666666666667318e+00,1.819132454491150687e-18,6.642315555413966303e-18,-1.114223073020356556e-17,-2.648870991296555681e-17,6.074665216619861069e-17,1.423765910286560633e-16
3.573333333333334139e+00,1.417706464831563452e-18,5.177072169364675175e-18,-8.689748165488979173e-18,-2.066815178031966165e-17,4.742954153523159033e-17,1.112460784344059143e-16
3.580000000000000071e+00,1.103756580686414306e-18,4.031008872467297802e-18,-6.770269877021271925e-18,-1.611036592623323911e-17,3.699451089193737187e-17,8.683430455874365087e-17
3.586666666666666892e+00,8.584686935974915756e-19,3.135503508491492359e-18,-5.269479361232647159e-18,-1.254501802594617709e-17,2.882614978696015741e-17,6.771075544868317258e-17
3.593333333333333712e+00,6.670201749486947731e-19,2.436486519630520265e-18,-4.097241476860309757e-18,-9.758846579078708605e-18,2.243862161804363097e-17,5.274519542981140317e-17
3.600000000000000533e+00,5.177451166139544148e-19,1.891398769961019375e-18,-3.182560936408561654e-18,-7.583788297984964805e-18,1.744878129300062560e-17,4.104556883919492412e-17
3.606666666666667354e+00,4.014715436365263048e-19,1.466775819800124334e-18,-2.469576017280343357e-18,-5.887536542942704528e-18,1.355478432426348433e-17,3.190854393810429649e-17
3.613333333333334174e+00,3.109957265317963438e-19,1.136331679652595553e-18,-1.914378300111242906e-18,-4.566042274142672764e-18,1.051908376613889656e-17,2.478016751850015617e-17
3.620000000000000107e+00,2.406656750877602360e-19,8.794403804085525163e-19,-1.482490805026335025e-18,-3.537564212589668717e-18,8.154929388638578194e-18,1.922459681886217039e-17
3.626666666666666927e+00,1.860514873076918264e-19,6.799340486446539735e-19,-1.146870348639462950e-18,-2.737953200800843537e-18,6.315659191160819983e-18,1.489927726744850744e-17
3.633333333333333748e+00,1.436847183732935205e-19,5.251525246135012916e-19,-8.863268385674168861e-19,-2.116918742462116246e-18,4.886214834553437104e-18,1.153525848775916060e-17
3.640000000000000568e+00,1.108525378097052459e-19,4.051926787409111308e-19,-6.842738196653103334e-19,-1.635076315178948309e-18,3.776426353287611440e-18,8.921601769630775006e-18
3.646666666666667389e+00,8.543533074794356012e-20,3.123160968550050635e-19,-5.277419108777631345e-19,-1.261614677240376423e-18,2.915702918170049191e-18,6.893041903632981137e-18
3.653333333333334210e+00,6.577871084794038043e-20,2.404822224185190671e-19,-4.066006533429550566e-19,-9.724549624419508139e-19,2.248839771384998180e-18,5.320234709081908869e-18
3.660000000000000142e+00,5.059276092131374866e-20,1.849807762042128496e-19,-3.129454009816217837e-19,-7.487994437412795109e-19,1.732710250564480280e-18,4.102056722982971389e-18
3.666666666666666963e+00,3.887279374368873352e-20,1.421426517810875872e-19,-2.406147675018393227e-19,-5.759887150776600149e-19,1.333658892639870588e-18,3.159531817614508414e-18
3.673333333333333783e+00,2.983710353277646687e-20,1.091127764983781235e-19,-1.848112373445508167e-19,-4.426027161326325381e-19,1.025449255493497134e-18,2.431046209300670020e-18
3.680000000000000604e+00,2.287811737744462005e-20,8.367184809457930678e-20,-1.418032065907438101e-19,-3.397543346882599398e-19,7.876501696741440294e-19,1.868582641687815527e-18
3.686666666666667425e+00,1.752410326216783690e-20,6.409658031185138913e-20,-1.086912285211970979e-19,-2.605349328683998021e-19,6.043681298870491558e-19,1.434759892434619687e-18
3.693333333333334245e+00,1.340918561799048128e-20,4.905025664582793487e-20,-8.322482698000060124e-20,-1.995795944029859952e-19,4.632526628371094334e-19,1.100507921744969297e-18
3.700000000000000178e+00,1.024989136892055721e-20,3.749711181157588676e-20,-6.365909354722185416e-20,-1.527266125341262870e-19,3.547167355789539084e-19,8.432441786044226818e-19
3.706666666666666998e+00,7.826823959194024980e-21,2.863542568484090937e-20,-4.864255001642812856e-20,-1.167510797407753726e-19,2.713263779993321997e-19,6.454445964722689392e-19
3.713333333333333819e+00,5.970359656581292466e-21,2.184529653238224493e-20,-3.712955470367516534e-20,-8.915667996848393395e-20,2.073233119867712097e-19,4.935250844069963901e-19
3.720000000000000639e+00,4.549495388938106029e-21,1.664791703006467425e-20,-2.831195494751830078e-20,-6.801314507779723588e-20,1.582520117823167184e-19,3.769670086743296099e-19
3.726666666666667460e+00,3.463163164084983978e-21,1.267385405991935400e-20,-2.156581502529814043e-20,-5.182949878662210069e-20,1.206686685253060192e-19,2.876341916172153667e-19
3.733333333333333393e+00,2.633472870944717308e-21,9.638368456216733240e-21,-1.640993954000990626e-20,-3.945531665635455691e-20,9.191432017176697452e-20,2.192400724148856248e-19
3.740000000000000213e+00,2.000461037619227903e-21,7.322233153749390429e-21,-1.247361576896349448e-20,-3.000389403834125185e-20,6.993819407932466946e-20,1.669324733526545173e-19
3.746666666666667034e+00,1.518014362794056772e-21,5.556841018445014981e-21,-9.471553300544701117e-21,-2.279252662273422858e-20,5.316029991276342686e-20,1.269703710342479541e-19
3.753333333333333854e+00,1.150708659563652779e-21,4.212655665253860156e-21,-7.184436414955747167e-21,-1.729614305432257976e-20,4.036466968317869807e-20,9.647256439499187715e-20
3.760000000000000675e+00,8.713603241642198113e-22,3.190264619459673027e-21,-5.443848668706773491e-21,-1.311134390307619428e-20,3.061650079795386084e-20,7.322246331152539884e-20
3.766666666666667496e+00,6.591317962709792617e-22,2.413456028805647487e-21,-4.120599552725086869e-21,-9.928542141082166780e-21,2.319792130332065369e-20,5.551663432606777779e-20
3.773333333333333428e+00,4.980672738029579651e-22,1.823867122359830185e-21,-3.115695412655226777e-21,-7.510403746596901074e-21,1.755824697725872170e-20,4.204742547221660971e-20
3.780000000000000249e+00,3.759622122576876226e-22,1.376852134248518370e-21,-2.353363337036383485e-21,-5.675182134634232151e-21,1.327550341857603943e-20,3.181210295090907068e-20
3.786666666666667069e+00,2.834914813814268552e-22,1.038295318358289259e-21,-1.775667166070938535e-21,-4.283849782570621610e-21,1.002669498838699974e-20,2.404258953920557913e-20
3.793333333333333890e+00,2.135377386479127134e-22,7.821555986726888832e-22,-1.338356847344570648e-21,-3.230172865142551068e-21,7.564857745425073657e-21,1.815119411055139839e-20
3.800000000000000711e+00,1.606746104974893794e-22,5.885769797197113549e-22,-1.007672145338050068e-21,-2.433064311367345752e-21,5.701368090752895773e-21,1.368873951118479646e-20
3.806666666666667531e+00,1.207694376480284249e-22,4.424359609615614637e-22,-7.578839964537281630e-22,-1.830698795928980533e-21,4.292318549917003545e-21,1.031229238761466803e-20
3.813333333333333464e+00,9.067826135372497474e-23,3.322261245491323266e-22,-5.694053716133996905e-22,-1.375988729502671289e-21,3.228037372491975862e-21,7.760320881804953981e-21
3.820000000000000284e+00,6.801189192326228493e-23,2.492025806359264773e-22,-4.273413406646148756e-22,-1.033110365851086574e-21,2.425035502188934218e-21,5.833591871635460961e-21
3.826666666666667105e+00,5.095669299448419684e-23,1.867264591910466427e-22,-3.203774670794095623e-22,-7.748392442706300947e-22,1.819825627397587258e-21,4.380498161396746283e-21
3.833333333333333925e+00,3.813743620715706467e-23,1.397632312213996319e-22,-2.399285355904785706e-22,-5.805086920279647084e-22,1.364183419886077580e-21,3.285800961945210287e-21
3.840000000000000746e+00,2.851246708191316142e-23,1.044991871187049616e-22,-1.794873710986259460e-22,-4.344474431398451933e-22,1.021518529968179869e-21,2.462002414694042932e-21
3.846666666666667567e+00,2.129365889180613167e-23,7.804857003247572882e-23,-1.341272738707088762e-22,-3.247852684901187324e-22,7.640985661284935599e-22,1.842741155782091933e-21
3.853333333333333499e+00,1.588536158553423397e-23,5.823018520768514554e-23,-1.001222575927813254e-22,-2.425409572633701962e-22,5.709279543843467661e-22,1.377742239652008493e-21
3.860000000000000320e+00,1.183789022223220955e-23,4.339719409379182685e-23,-7.465752409476765679e-23,-1.809266828775206138e-22,4.261290110549105425e-22,1.028959960130903461e-21
3.866666666666667140e+00,8.812129920659900170e-24,3.230757612302741685e-23,-5.560898085991241348e-23,-1.348180105350599465e-22,3.177077141775761424e-22,7.676351191858320065e-22
3.873333333333333961e+00,6.552630582930211874e-24,2.402565179894665523e-23,-4.137552533324463036e-23,-1.003505588058281180e-22,2.366138207456456192e-22,5.720524888999574308e-22
3.880000000000000782e+00,4.867177986612956998e-24,1.784730303352201673e-23,-3.075161109640948167e-23,-7.461339405870719590e-23,1.760259407491271428e-22,4.258337980738865214e-22
3.886666666666667602e+00,3.611299725463172928e-24,1.324325203026987247e-23,-2.283052998543444886e-23,-5.541622099104508574e-23,1.308083401546688676e-22,3.166398311460671824e-22
3.893333333333333535e+00,2.676527117935182626e-24,9.816086067025172501e-24,-1.693108917247720016e-23,-4.111280678624049208e-23,9.709868914272958363e-23,2.351847078269298167e-22
3.900000000000000355e+00,1.981512562340973218e-24,7.267733511576950676e-24,-1.254208675573103425e-23,-3.046720692306379247e-23,7.199554277763310091e-23,1.744881032501280607e-22
3.906666666666667176e+00,1.465315235752055988e-24,5.374876968654381618e-24,-9.280312596876580953e-24,-2.255253149579521937e-23,5.332169360018845475e-23,1.293086134847925096e-22
3.913333333333333997e+00,1.082331469543239223e-24,3.970387275623590918e-24,-6.858815214502198904e-24,-1.667442217345237415e-23,3.944517698362440362e-23,9.571486698737212103e-23
3.920000000000000817e+00,7.984711456473524072e-25,2.929319379560318185e-24,-5.062951780569809829e-24,-1.231327190766849431e-23,2.914403347390963713e-23,7.076125659171266336e-23
3.926666666666666750e+00,5.882769631636228542e-25,2.158360542004229243e-24,-3.732331737782926707e-24,-9.080643769769096349e-24,2.150424164216875330e-23,5.224303683136842282e-23
3.933333333333333570e+00,4.327562990758067709e-25,1.587887959577077460e-24,-2.747217730735457136e-24,-6.686433403286997821e-24,1.584276491415003686e-23,3.851155265058966316e-23
3.940000000000000391e+00,3.177509207261830835e-25,1.165996104118941185e-24,-2.018293141051238285e-24,-4.914149783840403146e-24,1.164958743804281896e-23,2.833496622863371574e-23
3.946666666666667211e+00,2.327120685908809483e-25,8.540087469211828312e-25,-1.478968705646215319e-24,-3.602321522864881725e-24,8.544086740792628629e-24,2.079335890051812442e-23
3.953333333333334032e+00,1.697805374181904490e-25,6.231081533930065697e-25,-1.079600810215344148e-24,-2.630517128093765878e-24,6.242211933583147924e-24,1.519975913119308445e-23
3.960000000000000853e+00,1.230957334500717900e-25,4.518030635500984743e-25,-7.831459093344699930e-25,-1.908832952705387732e-24,4.531787870870505942e-24,1.104068041361340113e-23
3.966666666666666785e+00,8.827610321178368009e-26,3.240244960961536894e-25,-5.618904679850187257e-25,-1.369979202756981890e-24,3.253910979139616869e-24,7.931294432003486165e-24
3.973333333333333606e+00,6.202720788132556144e-26,2.276892239108396315e-25,-3.949824908297381583e-25,-9.633030576505446208e-25,2.288889562849983058e-24,5.581529138223791713e-24
3.980000000000000426e+00,4.184411221279755988e-26,1.536088284572294035e-25,-2.665556618804397880e-25,-6.502444210290326087e-25,1.545546797288182154e-24,3.770255362192148005e-24
3.986666666666667247e+00,2.578246188964217218e-26,9.465045309831969711e-26,-1.642852894907350225e-25,-4.008358944736535392e-25,9.529758304589818665e-25,2.325374616593433242e-24
3.993333333333334068e+00,1.227822552978711243e-26,4.507589013929334980e-26,-7.825029242009528546e-26,-1.909430221084153931e-25,4.540338206342638274e-25,1.108093354833944425e-24
4.000000000000000000e+00,0.000000000000000000e+00,0.000000000000000000e+00,-0.000000000000000000e+00,-0.000000000000000000e+00,0.000000000000000000e+00,0.000000000000000000e+00
